dataset_id,image_path,filename,label,group_id,plant_id,dataset_rel_path,label_source,view,width,height,aspect_ratio,mean_r,mean_g,mean_b,std_r,std_g,std_b,brightness,contrast,entropy,sharpness,dark_ratio,bright_ratio,sha256,split,source_status
DS-071,dataset/acquisition/acquired/DS-071/plants-2101397/Figure S1.png,Figure S1.png,figure_s1.png,DS-071|unknown_plant|figure_s1.png,unknown_plant,dataset/acquisition/acquired/DS-071/plants-2101397,path-derived,whole-plant,3300,6416,0.5143,128.9348,132.5123,95.864,83.4497,81.4558,75.11,123.5827,82.2259,6.587,448.2947,0.2357,0.0299,371600553ac63bde1eb68766bd6468d8e9a6f315b48fef48a06ea0c492376e92,train,public-reference-or-acquired
DS-071,dataset/acquisition/acquired/DS-071/plants-2101397/Figure S2.png,Figure S2.png,figure_s2.png,DS-071|unknown_plant|figure_s2.png,unknown_plant,dataset/acquisition/acquired/DS-071/plants-2101397,path-derived,whole-plant,830,759,1.0935,153.9141,151.7354,125.778,86.7829,85.6898,83.4547,149.3899,85.5019,6.2069,799.5931,0.168,0.2814,478d240a97259ba411ceb51c144d43068d2b4346d682b2086d20ba05440bdab0,train,public-reference-or-acquired
DS-071,dataset/acquisition/acquired/DS-071/plants-2101397/Figure S3.png,Figure S3.png,figure_s3.png,DS-071|unknown_plant|figure_s3.png,unknown_plant,dataset/acquisition/acquired/DS-071/plants-2101397,path-derived,whole-plant,1934,684,2.8275,112.3185,117.324,92.2042,89.0871,86.5228,83.0017,112.9608,86.7198,6.5106,594.5936,0.2547,0.1537,5f52b8b30b06ad80db2090b2655b2bde3134c0d37ca72757f32d36eef910a1f0,train,public-reference-or-acquired
DS-090,dataset/acquisition/acquired/DS-090/Hemp_growth/C1/ryb_C1_20241212_13_44.jpg,ryb_C1_20241212_13_44.jpg,growth_time_series,DS-090|C1|growth_time_series,C1,dataset/acquisition/acquired/DS-090/Hemp_growth/C1,path-derived,whole-plant,273,552,0.4946,249.8387,249.9573,250.1109,25.8685,25.6365,24.6841,249.4333,25.5776,0.7137,11.6815,0.0,0.9536,b21759b96c031a32c45f1115aeaa1b57913336974e4bea51fb3316f24a6a57d5,train,public-reference-or-acquired
DS-090,dataset/acquisition/acquired/DS-090/Hemp_growth/C1/ryb_C1_20241212_14_00.jpg,ryb_C1_20241212_14_00.jpg,growth_time_series,DS-090|C1|growth_time_series,C1,dataset/acquisition/acquired/DS-090/Hemp_growth/C1,path-derived,whole-plant,273,552,0.4946,249.899,249.9095,249.9771,25.595,25.6176,25.0336,249.4059,25.5287,0.6514,12.3268,0.0,0.9529,ef0d784e8e199e0dce60f31cb2d11e6b4aef6b0b1692dded1683223bcf550a47,train,public-reference-or-acquired
DS-090,dataset/acquisition/acquired/DS-090/Hemp_growth/C1/ryb_C1_20241212_15_00.jpg,ryb_C1_20241212_15_00.jpg,growth_time_series,DS-090|C1|growth_time_series,C1,dataset/acquisition/acquired/DS-090/Hemp_growth/C1,path-derived,whole-plant,273,552,0.4946,248.9354,248.8685,248.796,27.8251,28.0554,27.3302,248.4093,27.891,1.1186,11.6552,0.0,0.9509,db38785663b1921ac75954f4afac1cb54205f962a72161b4694aabd13352a59c,train,public-reference-or-acquired
DS-090,dataset/acquisition/acquired/DS-090/Hemp_growth/C1/ryb_C1_20241212_16_00.jpg,ryb_C1_20241212_16_00.jpg,growth_time_series,DS-090|C1|growth_time_series,C1,dataset/acquisition/acquired/DS-090/Hemp_growth/C1,path-derived,whole-plant,273,552,0.4946,249.3401,249.3966,249.6658,27.4136,27.2804,25.97,248.9015,27.16,0.6913,12.7516,0.0,0.9513,96ff82540257e5055974725ebbecc6d8dacb80ddae31c420c3da49b9bc4481a3,train,public-reference-or-acquired
DS-090,dataset/acquisition/acquired/DS-090/Hemp_growth/C1/ryb_C1_20241212_17_00.jpg,ryb_C1_20241212_17_00.jpg,growth_time_series,DS-090|C1|growth_time_series,C1,dataset/acquisition/acquired/DS-090/Hemp_growth/C1,path-derived,whole-plant,273,552,0.4946,249.0541,249.1251,249.2973,28.5298,28.2461,27.2675,248.6158,28.209,0.727,12.8844,0.0,0.9508,454b802ec82870615a847990f9f03d28be8ff9f0d26774950605071350580c28,train,public-reference-or-acquired
DS-090,dataset/acquisition/acquired/DS-090/Hemp_growth/C1/ryb_C1_20241213_08_00.jpg,ryb_C1_20241213_08_00.jpg,growth_time_series,DS-090|C1|growth_time_series,C1,dataset/acquisition/acquired/DS-090/Hemp_growth/C1,path-derived,whole-plant,273,552,0.4946,249.9138,249.9601,250.342,25.1537,25.0446,23.2638,249.4812,24.8586,0.6332,11.3244,0.0,0.9515,a95dd984b880381778dd53edd0ee222b161d1e207a05d2995cb70356bcceeaf2,train,public-reference-or-acquired
DS-090,dataset/acquisition/acquired/DS-090/Hemp_growth/C1/ryb_C1_20241213_09_00.jpg,ryb_C1_20241213_09_00.jpg,growth_time_series,DS-090|C1|growth_time_series,C1,dataset/acquisition/acquired/DS-090/Hemp_growth/C1,path-derived,whole-plant,273,552,0.4946,249.8848,249.9644,250.2074,25.2883,25.0236,23.8049,249.4585,24.9503,0.6344,12.535,0.0,0.9514,2e4adbef0531c8b9162514e2664dbc6cc4fc0bc5a196c4fe662ce810c61d6e0a,train,public-reference-or-acquired
DS-090,dataset/acquisition/acquired/DS-090/Hemp_growth/C1/ryb_C1_20241213_10_00.jpg,ryb_C1_20241213_10_00.jpg,growth_time_series,DS-090|C1|growth_time_series,C1,dataset/acquisition/acquired/DS-090/Hemp_growth/C1,path-derived,whole-plant,273,552,0.4946,250.0295,250.1526,250.5514,24.7887,24.3755,22.4668,249.6546,24.2659,0.6447,11.9223,0.0,0.952,f73ca91a834c67ef4d3aa6062f9a2cb72e7d674b0313677352a0d48a81cb1fd5,train,public-reference-or-acquired
DS-090,dataset/acquisition/acquired/DS-090/Hemp_growth/C1/ryb_C1_20241213_11_00.jpg,ryb_C1_20241213_11_00.jpg,growth_time_series,DS-090|C1|growth_time_series,C1,dataset/acquisition/acquired/DS-090/Hemp_growth/C1,path-derived,whole-plant,273,552,0.4946,249.9918,250.0754,250.289,24.8995,24.6387,23.5195,249.5634,24.5757,0.6346,12.0251,0.0,0.9517,2629c3c76498b88f080caa60e1a1d049d6ca8443417a0929c6d5d8d21612fb0c,train,public-reference-or-acquired
DS-090,dataset/acquisition/acquired/DS-090/Hemp_growth/C1/ryb_C1_20241213_12_00.jpg,ryb_C1_20241213_12_00.jpg,growth_time_series,DS-090|C1|growth_time_series,C1,dataset/acquisition/acquired/DS-090/Hemp_growth/C1,path-derived,whole-plant,273,552,0.4946,249.9075,249.9933,250.2174,25.3114,25.0207,23.9246,249.487,24.97,0.6893,12.417,0.0,0.9522,cf03e1eb211da70bcd478a1b03e10acf5529e23b8491a89a607a9da3b38cb32b,train,public-reference-or-acquired
DS-090,dataset/acquisition/acquired/DS-090/Hemp_growth/C1/ryb_C1_20241213_13_00.jpg,ryb_C1_20241213_13_00.jpg,growth_time_series,DS-090|C1|growth_time_series,C1,dataset/acquisition/acquired/DS-090/Hemp_growth/C1,path-derived,whole-plant,273,552,0.4946,249.7337,249.8172,249.9489,25.8514,25.5849,24.7319,249.298,25.5525,0.6493,12.9449,0.0,0.9511,0ea66c0f7738fc1aad7370ab0eb9f73cf9302b887dcaf422ac30630543f17561,train,public-reference-or-acquired
DS-090,dataset/acquisition/acquired/DS-090/Hemp_growth/C1/ryb_C1_20241213_14_00.jpg,ryb_C1_20241213_14_00.jpg,growth_time_series,DS-090|C1|growth_time_series,C1,dataset/acquisition/acquired/DS-090/Hemp_growth/C1,path-derived,whole-plant,273,552,0.4946,249.8633,249.914,249.9949,25.6699,25.5568,24.8492,249.3954,25.4956,0.6443,13.1946,0.0,0.9525,d3aba871f5e0f08389a7160db196d537d2d1c3538b58deebe696eb95deba1b38,train,public-reference-or-acquired
DS-090,dataset/acquisition/acquired/DS-090/Hemp_growth/C1/ryb_C1_20241213_15_00.jpg,ryb_C1_20241213_15_00.jpg,growth_time_series,DS-090|C1|growth_time_series,C1,dataset/acquisition/acquired/DS-090/Hemp_growth/C1,path-derived,whole-plant,273,552,0.4946,249.7761,249.8415,249.8955,25.8362,25.6755,25.1244,249.3133,25.6502,0.6499,12.6183,0.0,0.9518,3546a7756fd1ce9ac1fbcd59aa8885cd604e1181d82bfb85e8e22328ae8f68bd,train,public-reference-or-acquired
DS-090,dataset/acquisition/acquired/DS-090/Hemp_growth/C1/ryb_C1_20241213_16_00.jpg,ryb_C1_20241213_16_00.jpg,growth_time_series,DS-090|C1|growth_time_series,C1,dataset/acquisition/acquired/DS-090/Hemp_growth/C1,path-derived,whole-plant,273,552,0.4946,246.9058,247.3286,248.1661,30.5159,29.9743,28.4833,246.9257,29.9528,1.7976,11.0237,0.0,0.948,1f712b98133edb19de2237ba54837f5bea5547b8a2db964430f0f8b68a382139,train,public-reference-or-acquired
DS-090,dataset/acquisition/acquired/DS-090/Hemp_growth/C1/ryb_C1_20241213_17_00.jpg,ryb_C1_20241213_17_00.jpg,growth_time_series,DS-090|C1|growth_time_series,C1,dataset/acquisition/acquired/DS-090/Hemp_growth/C1,path-derived,whole-plant,273,552,0.4946,249.1654,249.1871,249.4253,28.0487,28.0291,26.8134,248.6978,27.8866,0.6838,13.6274,0.0,0.9504,973b91b33c1ac9a1ce8c9e0776fa4cce3d444aad575e5a5476cea5175875f083,train,public-reference-or-acquired
DS-090,dataset/acquisition/acquired/DS-090/Hemp_growth/C1/ryb_C1_20241214_08_00.jpg,ryb_C1_20241214_08_00.jpg,growth_time_series,DS-090|C1|growth_time_series,C1,dataset/acquisition/acquired/DS-090/Hemp_growth/C1,path-derived,whole-plant,273,552,0.4946,249.4071,249.6476,250.0969,26.8066,25.9603,23.9179,249.1173,25.9676,0.6848,14.1036,0.0,0.9496,be604d81cbb15bcd916ff854c790f6ae380b2ddba55f20c9fc8852302b81a4cf,train,public-reference-or-acquired
DS-090,dataset/acquisition/acquired/DS-090/Hemp_growth/C1/ryb_C1_20241214_09_00.jpg,ryb_C1_20241214_09_00.jpg,growth_time_series,DS-090|C1|growth_time_series,C1,dataset/acquisition/acquired/DS-090/Hemp_growth/C1,path-derived,whole-plant,273,552,0.4946,232.3146,236.3621,242.0156,37.0865,34.3072,30.2442,235.5857,34.5451,4.0043,10.0172,0.0,0.8236,2efd1b4bc7048ea9230b6442883c52883d3c59bd497e53b35e15760b9122f5ee,train,public-reference-or-acquired
DS-090,dataset/acquisition/acquired/DS-090/Hemp_growth/C1/ryb_C1_20241214_10_00.jpg,ryb_C1_20241214_10_00.jpg,growth_time_series,DS-090|C1|growth_time_series,C1,dataset/acquisition/acquired/DS-090/Hemp_growth/C1,path-derived,whole-plant,273,552,0.4946,248.4173,248.6143,249.2037,29.9162,29.3697,27.1927,248.1223,29.2721,0.8006,16.7916,0.0,0.9482,aa789157f5e9c3a26dcdfb8b7df6414579ef6df052ddd5886d754722d2d4cd7d,train,public-reference-or-acquired
DS-090,dataset/acquisition/acquired/DS-090/Hemp_growth/C1/ryb_C1_20241214_11_00.jpg,ryb_C1_20241214_11_00.jpg,growth_time_series,DS-090|C1|growth_time_series,C1,dataset/acquisition/acquired/DS-090/Hemp_growth/C1,path-derived,whole-plant,273,552,0.4946,249.1813,249.2417,249.4181,27.6236,27.4279,26.5428,248.7418,27.374,0.7476,15.6706,0.0,0.9501,1d4e926b5e6c48d9b84e7622709765cd16cf2591d52323d23908601e6ad0f5b9,train,public-reference-or-acquired
DS-090,dataset/acquisition/acquired/DS-090/Hemp_growth/C1/ryb_C1_20241214_12_00.jpg,ryb_C1_20241214_12_00.jpg,growth_time_series,DS-090|C1|growth_time_series,C1,dataset/acquisition/acquired/DS-090/Hemp_growth/C1,path-derived,whole-plant,273,552,0.4946,249.785,249.7915,249.8975,25.6039,25.6167,24.929,249.2977,25.5207,0.7283,13.9731,0.0,0.951,6a554b46e427ce73a85a4ea0a1ac95503260e5a0dd384ff4df3c203159d7b5d6,train,public-reference-or-acquired
DS-090,dataset/acquisition/acquired/DS-090/Hemp_growth/C1/ryb_C1_20241214_13_00.jpg,ryb_C1_20241214_13_00.jpg,growth_time_series,DS-090|C1|growth_time_series,C1,dataset/acquisition/acquired/DS-090/Hemp_growth/C1,path-derived,whole-plant,273,552,0.4946,250.3812,250.4485,250.5652,23.5638,23.4409,22.59,249.9323,23.3593,0.6653,13.4423,0.0,0.9542,77a3997e76cc5d0f6042513d59b9769b591042b58e74e50779eb1a5c89f4211c,train,public-reference-or-acquired
DS-090,dataset/acquisition/acquired/DS-090/Hemp_growth/C1/ryb_C1_20241214_14_00.jpg,ryb_C1_20241214_14_00.jpg,growth_time_series,DS-090|C1|growth_time_series,C1,dataset/acquisition/acquired/DS-090/Hemp_growth/C1,path-derived,whole-plant,273,552,0.4946,249.9566,250.0084,250.1125,25.2437,25.09,24.3615,249.4989,25.0383,0.6612,13.4697,0.0,0.9526,6b418fcf307b129efc46d6034a1f1ea78f738e1d46e74e19a77d93a28c8785c9,train,public-reference-or-acquired
DS-090,dataset/acquisition/acquired/DS-090/Hemp_growth/C1/ryb_C1_20241214_15_00.jpg,ryb_C1_20241214_15_00.jpg,growth_time_series,DS-090|C1|growth_time_series,C1,dataset/acquisition/acquired/DS-090/Hemp_growth/C1,path-derived,whole-plant,273,552,0.4946,249.1473,249.1852,249.3845,27.8545,27.7793,26.706,248.6963,27.671,0.7906,14.1406,0.0,0.9507,5018c46cd9e7d5a025d649ae10668424dac80af14017431988957362808591be,train,public-reference-or-acquired
DS-090,dataset/acquisition/acquired/DS-090/Hemp_growth/C1/ryb_C1_20241214_16_00.jpg,ryb_C1_20241214_16_00.jpg,growth_time_series,DS-090|C1|growth_time_series,C1,dataset/acquisition/acquired/DS-090/Hemp_growth/C1,path-derived,whole-plant,273,552,0.4946,248.9201,248.9889,249.2211,28.5631,28.4366,27.2674,248.49,28.3298,0.78,14.1158,0.0,0.9496,875f71af8407c3bc9648aaa26d7fca6dd621736159a173bfdc048a7bcb5b472b,train,public-reference-or-acquired
DS-090,dataset/acquisition/acquired/DS-090/Hemp_growth/C1/ryb_C1_20241214_17_00.jpg,ryb_C1_20241214_17_00.jpg,growth_time_series,DS-090|C1|growth_time_series,C1,dataset/acquisition/acquired/DS-090/Hemp_growth/C1,path-derived,whole-plant,273,552,0.4946,248.7651,249.0153,249.431,29.2176,28.4314,26.7085,248.4867,28.4569,0.7658,15.2069,0.0,0.9496,877b69fe9a168b1ebf0582fcde57ff24647531834194e5f0ca784ad4ab2a987d,train,public-reference-or-acquired
DS-090,dataset/acquisition/acquired/DS-090/Hemp_growth/C1/ryb_C1_20241215_08_00.jpg,ryb_C1_20241215_08_00.jpg,growth_time_series,DS-090|C1|growth_time_series,C1,dataset/acquisition/acquired/DS-090/Hemp_growth/C1,path-derived,whole-plant,273,552,0.4946,249.1495,249.5149,249.8479,27.5032,26.2133,24.6744,248.9369,26.4087,0.7318,16.1158,0.0,0.9485,40d7bd1ac517149fe25d0c5299d7e7ebb6c79b204f10d864f10ceed6333dd2e2,train,public-reference-or-acquired
DS-090,dataset/acquisition/acquired/DS-090/Hemp_growth/C1/ryb_C1_20241215_09_00.jpg,ryb_C1_20241215_09_00.jpg,growth_time_series,DS-090|C1|growth_time_series,C1,dataset/acquisition/acquired/DS-090/Hemp_growth/C1,path-derived,whole-plant,273,552,0.4946,236.7083,239.8578,245.3938,34.2533,32.0067,27.8771,239.314,32.0674,3.6901,10.802,0.0,0.8477,4325a19b8bf4b8d9464c71d30de25e8164cfa77b17ef0544f49b7e7a328db31a,train,public-reference-or-acquired
DS-090,dataset/acquisition/acquired/DS-090/Hemp_growth/C1/ryb_C1_20241215_10_00.jpg,ryb_C1_20241215_10_00.jpg,growth_time_series,DS-090|C1|growth_time_series,C1,dataset/acquisition/acquired/DS-090/Hemp_growth/C1,path-derived,whole-plant,273,552,0.4946,248.3818,248.4798,248.8657,29.8408,29.5869,28.0566,247.99,29.4789,0.8274,18.8302,0.0,0.9472,56c04bcf379d8fb1abe2f05c1c19d5e4421fd0fd56747b3109d7a5ff139ee079,train,public-reference-or-acquired
DS-090,dataset/acquisition/acquired/DS-090/Hemp_growth/C1/ryb_C1_20241215_11_00.jpg,ryb_C1_20241215_11_00.jpg,growth_time_series,DS-090|C1|growth_time_series,C1,dataset/acquisition/acquired/DS-090/Hemp_growth/C1,path-derived,whole-plant,273,552,0.4946,249.5829,249.7203,250.0031,26.1833,25.724,24.4077,249.207,25.6983,0.7288,15.3244,0.0,0.9504,d3bb6ad55efbf02580ae3c063746b841bb5c98020ea98ee9423e1928222f5cb5,train,public-reference-or-acquired
DS-090,dataset/acquisition/acquired/DS-090/Hemp_growth/C1/ryb_C1_20241215_12_00.jpg,ryb_C1_20241215_12_00.jpg,growth_time_series,DS-090|C1|growth_time_series,C1,dataset/acquisition/acquired/DS-090/Hemp_growth/C1,path-derived,whole-plant,273,552,0.4946,249.6489,249.7363,250.0477,25.857,25.6495,24.2194,249.2414,25.5326,0.7579,15.1739,0.0,0.9506,981ed94794068313a1dda984262a3b71e8f6be70498a6427691ee6db4073fe65,train,public-reference-or-acquired
DS-090,dataset/acquisition/acquired/DS-090/Hemp_growth/C1/ryb_C1_20241215_13_00.jpg,ryb_C1_20241215_13_00.jpg,growth_time_series,DS-090|C1|growth_time_series,C1,dataset/acquisition/acquired/DS-090/Hemp_growth/C1,path-derived,whole-plant,273,552,0.4946,249.4241,249.6031,249.7016,26.4719,26.2162,25.58,249.066,26.2002,0.8581,15.1847,0.0,0.9507,1fb7f81c595d738500dc913cdc7181413cbba10886b0e5b843d09276b1e4bc59,train,public-reference-or-acquired
DS-090,dataset/acquisition/acquired/DS-090/Hemp_growth/C1/ryb_C1_20241215_14_00.jpg,ryb_C1_20241215_14_00.jpg,growth_time_series,DS-090|C1|growth_time_series,C1,dataset/acquisition/acquired/DS-090/Hemp_growth/C1,path-derived,whole-plant,273,552,0.4946,248.7906,249.1189,249.5324,27.9442,27.2376,25.9604,248.5894,27.2858,1.0082,13.7051,0.0,0.95,fe30f54ce599626118f2e9e2fae34f0f2a8d1570c0d05f1a42ac49f205c91d2a,train,public-reference-or-acquired
DS-090,dataset/acquisition/acquired/DS-090/Hemp_growth/C1/ryb_C1_20241215_15_00.jpg,ryb_C1_20241215_15_00.jpg,growth_time_series,DS-090|C1|growth_time_series,C1,dataset/acquisition/acquired/DS-090/Hemp_growth/C1,path-derived,whole-plant,273,552,0.4946,246.6617,246.6337,247.1184,29.8611,29.864,28.6462,246.348,29.7123,1.9517,11.6393,0.0,0.9447,4bf07fa8aaf482e84ec84626fd7e60f3c0caf5dd000d671fa86e9377eb6ef759,train,public-reference-or-acquired
DS-090,dataset/acquisition/acquired/DS-090/Hemp_growth/C1/ryb_C1_20241215_16_00.jpg,ryb_C1_20241215_16_00.jpg,growth_time_series,DS-090|C1|growth_time_series,C1,dataset/acquisition/acquired/DS-090/Hemp_growth/C1,path-derived,whole-plant,273,552,0.4946,245.2579,245.595,246.7139,31.583,31.2785,29.6184,245.3208,31.1717,2.3335,13.6216,0.0,0.9402,bfb836e004bf13775e3d8adaec025d946ce2c7b361e3b5c4a1235ae861a6c013,train,public-reference-or-acquired
DS-090,dataset/acquisition/acquired/DS-090/Hemp_growth/C1/ryb_C1_20241216_10_00.jpg,ryb_C1_20241216_10_00.jpg,growth_time_series,DS-090|C1|growth_time_series,C1,dataset/acquisition/acquired/DS-090/Hemp_growth/C1,path-derived,whole-plant,273,552,0.4946,246.5631,246.9864,247.7521,34.1315,33.3663,31.0988,246.4692,33.3227,1.1806,26.8156,0.0,0.9401,fcb4d7a917b54bb6a4913d50b20a5831b2c530a107a4075e1947fd2bca6e0690,train,public-reference-or-acquired
DS-090,dataset/acquisition/acquired/DS-090/Hemp_growth/C1/ryb_C1_20241216_11_00.jpg,ryb_C1_20241216_11_00.jpg,growth_time_series,DS-090|C1|growth_time_series,C1,dataset/acquisition/acquired/DS-090/Hemp_growth/C1,path-derived,whole-plant,273,552,0.4946,248.1563,248.2822,248.6685,30.8134,30.3798,28.7446,247.7941,30.3117,0.8301,23.5808,0.0,0.9461,906bb14299128cd61045761511c537b5f62bd78b8060f1a886a219aba8a00058,train,public-reference-or-acquired
DS-090,dataset/acquisition/acquired/DS-090/Hemp_growth/C1/ryb_C1_20241216_12_00.jpg,ryb_C1_20241216_12_00.jpg,growth_time_series,DS-090|C1|growth_time_series,C1,dataset/acquisition/acquired/DS-090/Hemp_growth/C1,path-derived,whole-plant,273,552,0.4946,248.2948,248.3266,248.4735,30.1814,30.1183,29.1781,247.8402,30.0167,0.8687,22.8805,0.0,0.9456,f5995fc81bd2b5bb7b223454c6f392745179ea0a85543b6941e9dc9eb4409026,train,public-reference-or-acquired
DS-090,dataset/acquisition/acquired/DS-090/Hemp_growth/C1/ryb_C1_20241216_13_00.jpg,ryb_C1_20241216_13_00.jpg,growth_time_series,DS-090|C1|growth_time_series,C1,dataset/acquisition/acquired/DS-090/Hemp_growth/C1,path-derived,whole-plant,273,552,0.4946,248.2545,248.5008,248.5448,29.8705,29.4281,28.8676,247.9566,29.4774,1.0304,19.5678,0.0,0.947,b9804bd2e898a7f33ffa2f1e87e6a230e9e96838b00c1abd4fcf00348d2aef45,train,public-reference-or-acquired
DS-090,dataset/acquisition/acquired/DS-090/Hemp_growth/C1/ryb_C1_20241216_14_00.jpg,ryb_C1_20241216_14_00.jpg,growth_time_series,DS-090|C1|growth_time_series,C1,dataset/acquisition/acquired/DS-090/Hemp_growth/C1,path-derived,whole-plant,273,552,0.4946,248.18,248.3167,248.5628,29.9217,29.6536,28.6324,247.8353,29.6027,1.054,17.9072,0.0,0.9465,a49fdbda86d60c4ffbc5c81f951de1677abaa2ebbc56205471ffdde4551376b0,train,public-reference-or-acquired
DS-090,dataset/acquisition/acquired/DS-090/Hemp_growth/C1/ryb_C1_20241216_15_00.jpg,ryb_C1_20241216_15_00.jpg,growth_time_series,DS-090|C1|growth_time_series,C1,dataset/acquisition/acquired/DS-090/Hemp_growth/C1,path-derived,whole-plant,273,552,0.4946,245.1192,245.2825,246.0006,32.972,32.7699,31.4341,244.9711,32.6687,2.1509,16.0636,0.0,0.9375,a0fc76549e95a5df6d38b2857a39d5595fde5275e3a87545c038e41fcee54150,train,public-reference-or-acquired
DS-090,dataset/acquisition/acquired/DS-090/Hemp_growth/C1/ryb_C1_20241216_16_00.jpg,ryb_C1_20241216_16_00.jpg,growth_time_series,DS-090|C1|growth_time_series,C1,dataset/acquisition/acquired/DS-090/Hemp_growth/C1,path-derived,whole-plant,273,552,0.4946,240.6549,241.2823,243.3867,35.3444,34.99,33.0849,241.1934,34.8679,3.5889,18.2631,0.0,0.9131,c70a0b90c9d5e76bd0778e5e83d68c1cf08b395002544ba9d2576abfb852129d,train,public-reference-or-acquired
DS-090,dataset/acquisition/acquired/DS-090/Hemp_growth/C1/ryb_C1_20241216_17_00.jpg,ryb_C1_20241216_17_00.jpg,growth_time_series,DS-090|C1|growth_time_series,C1,dataset/acquisition/acquired/DS-090/Hemp_growth/C1,path-derived,whole-plant,273,552,0.4946,245.1229,245.7282,246.652,34.4156,33.9003,31.9649,245.2813,33.8176,1.9592,23.1679,0.0,0.941,11fe9060765da979a9336efa9e07e824cfbdffbcd2c459e7e8c666eecd551910,train,public-reference-or-acquired
DS-090,dataset/acquisition/acquired/DS-090/Hemp_growth/C1/ryb_C1_20241217_08_00.jpg,ryb_C1_20241217_08_00.jpg,growth_time_series,DS-090|C1|growth_time_series,C1,dataset/acquisition/acquired/DS-090/Hemp_growth/C1,path-derived,whole-plant,273,552,0.4946,248.9809,248.4541,248.9331,27.3349,29.3471,27.1884,248.1681,28.4858,0.8437,19.1818,0.0,0.943,03cd1436d30c250cb82efeb3abdef994880a5250ed12635a8971d0149a480de9,train,public-reference-or-acquired
DS-090,dataset/acquisition/acquired/DS-090/Hemp_growth/C1/ryb_C1_20241217_09_00.jpg,ryb_C1_20241217_09_00.jpg,growth_time_series,DS-090|C1|growth_time_series,C1,dataset/acquisition/acquired/DS-090/Hemp_growth/C1,path-derived,whole-plant,273,552,0.4946,248.4259,248.6475,248.6697,29.2295,28.598,28.0037,248.0915,28.7004,0.8147,24.505,0.0,0.9423,e1de14cadae82bcfaf9a7d3f7fdf8126dbd829334720a82864fbd88ec09774ac,train,public-reference-or-acquired
DS-090,dataset/acquisition/acquired/DS-090/Hemp_growth/C1/ryb_C1_20241217_10_00.jpg,ryb_C1_20241217_10_00.jpg,growth_time_series,DS-090|C1|growth_time_series,C1,dataset/acquisition/acquired/DS-090/Hemp_growth/C1,path-derived,whole-plant,273,552,0.4946,248.1726,248.2781,248.3624,30.1891,29.9628,29.1302,247.7602,29.9219,0.8231,25.0597,0.0,0.9422,fefa4eb80301a9a77241757a9dee7aeb4757540c0ec6d87accb19d3900c7e338,train,public-reference-or-acquired
DS-090,dataset/acquisition/acquired/DS-090/Hemp_growth/C1/ryb_C1_20241217_11_00.jpg,ryb_C1_20241217_11_00.jpg,growth_time_series,DS-090|C1|growth_time_series,C1,dataset/acquisition/acquired/DS-090/Hemp_growth/C1,path-derived,whole-plant,273,552,0.4946,248.7021,248.7908,248.8812,28.5995,28.2967,27.4759,248.2769,28.2791,0.796,21.8026,0.0,0.944,694065fd5570d5e72bcd3f3b04fc6af6133374e3b0c9ce6c20404da924461b7d,train,public-reference-or-acquired
DS-090,dataset/acquisition/acquired/DS-090/Hemp_growth/C1/ryb_C1_20241217_12_00.jpg,ryb_C1_20241217_12_00.jpg,growth_time_series,DS-090|C1|growth_time_series,C1,dataset/acquisition/acquired/DS-090/Hemp_growth/C1,path-derived,whole-plant,273,552,0.4946,247.472,247.6149,248.0219,32.301,31.9788,30.3719,247.1348,31.881,0.9642,27.4954,0.0,0.9422,a37f4aca21dfe7a2999e09a3518842e7089b300df6c899f1311eebc52818007e,train,public-reference-or-acquired
DS-090,dataset/acquisition/acquired/DS-090/Hemp_growth/C1/ryb_C1_20241217_13_00.jpg,ryb_C1_20241217_13_00.jpg,growth_time_series,DS-090|C1|growth_time_series,C1,dataset/acquisition/acquired/DS-090/Hemp_growth/C1,path-derived,whole-plant,273,552,0.4946,247.9706,248.2883,248.5108,30.3998,29.7857,28.9648,247.7443,29.8578,1.0962,22.4147,0.0,0.945,51881042606dcc4a9d3fa4a7e4356e15df0e38dba2b105f85e2ecc33ba51425e,train,public-reference-or-acquired
DS-090,dataset/acquisition/acquired/DS-090/Hemp_growth/C1/ryb_C1_20241217_14_00.jpg,ryb_C1_20241217_14_00.jpg,growth_time_series,DS-090|C1|growth_time_series,C1,dataset/acquisition/acquired/DS-090/Hemp_growth/C1,path-derived,whole-plant,273,552,0.4946,247.2847,247.3515,247.6215,32.1342,31.9927,30.8241,246.9055,31.8905,1.1644,24.5311,0.0,0.9428,223ff8a413c66fff4ebf176eed966a53d7b317b7f879331a6faec17ed528f9ce,train,public-reference-or-acquired
DS-090,dataset/acquisition/acquired/DS-090/Hemp_growth/C1/ryb_C1_20241217_15_00.jpg,ryb_C1_20241217_15_00.jpg,growth_time_series,DS-090|C1|growth_time_series,C1,dataset/acquisition/acquired/DS-090/Hemp_growth/C1,path-derived,whole-plant,273,552,0.4946,248.1063,248.1581,248.1172,30.3629,30.3042,29.6699,247.6605,30.2356,0.9731,24.0164,0.0,0.9436,688a5ca45ce6a165819b7fde7774a31b6b4c15a6687607b7697353cc988b7c0c,train,public-reference-or-acquired
DS-090,dataset/acquisition/acquired/DS-090/Hemp_growth/C1/ryb_C1_20241217_16_00.jpg,ryb_C1_20241217_16_00.jpg,growth_time_series,DS-090|C1|growth_time_series,C1,dataset/acquisition/acquired/DS-090/Hemp_growth/C1,path-derived,whole-plant,273,552,0.4946,246.1493,246.3139,246.6451,33.1562,32.919,31.7138,245.8885,32.8434,1.5827,24.7735,0.0,0.9406,91b19c52626a76a38f8e68c456858aa351ad6a73858f8ca88b142b89b27c7637,train,public-reference-or-acquired
DS-090,dataset/acquisition/acquired/DS-090/Hemp_growth/C1/ryb_C1_20241217_17_00.jpg,ryb_C1_20241217_17_00.jpg,growth_time_series,DS-090|C1|growth_time_series,C1,dataset/acquisition/acquired/DS-090/Hemp_growth/C1,path-derived,whole-plant,273,552,0.4946,246.3502,246.4714,246.8465,33.1337,32.9855,31.7548,246.0522,32.8793,1.5094,24.7904,0.0,0.9416,81684403f43e148324341d4dd77cbbbe1cfe7b74e7001ec39785f73f2e1b4b6f,train,public-reference-or-acquired
DS-090,dataset/acquisition/acquired/DS-090/Hemp_growth/C1/ryb_C1_20241218_08_00.jpg,ryb_C1_20241218_08_00.jpg,growth_time_series,DS-090|C1|growth_time_series,C1,dataset/acquisition/acquired/DS-090/Hemp_growth/C1,path-derived,whole-plant,273,552,0.4946,248.1563,248.3837,248.4864,30.0318,29.3595,28.5094,247.8338,29.4489,0.8401,23.2748,0.0,0.9416,f90b935d01c97fab93c771043c6fd3dc9532ede1554a6ad631526d6abc5ce02c,train,public-reference-or-acquired
DS-090,dataset/acquisition/acquired/DS-090/Hemp_growth/C1/ryb_C1_20241218_09_00.jpg,ryb_C1_20241218_09_00.jpg,growth_time_series,DS-090|C1|growth_time_series,C1,dataset/acquisition/acquired/DS-090/Hemp_growth/C1,path-derived,whole-plant,273,552,0.4946,242.8637,245.2894,247.4563,36.2509,33.5573,29.7623,244.4268,33.8127,2.0234,25.1718,0.0,0.9292,d2286d97a2ef1f02a6a8afd4b80ab4aa606e0b2198bcd4209dc8710767a001ae,train,public-reference-or-acquired
DS-090,dataset/acquisition/acquired/DS-090/Hemp_growth/C1/ryb_C1_20241218_10_00.jpg,ryb_C1_20241218_10_00.jpg,growth_time_series,DS-090|C1|growth_time_series,C1,dataset/acquisition/acquired/DS-090/Hemp_growth/C1,path-derived,whole-plant,273,552,0.4946,246.7052,247.0847,247.5358,33.5817,32.7231,31.2653,246.5562,32.7995,1.1497,31.5432,0.0,0.9394,88978a89e5252dca2ae173a0076588ca59690eefa19aa186693042eb70009d6c,train,public-reference-or-acquired
DS-090,dataset/acquisition/acquired/DS-090/Hemp_growth/C1/ryb_C1_20241218_11_00.jpg,ryb_C1_20241218_11_00.jpg,growth_time_series,DS-090|C1|growth_time_series,C1,dataset/acquisition/acquired/DS-090/Hemp_growth/C1,path-derived,whole-plant,273,552,0.4946,247.7139,247.9392,248.3183,31.6077,30.9753,29.3687,247.4274,30.9684,0.9237,28.556,0.0,0.9429,837ae6a06425e67e9ce1b66a4850daa975b851f36ac8974aacb329c0c98026d4,train,public-reference-or-acquired
DS-090,dataset/acquisition/acquired/DS-090/Hemp_growth/C1/ryb_C1_20241218_12_00.jpg,ryb_C1_20241218_12_00.jpg,growth_time_series,DS-090|C1|growth_time_series,C1,dataset/acquisition/acquired/DS-090/Hemp_growth/C1,path-derived,whole-plant,273,552,0.4946,248.4268,248.5189,248.6485,29.3813,29.163,28.2257,248.0155,29.1054,0.8953,24.4421,0.0,0.9437,ff560ddfe21a9ccc2c3d9ff80f805033f21a5b54275babd6bac989dbb9983431,train,public-reference-or-acquired
DS-090,dataset/acquisition/acquired/DS-090/Hemp_growth/C1/ryb_C1_20241218_13_00.jpg,ryb_C1_20241218_13_00.jpg,growth_time_series,DS-090|C1|growth_time_series,C1,dataset/acquisition/acquired/DS-090/Hemp_growth/C1,path-derived,whole-plant,273,552,0.4946,247.3591,247.5017,247.5148,31.8391,31.6171,31.1921,247.0023,31.6175,1.255,24.4005,0.0,0.9432,6c9ff946c7902861eee2239ea693e94edc32446b92aa12003e6d11fc53d85f27,train,public-reference-or-acquired
DS-090,dataset/acquisition/acquired/DS-090/Hemp_growth/C1/ryb_C1_20241218_14_00.jpg,ryb_C1_20241218_14_00.jpg,growth_time_series,DS-090|C1|growth_time_series,C1,dataset/acquisition/acquired/DS-090/Hemp_growth/C1,path-derived,whole-plant,273,552,0.4946,248.0101,248.0713,247.8257,30.347,30.2176,29.916,247.5617,30.2051,1.1709,22.677,0.0,0.9434,849053af2a7746d9ca7544d29f56e97fe5fe1438515c6fc8ab4febf6d7a16d36,train,public-reference-or-acquired
DS-090,dataset/acquisition/acquired/DS-090/Hemp_growth/C1/ryb_C1_20241218_15_00.jpg,ryb_C1_20241218_15_00.jpg,growth_time_series,DS-090|C1|growth_time_series,C1,dataset/acquisition/acquired/DS-090/Hemp_growth/C1,path-derived,whole-plant,273,552,0.4946,247.1977,247.2571,247.0032,31.553,31.3575,30.7996,246.7751,31.3384,1.4121,23.1441,0.0,0.9409,72cfcda5e9553d178c467ae973e5b8b9c136161f79bf071f36efc3432fac2088,train,public-reference-or-acquired
DS-090,dataset/acquisition/acquired/DS-090/Hemp_growth/C1/ryb_C1_20241218_16_00.jpg,ryb_C1_20241218_16_00.jpg,growth_time_series,DS-090|C1|growth_time_series,C1,dataset/acquisition/acquired/DS-090/Hemp_growth/C1,path-derived,whole-plant,273,552,0.4946,246.4546,246.533,246.8085,33.2639,32.8173,31.7974,246.1209,32.8242,1.4972,26.9455,0.0,0.9404,c686919beba4757c2f77b6e092ea5ddf840676938e136ad3b09a26f8f95bdd7b,train,public-reference-or-acquired
DS-090,dataset/acquisition/acquired/DS-090/Hemp_growth/C1/ryb_C1_20241218_17_00.jpg,ryb_C1_20241218_17_00.jpg,growth_time_series,DS-090|C1|growth_time_series,C1,dataset/acquisition/acquired/DS-090/Hemp_growth/C1,path-derived,whole-plant,273,552,0.4946,245.8329,245.8385,245.9289,33.9091,33.4771,32.5165,245.4509,33.4863,1.8217,27.1396,0.0,0.9391,3f9baaac0564ce20309a097483a9972b2b9ed774b0bf5ed851e482c6d62d995f,train,public-reference-or-acquired
DS-090,dataset/acquisition/acquired/DS-090/Hemp_growth/C1/ryb_C1_20241219_13_00.jpg,ryb_C1_20241219_13_00.jpg,growth_time_series,DS-090|C1|growth_time_series,C1,dataset/acquisition/acquired/DS-090/Hemp_growth/C1,path-derived,whole-plant,273,552,0.4946,247.6614,247.772,247.5953,31.4772,31.2608,31.0803,247.2429,31.2891,0.9643,27.7774,0.0,0.9396,d4663a6fd81405369334c3ffd081ce3d0534106c4126018327ada21342279421,train,public-reference-or-acquired
DS-090,dataset/acquisition/acquired/DS-090/Hemp_growth/C1/ryb_C1_20241219_14_00.jpg,ryb_C1_20241219_14_00.jpg,growth_time_series,DS-090|C1|growth_time_series,C1,dataset/acquisition/acquired/DS-090/Hemp_growth/C1,path-derived,whole-plant,273,552,0.4946,246.1879,246.4296,246.5894,33.3165,32.9328,32.0936,245.9406,32.937,1.406,28.5593,0.0,0.9333,d20d2a220dd0526ed64fd2f0cbe1724ddc9acfe81d587da82236c83e5183313a,train,public-reference-or-acquired
DS-090,dataset/acquisition/acquired/DS-090/Hemp_growth/C1/ryb_C1_20241219_15_00.jpg,ryb_C1_20241219_15_00.jpg,growth_time_series,DS-090|C1|growth_time_series,C1,dataset/acquisition/acquired/DS-090/Hemp_growth/C1,path-derived,whole-plant,273,552,0.4946,246.7537,246.8472,247.1036,32.8575,32.6805,31.4704,246.3866,32.5843,1.1536,30.7493,0.0,0.9347,c2ae32f25f85bff3135eaa9fe7bd362a26854391138c8c713ebfdb5c6b9b8dbc,train,public-reference-or-acquired
DS-090,dataset/acquisition/acquired/DS-090/Hemp_growth/C1/ryb_C1_20241219_16_00.jpg,ryb_C1_20241219_16_00.jpg,growth_time_series,DS-090|C1|growth_time_series,C1,dataset/acquisition/acquired/DS-090/Hemp_growth/C1,path-derived,whole-plant,273,552,0.4946,246.6911,246.7983,246.9285,33.0212,32.8023,31.8579,246.3272,32.7471,1.1795,30.6831,0.0,0.9344,59b0aae3c36ad78d0e466ea901ff077d6643e5c781abe4b32634be982517d737,train,public-reference-or-acquired
DS-090,dataset/acquisition/acquired/DS-090/Hemp_growth/C1/ryb_C1_20241219_17_00.jpg,ryb_C1_20241219_17_00.jpg,growth_time_series,DS-090|C1|growth_time_series,C1,dataset/acquisition/acquired/DS-090/Hemp_growth/C1,path-derived,whole-plant,273,552,0.4946,246.5077,246.719,247.117,33.1287,32.722,31.3224,246.2463,32.6705,1.224,31.1097,0.0,0.9337,f830a53de201a291ec7d2939f7618495a4debff36e7c19af50b43d535c62cc34,train,public-reference-or-acquired
DS-090,dataset/acquisition/acquired/DS-090/Hemp_growth/C1/ryb_C1_20241220_08_00.jpg,ryb_C1_20241220_08_00.jpg,growth_time_series,DS-090|C1|growth_time_series,C1,dataset/acquisition/acquired/DS-090/Hemp_growth/C1,path-derived,whole-plant,273,552,0.4946,246.6394,246.9271,247.0587,32.8111,32.0399,31.1842,246.3825,32.1598,1.0288,33.416,0.0,0.9302,234bf66b00bdf85bca1e1d526d54ca5326e73d572fd78ee3c6d9eae2f4f403d7,train,public-reference-or-acquired
DS-090,dataset/acquisition/acquired/DS-090/Hemp_growth/C1/ryb_C1_20241220_09_00.jpg,ryb_C1_20241220_09_00.jpg,growth_time_series,DS-090|C1|growth_time_series,C1,dataset/acquisition/acquired/DS-090/Hemp_growth/C1,path-derived,whole-plant,273,552,0.4946,236.5105,239.3607,242.9533,39.3421,36.8966,33.5278,238.6179,37.1325,3.2189,31.9785,0.0,0.8527,259419b03316ef577ea58ff86a212449ec7c48e524444bc5991538d19d8f6a55,train,public-reference-or-acquired
DS-090,dataset/acquisition/acquired/DS-090/Hemp_growth/C1/ryb_C1_20241220_10_00.jpg,ryb_C1_20241220_10_00.jpg,growth_time_series,DS-090|C1|growth_time_series,C1,dataset/acquisition/acquired/DS-090/Hemp_growth/C1,path-derived,whole-plant,273,552,0.4946,244.2863,244.59,245.0247,36.7893,36.2098,34.9921,244.1414,36.2334,1.6854,43.1647,0.0,0.921,e13ca4435d69c7135547e948cde2696254cd22f2e0671b398f30b7755c5a3c24,train,public-reference-or-acquired
DS-090,dataset/acquisition/acquired/DS-090/Hemp_growth/C1/ryb_C1_20241220_11_00.jpg,ryb_C1_20241220_11_00.jpg,growth_time_series,DS-090|C1|growth_time_series,C1,dataset/acquisition/acquired/DS-090/Hemp_growth/C1,path-derived,whole-plant,273,552,0.4946,246.8886,247.0378,247.1892,32.5593,32.2303,31.3065,246.5424,32.2081,1.0924,38.9133,0.0,0.9344,352ff36ee5c665bc5d906c6c0a59b2f99285b17735afbb3b7a0cc8be0abebdc3,train,public-reference-or-acquired
DS-090,dataset/acquisition/acquired/DS-090/Hemp_growth/C1/ryb_C1_20241220_12_00.jpg,ryb_C1_20241220_12_00.jpg,growth_time_series,DS-090|C1|growth_time_series,C1,dataset/acquisition/acquired/DS-090/Hemp_growth/C1,path-derived,whole-plant,273,552,0.4946,247.084,247.2314,247.0376,31.8392,31.4764,31.326,246.7013,31.5443,1.1658,34.4488,0.0,0.9342,be5cd5c5e20d60131bb263cb89b0b29b17712c708fe7bf9afb15f0f5162f47bf,train,public-reference-or-acquired
DS-090,dataset/acquisition/acquired/DS-090/Hemp_growth/C1/ryb_C1_20241220_13_00.jpg,ryb_C1_20241220_13_00.jpg,growth_time_series,DS-090|C1|growth_time_series,C1,dataset/acquisition/acquired/DS-090/Hemp_growth/C1,path-derived,whole-plant,273,552,0.4946,247.345,247.7647,247.4446,30.4133,29.6474,29.9866,247.1563,29.8803,1.354,27.1205,0.0,0.9366,32326a1affc06da43a22f947a08e956ae8dbd95e7d4e4d9c4513a075a4f31223,train,public-reference-or-acquired
DS-090,dataset/acquisition/acquired/DS-090/Hemp_growth/C1/ryb_C1_20241220_14_00.jpg,ryb_C1_20241220_14_00.jpg,growth_time_series,DS-090|C1|growth_time_series,C1,dataset/acquisition/acquired/DS-090/Hemp_growth/C1,path-derived,whole-plant,273,552,0.4946,245.8289,246.6876,247.0428,32.1783,31.0784,30.24,246.0643,31.2811,1.8163,27.2508,0.0,0.9357,a6a9c03154b005bb92f46b5c913452a52254bcbae4b9ab5bb5d72d80aa4580e6,train,public-reference-or-acquired
DS-090,dataset/acquisition/acquired/DS-090/Hemp_growth/C1/ryb_C1_20241220_15_00.jpg,ryb_C1_20241220_15_00.jpg,growth_time_series,DS-090|C1|growth_time_series,C1,dataset/acquisition/acquired/DS-090/Hemp_growth/C1,path-derived,whole-plant,273,552,0.4946,244.661,244.8929,245.2943,33.1953,32.9122,32.0188,244.5246,32.8825,2.1593,29.2048,0.0,0.9327,9838f657577e637ad449f6079899a2739559c1a1af19307af1b2d441510198a4,train,public-reference-or-acquired
DS-090,dataset/acquisition/acquired/DS-090/Hemp_growth/C1/ryb_C1_20241220_16_00.jpg,ryb_C1_20241220_16_00.jpg,growth_time_series,DS-090|C1|growth_time_series,C1,dataset/acquisition/acquired/DS-090/Hemp_growth/C1,path-derived,whole-plant,273,552,0.4946,239.814,240.4734,242.3716,36.0845,35.6395,34.1509,240.3305,35.5892,3.5065,30.4238,0.0,0.8994,275e86fc04f67571c03720287988cb3d84191635f18d07ca46680c6f3baa882f,train,public-reference-or-acquired
DS-090,dataset/acquisition/acquired/DS-090/Hemp_growth/C1/ryb_C1_20241220_17_00.jpg,ryb_C1_20241220_17_00.jpg,growth_time_series,DS-090|C1|growth_time_series,C1,dataset/acquisition/acquired/DS-090/Hemp_growth/C1,path-derived,whole-plant,273,552,0.4946,245.2175,245.7178,246.4407,34.3419,33.5261,32.0144,245.251,33.5795,1.7538,38.1306,0.0,0.9333,11061d1f6b9b361465b3d88d9596651318eae864aed5026e0978301cf6437ad1,train,public-reference-or-acquired
DS-090,dataset/acquisition/acquired/DS-090/Hemp_growth/C1/ryb_C1_20241221_08_00.jpg,ryb_C1_20241221_08_00.jpg,growth_time_series,DS-090|C1|growth_time_series,C1,dataset/acquisition/acquired/DS-090/Hemp_growth/C1,path-derived,whole-plant,273,552,0.4946,246.7451,247.081,247.4044,32.824,31.8647,30.5026,246.5451,31.984,1.062,38.038,0.0,0.9322,9e795fd3046c8a7724e74b3d7905c36ee5ae3a2723a1dbbada0a6177b4ff5c31,train,public-reference-or-acquired
DS-090,dataset/acquisition/acquired/DS-090/Hemp_growth/C1/ryb_C1_20241221_09_00.jpg,ryb_C1_20241221_09_00.jpg,growth_time_series,DS-090|C1|growth_time_series,C1,dataset/acquisition/acquired/DS-090/Hemp_growth/C1,path-derived,whole-plant,273,552,0.4946,238.259,241.5475,244.5196,38.865,35.3946,31.101,240.572,35.8065,2.8132,32.5679,0.0,0.844,8c411432c24e11145b1e8bda9b07cd9424a78ed7e7bc5e5e2de7805ed5a93a13,train,public-reference-or-acquired
DS-090,dataset/acquisition/acquired/DS-090/Hemp_growth/C1/ryb_C1_20241221_10_00.jpg,ryb_C1_20241221_10_00.jpg,growth_time_series,DS-090|C1|growth_time_series,C1,dataset/acquisition/acquired/DS-090/Hemp_growth/C1,path-derived,whole-plant,273,552,0.4946,245.2348,245.7861,246.4443,34.7782,33.838,32.3971,245.2673,33.9361,1.5165,48.3042,0.0,0.9255,b5668b577532e7270e92af43b9881730d7ee5e628058c98917461b2fc547de9c,train,public-reference-or-acquired
DS-090,dataset/acquisition/acquired/DS-090/Hemp_growth/C1/ryb_C1_20241221_11_00.jpg,ryb_C1_20241221_11_00.jpg,growth_time_series,DS-090|C1|growth_time_series,C1,dataset/acquisition/acquired/DS-090/Hemp_growth/C1,path-derived,whole-plant,273,552,0.4946,247.2355,247.5367,247.4138,31.4705,30.6784,30.4615,246.9595,30.8657,1.0533,40.3452,0.0,0.9334,f595dfbb5cab98bec6e29707d0e9decdeb203ae279ed47221404b93de68e3311,train,public-reference-or-acquired
DS-090,dataset/acquisition/acquired/DS-090/Hemp_growth/C1/ryb_C1_20241221_12_00.jpg,ryb_C1_20241221_12_00.jpg,growth_time_series,DS-090|C1|growth_time_series,C1,dataset/acquisition/acquired/DS-090/Hemp_growth/C1,path-derived,whole-plant,273,552,0.4946,247.0358,247.3736,247.3953,31.6688,30.8134,30.1032,246.8086,30.9599,1.1424,37.9687,0.0,0.9329,a80da75324e680e0b458dd501e0a77aa0f82782b5e9f7cb0fbbc2f408dfaef83,train,public-reference-or-acquired
DS-090,dataset/acquisition/acquired/DS-090/Hemp_growth/C1/ryb_C1_20241221_13_00.jpg,ryb_C1_20241221_13_00.jpg,growth_time_series,DS-090|C1|growth_time_series,C1,dataset/acquisition/acquired/DS-090/Hemp_growth/C1,path-derived,whole-plant,273,552,0.4946,247.0905,247.296,246.8565,30.5213,30.1226,30.6372,246.7583,30.263,1.4804,32.481,0.0,0.9332,658c8f5ed5fc1444879e4a4f132c630cb2026892dd4a493e91324dae0f6da9ce,train,public-reference-or-acquired
DS-090,dataset/acquisition/acquired/DS-090/Hemp_growth/C1/ryb_C1_20241221_14_00.jpg,ryb_C1_20241221_14_00.jpg,growth_time_series,DS-090|C1|growth_time_series,C1,dataset/acquisition/acquired/DS-090/Hemp_growth/C1,path-derived,whole-plant,273,552,0.4946,245.7835,246.225,246.4082,31.9728,31.2963,30.8236,245.7289,31.4151,1.8514,29.7893,0.0,0.9324,79d941b196d697380768b8e2c43f7cdb09e104414cf4c83b5dbe5c9228b80312,train,public-reference-or-acquired
DS-090,dataset/acquisition/acquired/DS-090/Hemp_growth/C1/ryb_C1_20241221_15_00.jpg,ryb_C1_20241221_15_00.jpg,growth_time_series,DS-090|C1|growth_time_series,C1,dataset/acquisition/acquired/DS-090/Hemp_growth/C1,path-derived,whole-plant,273,552,0.4946,243.3941,243.8104,243.4086,33.9279,33.6107,33.3364,243.3359,33.6508,2.5109,33.8947,0.0,0.9227,4fb1775a4abd13ffa324d877b7ae29fc08318e463081774f484d0271560099f6,train,public-reference-or-acquired
DS-090,dataset/acquisition/acquired/DS-090/Hemp_growth/C1/ryb_C1_20241221_16_00.jpg,ryb_C1_20241221_16_00.jpg,growth_time_series,DS-090|C1|growth_time_series,C1,dataset/acquisition/acquired/DS-090/Hemp_growth/C1,path-derived,whole-plant,273,552,0.4946,242.2932,242.9536,243.6562,35.5283,34.7255,33.7434,242.5488,34.8372,2.6015,38.5415,0.0,0.9194,9c5ba5413097047e9b70cd71e9b05e8edd5597b684dc2db22ec8e5d7e624e56a,train,public-reference-or-acquired
DS-090,dataset/acquisition/acquired/DS-090/Hemp_growth/C1/ryb_C1_20241221_17_00.jpg,ryb_C1_20241221_17_00.jpg,growth_time_series,DS-090|C1|growth_time_series,C1,dataset/acquisition/acquired/DS-090/Hemp_growth/C1,path-derived,whole-plant,273,552,0.4946,244.149,244.6091,245.1459,35.1055,34.4805,33.4715,244.171,34.5365,2.079,43.5222,0.0,0.928,aa339f62385ff23fc855f1dccd9cad8cd9928df9978d59f8657525eee72fd97b,train,public-reference-or-acquired
DS-090,dataset/acquisition/acquired/DS-090/Hemp_growth/C1/ryb_C1_20241222_08_00.jpg,ryb_C1_20241222_08_00.jpg,growth_time_series,DS-090|C1|growth_time_series,C1,dataset/acquisition/acquired/DS-090/Hemp_growth/C1,path-derived,whole-plant,273,552,0.4946,246.2897,246.5038,246.8449,33.5141,32.9518,31.6651,246.0234,32.9629,1.1428,43.5941,0.0,0.9287,bae73193afae3a79dac36128286592a136e991eede2ef6c814efb1d551245773,train,public-reference-or-acquired
DS-090,dataset/acquisition/acquired/DS-090/Hemp_growth/C1/ryb_C1_20241222_09_00.jpg,ryb_C1_20241222_09_00.jpg,growth_time_series,DS-090|C1|growth_time_series,C1,dataset/acquisition/acquired/DS-090/Hemp_growth/C1,path-derived,whole-plant,273,552,0.4946,238.506,240.8631,243.5413,39.3815,36.3301,32.3984,240.1323,36.698,2.6561,38.5748,0.0,0.8401,42baa5d442c761b0911f3e17ab95fc2b719628d90d7e97fb21055ae05b5c2d27,train,public-reference-or-acquired
DS-090,dataset/acquisition/acquired/DS-090/Hemp_growth/C1/ryb_C1_20241222_10_00.jpg,ryb_C1_20241222_10_00.jpg,growth_time_series,DS-090|C1|growth_time_series,C1,dataset/acquisition/acquired/DS-090/Hemp_growth/C1,path-derived,whole-plant,273,552,0.4946,244.8696,245.2936,245.5995,35.0891,34.3027,33.5315,244.7874,34.4323,1.568,55.5158,0.0,0.9207,abc9d189fe4419e4e69acc0753295d01dbc600fb89f8967e285d13d2f68e72c8,train,public-reference-or-acquired
DS-090,dataset/acquisition/acquired/DS-090/Hemp_growth/C1/ryb_C1_20241222_11_00.jpg,ryb_C1_20241222_11_00.jpg,growth_time_series,DS-090|C1|growth_time_series,C1,dataset/acquisition/acquired/DS-090/Hemp_growth/C1,path-derived,whole-plant,273,552,0.4946,246.7515,247.0256,247.2271,32.302,31.5915,30.4707,246.5026,31.6571,1.1083,46.3143,0.0,0.9295,8ecb6f8174d204bf82593da5ddddcf672da8f1a0d30caa408c7f9b4671496f09,train,public-reference-or-acquired
DS-090,dataset/acquisition/acquired/DS-090/Hemp_growth/C1/ryb_C1_20241222_12_00.jpg,ryb_C1_20241222_12_00.jpg,growth_time_series,DS-090|C1|growth_time_series,C1,dataset/acquisition/acquired/DS-090/Hemp_growth/C1,path-derived,whole-plant,273,552,0.4946,246.765,247.0715,246.8931,31.8522,31.1795,31.0053,246.5016,31.3329,1.206,42.5326,0.0,0.9296,70b2be39c7f0ec15e725630493e5bf6b00a5cc09644b4abec80bc6eed079f71d,train,public-reference-or-acquired
DS-090,dataset/acquisition/acquired/DS-090/Hemp_growth/C1/ryb_C1_20241222_13_00.jpg,ryb_C1_20241222_13_00.jpg,growth_time_series,DS-090|C1|growth_time_series,C1,dataset/acquisition/acquired/DS-090/Hemp_growth/C1,path-derived,whole-plant,273,552,0.4946,246.8287,247.616,247.2858,30.8484,29.5257,29.8145,246.9039,29.9041,1.4611,34.7553,0.0,0.9314,93296748c46446cffc6e2678520a3aed0a61726f218945a96ca438959eaf1054,train,public-reference-or-acquired
DS-090,dataset/acquisition/acquired/DS-090/Hemp_growth/C1/ryb_C1_20241222_14_00.jpg,ryb_C1_20241222_14_00.jpg,growth_time_series,DS-090|C1|growth_time_series,C1,dataset/acquisition/acquired/DS-090/Hemp_growth/C1,path-derived,whole-plant,273,552,0.4946,245.7489,246.0689,245.7648,32.0606,31.6677,31.6983,245.554,31.7552,1.856,35.6314,0.0,0.9285,9bdd81c263052d8d9b2ff0524f5aecba5e7c50b584a3feb8de8c133d2492b64d,train,public-reference-or-acquired
DS-090,dataset/acquisition/acquired/DS-090/Hemp_growth/C1/ryb_C1_20241222_15_00.jpg,ryb_C1_20241222_15_00.jpg,growth_time_series,DS-090|C1|growth_time_series,C1,dataset/acquisition/acquired/DS-090/Hemp_growth/C1,path-derived,whole-plant,273,552,0.4946,245.3418,245.7236,244.5966,33.1303,32.5057,32.9613,245.1013,32.7149,2.0267,40.884,0.0,0.9276,420d1b504e33e1c51da523ca61fb8e1f5ded5bf01e12e668a34cd4983aca56b2,train,public-reference-or-acquired
DS-090,dataset/acquisition/acquired/DS-090/Hemp_growth/C1/ryb_C1_20241222_16_00.jpg,ryb_C1_20241222_16_00.jpg,growth_time_series,DS-090|C1|growth_time_series,C1,dataset/acquisition/acquired/DS-090/Hemp_growth/C1,path-derived,whole-plant,273,552,0.4946,243.0502,243.6123,242.5128,35.2847,34.768,34.8108,243.0086,34.9067,2.5245,46.5913,0.0,0.922,dbb773e7e1650674da4ad7d7b80d003f457b188d73e42b6d983d33a0b5a34fc8,train,public-reference-or-acquired
DS-090,dataset/acquisition/acquired/DS-090/Hemp_growth/C1/ryb_C1_20241222_17_00.jpg,ryb_C1_20241222_17_00.jpg,growth_time_series,DS-090|C1|growth_time_series,C1,dataset/acquisition/acquired/DS-090/Hemp_growth/C1,path-derived,whole-plant,273,552,0.4946,243.2843,243.8494,243.5829,35.7365,35.0315,34.7101,243.3125,35.188,2.2771,51.7192,0.0,0.9226,48d47e69d27f6b312ed494bcea40c268c151bd46ec6e009528325ce86040e7a5,train,public-reference-or-acquired
DS-090,dataset/acquisition/acquired/DS-090/Hemp_growth/C1/ryb_C1_20241223_08_00.jpg,ryb_C1_20241223_08_00.jpg,growth_time_series,DS-090|C1|growth_time_series,C1,dataset/acquisition/acquired/DS-090/Hemp_growth/C1,path-derived,whole-plant,273,552,0.4946,246.0293,246.0446,246.2445,33.672,33.5645,32.6626,245.6111,33.4841,1.2483,50.0386,0.0,0.9252,8e0b8396db853c3d89aeb21854913d8e90a39ff48b69bac1a9d0542676d93553,train,public-reference-or-acquired
DS-090,dataset/acquisition/acquired/DS-090/Hemp_growth/C1/ryb_C1_20241223_09_00.jpg,ryb_C1_20241223_09_00.jpg,growth_time_series,DS-090|C1|growth_time_series,C1,dataset/acquisition/acquired/DS-090/Hemp_growth/C1,path-derived,whole-plant,273,552,0.4946,239.9518,241.9505,243.8948,38.1392,35.0911,32.073,241.2299,35.5782,2.3669,49.7173,0.0,0.8602,5bb7f4bc284ad5fa122c2ae937cacec695b97ecfa4d94273cf446736692207d5,train,public-reference-or-acquired
DS-090,dataset/acquisition/acquired/DS-090/Hemp_growth/C1/ryb_C1_20241223_10_00.jpg,ryb_C1_20241223_10_00.jpg,growth_time_series,DS-090|C1|growth_time_series,C1,dataset/acquisition/acquired/DS-090/Hemp_growth/C1,path-derived,whole-plant,273,552,0.4946,244.412,245.1255,245.5711,35.362,34.1763,33.0304,244.5457,34.3773,1.6658,63.804,0.0,0.9165,906ca5174062ae5e347e811b5759eea397dc140da3e87171e87385d4490e176b,train,public-reference-or-acquired
DS-090,dataset/acquisition/acquired/DS-090/Hemp_growth/C1/ryb_C1_20241223_11_00.jpg,ryb_C1_20241223_11_00.jpg,growth_time_series,DS-090|C1|growth_time_series,C1,dataset/acquisition/acquired/DS-090/Hemp_growth/C1,path-derived,whole-plant,273,552,0.4946,245.8051,246.1434,245.8289,33.6616,32.7981,33.0263,245.5581,33.0582,1.2721,57.703,0.0,0.9221,17fbbe50cf3ce4d31d66cc784139c57ba0dfa76cd99e483c5ab94ad518361a83,train,public-reference-or-acquired
DS-090,dataset/acquisition/acquired/DS-090/Hemp_growth/C1/ryb_C1_20241223_12_00.jpg,ryb_C1_20241223_12_00.jpg,growth_time_series,DS-090|C1|growth_time_series,C1,dataset/acquisition/acquired/DS-090/Hemp_growth/C1,path-derived,whole-plant,273,552,0.4946,245.931,246.2645,245.8898,33.0485,32.3176,32.5807,245.6744,32.5312,1.3177,51.1187,0.0,0.921,5984a55eca9e5c5c7a89b8a4e9517f1ab99aed7105677130222debac0a76263e,train,public-reference-or-acquired
DS-090,dataset/acquisition/acquired/DS-090/Hemp_growth/C1/ryb_C1_20241223_13_00.jpg,ryb_C1_20241223_13_00.jpg,growth_time_series,DS-090|C1|growth_time_series,C1,dataset/acquisition/acquired/DS-090/Hemp_growth/C1,path-derived,whole-plant,273,552,0.4946,246.1449,246.9512,246.6638,31.5465,30.223,30.4795,246.2551,30.601,1.6253,39.8837,0.0,0.925,36f8cdff6622d4c170ba53205f1af0010fb0cce5a82ebc3f67c2e8920e9aa58f,train,public-reference-or-acquired
DS-090,dataset/acquisition/acquired/DS-090/Hemp_growth/C1/ryb_C1_20241223_14_00.jpg,ryb_C1_20241223_14_00.jpg,growth_time_series,DS-090|C1|growth_time_series,C1,dataset/acquisition/acquired/DS-090/Hemp_growth/C1,path-derived,whole-plant,273,552,0.4946,246.831,247.2888,246.7435,30.6694,29.873,30.242,246.664,30.1117,1.5348,36.8041,0.0,0.9302,9fab1b00c9aa5d456297fabeb0348539de80999b26f1f304c5d445a4230bb9e8,train,public-reference-or-acquired
DS-090,dataset/acquisition/acquired/DS-090/Hemp_growth/C1/ryb_C1_20241223_15_00.jpg,ryb_C1_20241223_15_00.jpg,growth_time_series,DS-090|C1|growth_time_series,C1,dataset/acquisition/acquired/DS-090/Hemp_growth/C1,path-derived,whole-plant,273,552,0.4946,242.9021,243.3795,242.2225,34.2882,33.803,34.358,242.8202,33.9825,2.653,43.9236,0.0,0.9166,d0f11e45e8c7a422f3f7942ed6388c8003d523bfa3eb74c095a34676c478318c,train,public-reference-or-acquired
DS-090,dataset/acquisition/acquired/DS-090/Hemp_growth/C1/ryb_C1_20241223_16_00.jpg,ryb_C1_20241223_16_00.jpg,growth_time_series,DS-090|C1|growth_time_series,C1,dataset/acquisition/acquired/DS-090/Hemp_growth/C1,path-derived,whole-plant,273,552,0.4946,237.2967,238.1104,238.867,37.8431,37.1637,36.873,237.8245,37.314,3.79,50.6981,0.0,0.8722,f296278ac1ad6ba81b33fc419e3d921b2d2db67032896c9957198f64059ccce9,train,public-reference-or-acquired
DS-090,dataset/acquisition/acquired/DS-090/Hemp_growth/C1/ryb_C1_20241223_17_00.jpg,ryb_C1_20241223_17_00.jpg,growth_time_series,DS-090|C1|growth_time_series,C1,dataset/acquisition/acquired/DS-090/Hemp_growth/C1,path-derived,whole-plant,273,552,0.4946,243.8539,244.504,244.285,35.5589,34.7533,34.2444,243.914,34.9147,2.0422,60.6421,0.0,0.92,04602e7bc3efcc976a231cd1cc806ccbed9320a9903fb5826dd57485f151fcad,train,public-reference-or-acquired
DS-090,dataset/acquisition/acquired/DS-090/Hemp_growth/C1/ryb_C1_20241224_08_00.jpg,ryb_C1_20241224_08_00.jpg,growth_time_series,DS-090|C1|growth_time_series,C1,dataset/acquisition/acquired/DS-090/Hemp_growth/C1,path-derived,whole-plant,273,552,0.4946,245.2433,245.5587,245.8045,34.616,33.8423,32.7497,245.0512,33.9344,1.3267,61.8408,0.0,0.9181,86515ebf5c0d2f730ed744abe5fbb6d75e0284cbf55eff04389e18a48a747437,train,public-reference-or-acquired
DS-090,dataset/acquisition/acquired/DS-090/Hemp_growth/C1/ryb_C1_20241224_09_00.jpg,ryb_C1_20241224_09_00.jpg,growth_time_series,DS-090|C1|growth_time_series,C1,dataset/acquisition/acquired/DS-090/Hemp_growth/C1,path-derived,whole-plant,273,552,0.4946,240.6946,242.4649,243.7133,37.3981,34.4757,32.6553,241.7365,35.065,2.3167,63.5281,0.0,0.8721,c1b5423c2d1f18de227302eac9bbe758dd1cf0daac9eb8d83e41349a4c384eed,train,public-reference-or-acquired
DS-090,dataset/acquisition/acquired/DS-090/Hemp_growth/C1/ryb_C1_20241224_10_00.jpg,ryb_C1_20241224_10_00.jpg,growth_time_series,DS-090|C1|growth_time_series,C1,dataset/acquisition/acquired/DS-090/Hemp_growth/C1,path-derived,whole-plant,273,552,0.4946,241.9573,242.74,243.2783,37.5071,36.3601,35.739,242.2282,36.6067,2.288,81.3961,0.0,0.9011,8df07d74ade97216ed272c8975a0c6e82892f7b4818ac9794dbe745bd1f1ed16,train,public-reference-or-acquired
DS-090,dataset/acquisition/acquired/DS-090/Hemp_growth/C1/ryb_C1_20241224_11_00.jpg,ryb_C1_20241224_11_00.jpg,growth_time_series,DS-090|C1|growth_time_series,C1,dataset/acquisition/acquired/DS-090/Hemp_growth/C1,path-derived,whole-plant,273,552,0.4946,244.6576,245.0874,245.054,35.0438,34.1162,33.7853,244.5259,34.3247,1.4958,71.7572,0.0,0.9134,cb259bb91de479e9d4439bbf77943901587dba11763c6778e2b073dea6e2fb82,train,public-reference-or-acquired
DS-090,dataset/acquisition/acquired/DS-090/Hemp_growth/C1/ryb_C1_20241224_12_00.jpg,ryb_C1_20241224_12_00.jpg,growth_time_series,DS-090|C1|growth_time_series,C1,dataset/acquisition/acquired/DS-090/Hemp_growth/C1,path-derived,whole-plant,273,552,0.4946,244.5353,245.1857,244.674,35.003,33.5669,34.2968,244.5153,34.0423,1.6112,62.73,0.0,0.9117,b8b89da5a0a11ba5c806262f89d92bcd1b563a785c1cd3b629baf4fac639668b,train,public-reference-or-acquired
DS-090,dataset/acquisition/acquired/DS-090/Hemp_growth/C1/ryb_C1_20241224_13_00.jpg,ryb_C1_20241224_13_00.jpg,growth_time_series,DS-090|C1|growth_time_series,C1,dataset/acquisition/acquired/DS-090/Hemp_growth/C1,path-derived,whole-plant,273,552,0.4946,246.1823,246.6456,245.5435,30.9774,30.2715,31.5916,245.9704,30.5718,1.6728,47.4402,0.0,0.9186,88caf8d8544d41b3d1d8720539ea99cb61a24e71e7fda1f3cdc195744af65607,train,public-reference-or-acquired
DS-090,dataset/acquisition/acquired/DS-090/Hemp_growth/C1/ryb_C1_20241224_14_00.jpg,ryb_C1_20241224_14_00.jpg,growth_time_series,DS-090|C1|growth_time_series,C1,dataset/acquisition/acquired/DS-090/Hemp_growth/C1,path-derived,whole-plant,273,552,0.4946,245.0103,245.569,244.8875,32.3156,31.5797,32.365,244.961,31.8421,2.0453,41.8535,0.0,0.92,adc724a31f6f740190b81e0afaa9452ee5aeb39dece55192c9abcc4c8dfe4d97,train,public-reference-or-acquired
DS-090,dataset/acquisition/acquired/DS-090/Hemp_growth/C1/ryb_C1_20241224_15_00.jpg,ryb_C1_20241224_15_00.jpg,growth_time_series,DS-090|C1|growth_time_series,C1,dataset/acquisition/acquired/DS-090/Hemp_growth/C1,path-derived,whole-plant,273,552,0.4946,242.3564,242.8893,241.681,34.9121,34.3865,34.9533,242.3087,34.5759,2.7541,54.8174,0.0,0.9101,b6bab2c3e212b05ace4e82d1a368078a40802882b01b0903cc7c54f70ca6ab78,train,public-reference-or-acquired
DS-090,dataset/acquisition/acquired/DS-090/Hemp_growth/C1/ryb_C1_20241224_16_00.jpg,ryb_C1_20241224_16_00.jpg,growth_time_series,DS-090|C1|growth_time_series,C1,dataset/acquisition/acquired/DS-090/Hemp_growth/C1,path-derived,whole-plant,273,552,0.4946,236.4738,237.7194,238.117,38.6805,37.7269,37.585,237.2289,37.9696,3.6292,59.2518,0.0,0.865,027dcc7d4e426bd7a37b4608c178047f90c0591d8d1b1a9152f3d67569376d92,train,public-reference-or-acquired
DS-090,dataset/acquisition/acquired/DS-090/Hemp_growth/C1/ryb_C1_20241224_17_00.jpg,ryb_C1_20241224_17_00.jpg,growth_time_series,DS-090|C1|growth_time_series,C1,dataset/acquisition/acquired/DS-090/Hemp_growth/C1,path-derived,whole-plant,273,552,0.4946,241.8944,242.664,241.9692,37.0487,36.0887,36.1228,242.0407,36.3582,2.5053,75.6464,0.0,0.9104,6394565265d7ce0d38a14f2c4b2440d9fffdc21321c67546862c0bdb04c6512d,train,public-reference-or-acquired
DS-090,dataset/acquisition/acquired/DS-090/Hemp_growth/C1/ryb_C1_20241225_08_00.jpg,ryb_C1_20241225_08_00.jpg,growth_time_series,DS-090|C1|growth_time_series,C1,dataset/acquisition/acquired/DS-090/Hemp_growth/C1,path-derived,whole-plant,273,552,0.4946,244.5386,245.3336,245.1972,35.4338,33.6318,33.4624,244.6527,34.131,1.4839,65.9627,0.0,0.9127,b3530f83d008ba7b84cbab24be5ab57aa00b65d1fc89c8494e923840d196bb21,train,public-reference-or-acquired
DS-090,dataset/acquisition/acquired/DS-090/Hemp_growth/C1/ryb_C1_20241225_09_00.jpg,ryb_C1_20241225_09_00.jpg,growth_time_series,DS-090|C1|growth_time_series,C1,dataset/acquisition/acquired/DS-090/Hemp_growth/C1,path-derived,whole-plant,273,552,0.4946,240.4461,241.9405,243.0032,37.2932,34.8476,33.3357,241.2758,35.3415,2.3925,75.6404,0.0,0.8664,8c61dbe8b6c59725cbb643808b28e058f9c3fd9f8056e57b86b15e55b73a9f58,train,public-reference-or-acquired
DS-090,dataset/acquisition/acquired/DS-090/Hemp_growth/C1/ryb_C1_20241225_10_00.jpg,ryb_C1_20241225_10_00.jpg,growth_time_series,DS-090|C1|growth_time_series,C1,dataset/acquisition/acquired/DS-090/Hemp_growth/C1,path-derived,whole-plant,273,552,0.4946,241.507,242.3965,242.5363,37.6758,36.4047,36.4029,241.809,36.754,2.3702,93.2933,0.0,0.8952,384c60f22c1ad4741b40a83a7dd1b3123cb8c4e64305caf492f39066682fbca3,train,public-reference-or-acquired
DS-090,dataset/acquisition/acquired/DS-090/Hemp_growth/C1/ryb_C1_20241225_11_00.jpg,ryb_C1_20241225_11_00.jpg,growth_time_series,DS-090|C1|growth_time_series,C1,dataset/acquisition/acquired/DS-090/Hemp_growth/C1,path-derived,whole-plant,273,552,0.4946,244.9495,245.4059,245.2788,33.8414,32.807,32.5113,244.8264,33.0502,1.4539,75.6641,0.0,0.9093,cb48dea3b415dadd7d3fbcd7a4a82facdb6d95d1e190caf1bf31663727454061,train,public-reference-or-acquired
DS-090,dataset/acquisition/acquired/DS-090/Hemp_growth/C1/ryb_C1_20241225_12_00.jpg,ryb_C1_20241225_12_00.jpg,growth_time_series,DS-090|C1|growth_time_series,C1,dataset/acquisition/acquired/DS-090/Hemp_growth/C1,path-derived,whole-plant,273,552,0.4946,245.5835,246.081,245.2207,32.1469,31.1909,32.4577,245.4089,31.5664,1.5056,63.554,0.0,0.9108,9fd08211da988c6af49c3f2b06d7031831fd026653911d5ebd7fa10063bf24d9,train,public-reference-or-acquired
DS-090,dataset/acquisition/acquired/DS-090/Hemp_growth/C1/ryb_C1_20241225_13_00.jpg,ryb_C1_20241225_13_00.jpg,growth_time_series,DS-090|C1|growth_time_series,C1,dataset/acquisition/acquired/DS-090/Hemp_growth/C1,path-derived,whole-plant,273,552,0.4946,244.9706,246.0042,244.973,32.4744,30.8251,32.3522,245.1826,31.4288,1.8564,58.1773,0.0,0.9104,8a52b978d0e6f8d8829495d637215d847d44ec864c3897ce7be26f7ebf35b6f3,train,public-reference-or-acquired
DS-090,dataset/acquisition/acquired/DS-090/Hemp_growth/C1/ryb_C1_20241225_14_00.jpg,ryb_C1_20241225_14_00.jpg,growth_time_series,DS-090|C1|growth_time_series,C1,dataset/acquisition/acquired/DS-090/Hemp_growth/C1,path-derived,whole-plant,273,552,0.4946,244.3081,244.845,243.789,32.9497,32.2346,33.4082,244.2074,32.5258,2.2008,55.2234,0.0,0.9124,33fa4d430515b2b6ab62bf67e175deb0723f5344a4114e2abeb3c79db331bfdd,train,public-reference-or-acquired
DS-090,dataset/acquisition/acquired/DS-090/Hemp_growth/C1/ryb_C1_20241225_15_00.jpg,ryb_C1_20241225_15_00.jpg,growth_time_series,DS-090|C1|growth_time_series,C1,dataset/acquisition/acquired/DS-090/Hemp_growth/C1,path-derived,whole-plant,273,552,0.4946,244.3975,244.9597,243.4502,33.5975,32.8457,34.4251,244.2502,33.2063,2.0999,65.4173,0.0,0.9112,14918b3b9f60fdf53b975c4dc0cab3d883fd9f7f797d54ce9fdd55d7ef849b9e,train,public-reference-or-acquired
DS-090,dataset/acquisition/acquired/DS-090/Hemp_growth/C1/ryb_C1_20241225_16_00.jpg,ryb_C1_20241225_16_00.jpg,growth_time_series,DS-090|C1|growth_time_series,C1,dataset/acquisition/acquired/DS-090/Hemp_growth/C1,path-derived,whole-plant,273,552,0.4946,233.2923,234.932,236.3186,40.309,39.2279,39.0142,234.514,39.4942,4.2448,73.0062,0.0,0.8294,da70c997ae101c5edabb0cc2eeeadd2da280918304fbaad0be3c8e2cddaeb846,train,public-reference-or-acquired
DS-090,dataset/acquisition/acquired/DS-090/Hemp_growth/C1/ryb_C1_20241225_17_00.jpg,ryb_C1_20241225_17_00.jpg,growth_time_series,DS-090|C1|growth_time_series,C1,dataset/acquisition/acquired/DS-090/Hemp_growth/C1,path-derived,whole-plant,273,552,0.4946,243.9411,244.0711,242.8696,35.2266,34.9363,35.9038,243.5174,35.0983,1.9899,83.8204,0.0,0.9063,92eac55d41b3983474171ebf2302d4e83d688d49f4f0371f7c63c5d3a60b8fef,train,public-reference-or-acquired
DS-090,dataset/acquisition/acquired/DS-090/Hemp_growth/C1/ryb_C1_20241226_08_00.jpg,ryb_C1_20241226_08_00.jpg,growth_time_series,DS-090|C1|growth_time_series,C1,dataset/acquisition/acquired/DS-090/Hemp_growth/C1,path-derived,whole-plant,273,552,0.4946,244.5869,244.893,244.9161,34.51,33.9015,33.0924,244.3858,33.9729,1.5159,58.6046,0.0,0.9067,47647cf57740f90d8157616afa5abc731afeb2294a3e587548cc6a1b08221164,train,public-reference-or-acquired
DS-090,dataset/acquisition/acquired/DS-090/Hemp_growth/C1/ryb_C1_20241226_09_00.jpg,ryb_C1_20241226_09_00.jpg,growth_time_series,DS-090|C1|growth_time_series,C1,dataset/acquisition/acquired/DS-090/Hemp_growth/C1,path-derived,whole-plant,273,552,0.4946,248.9099,249.6888,248.9636,24.5785,23.3407,22.9852,248.9329,23.5828,1.337,19.3968,0.0,0.9457,48ae65b9a26d7e97cd1cbfb065b40f4883ba93d82918577a2bf2530622fb992a,train,public-reference-or-acquired
DS-090,dataset/acquisition/acquired/DS-090/Hemp_growth/C1/ryb_C1_20241226_10_00.jpg,ryb_C1_20241226_10_00.jpg,growth_time_series,DS-090|C1|growth_time_series,C1,dataset/acquisition/acquired/DS-090/Hemp_growth/C1,path-derived,whole-plant,273,552,0.4946,245.7082,245.9851,244.6566,31.4448,31.0197,32.7404,245.329,31.2873,1.5769,61.6482,0.0,0.9069,f9bbc6fa7052ab9613531488f8da74251105b914e4156876a72d4ad2450c1b7c,train,public-reference-or-acquired
DS-090,dataset/acquisition/acquired/DS-090/Hemp_growth/C1/ryb_C1_20241226_11_00.jpg,ryb_C1_20241226_11_00.jpg,growth_time_series,DS-090|C1|growth_time_series,C1,dataset/acquisition/acquired/DS-090/Hemp_growth/C1,path-derived,whole-plant,273,552,0.4946,245.9125,246.3483,245.2627,31.1482,30.3209,31.7186,245.6673,30.6806,1.5004,59.4032,0.0,0.9088,e138504a435851ff53a57327145a542e669f9775e7fab58da4fd85c00dcca553,train,public-reference-or-acquired
DS-090,dataset/acquisition/acquired/DS-090/Hemp_growth/C1/ryb_C1_20241226_12_00.jpg,ryb_C1_20241226_12_00.jpg,growth_time_series,DS-090|C1|growth_time_series,C1,dataset/acquisition/acquired/DS-090/Hemp_growth/C1,path-derived,whole-plant,273,552,0.4946,243.4883,243.8666,242.7331,35.6348,34.8357,35.7741,243.2487,35.1474,1.9908,86.2947,0.0,0.9013,cca04ee7d536eea182567359bcff2fc8f6b9b1e2c6c8d7b2f0d560efba14a975,train,public-reference-or-acquired
DS-090,dataset/acquisition/acquired/DS-090/Hemp_growth/C1/ryb_C1_20241226_13_00.jpg,ryb_C1_20241226_13_00.jpg,growth_time_series,DS-090|C1|growth_time_series,C1,dataset/acquisition/acquired/DS-090/Hemp_growth/C1,path-derived,whole-plant,273,552,0.4946,245.7905,246.3165,245.4761,31.1922,30.1839,31.0807,245.6411,30.5384,1.4868,60.659,0.0,0.907,689a2bb76116f692df7ef92cc1c930eabab33705f7172b64c7f9a9ba5975ed95,train,public-reference-or-acquired
DS-090,dataset/acquisition/acquired/DS-090/Hemp_growth/C1/ryb_C1_20241226_14_00.jpg,ryb_C1_20241226_14_00.jpg,growth_time_series,DS-090|C1|growth_time_series,C1,dataset/acquisition/acquired/DS-090/Hemp_growth/C1,path-derived,whole-plant,273,552,0.4946,244.9381,245.4568,244.3355,32.8093,32.019,33.1793,244.7848,32.3347,1.8087,62.6303,0.0,0.9062,0fb8ad41c86cfadb57decd96610e98a9c5b55f87d738bac332000b9f5bbb9a8b,train,public-reference-or-acquired
DS-090,dataset/acquisition/acquired/DS-090/Hemp_growth/C1/ryb_C1_20241226_15_00.jpg,ryb_C1_20241226_15_00.jpg,growth_time_series,DS-090|C1|growth_time_series,C1,dataset/acquisition/acquired/DS-090/Hemp_growth/C1,path-derived,whole-plant,273,552,0.4946,238.2982,239.2526,238.3457,38.1108,37.0648,37.9854,238.6622,37.4443,3.3445,76.6755,0.0,0.8756,658af42cf38bd49aee3c5376730d9a9b90e84a66294255af9009ee9bd262ecb5,train,public-reference-or-acquired
DS-090,dataset/acquisition/acquired/DS-090/Hemp_growth/C1/ryb_C1_20241226_16_00.jpg,ryb_C1_20241226_16_00.jpg,growth_time_series,DS-090|C1|growth_time_series,C1,dataset/acquisition/acquired/DS-090/Hemp_growth/C1,path-derived,whole-plant,273,552,0.4946,242.7764,243.1181,241.8354,36.5793,35.9941,36.9828,242.5089,36.2446,2.1098,99.595,0.0,0.8963,df5c089e5dd17215676fade63e1d99df8fc19f74d9067ce5357f76db33bdcb3e,train,public-reference-or-acquired
DS-090,dataset/acquisition/acquired/DS-090/Hemp_growth/C1/ryb_C1_20241226_17_00.jpg,ryb_C1_20241226_17_00.jpg,growth_time_series,DS-090|C1|growth_time_series,C1,dataset/acquisition/acquired/DS-090/Hemp_growth/C1,path-derived,whole-plant,273,552,0.4946,242.1562,243.0903,242.2498,37.3467,35.7015,36.225,242.3636,36.2201,2.1278,101.7055,0.0,0.8965,134601981e3881e0967672f22fb52b5d43a19fa48143f24d39097de8d3d0b92a,train,public-reference-or-acquired
DS-090,dataset/acquisition/acquired/DS-090/Hemp_growth/C1/ryb_C1_20241227_08_00.jpg,ryb_C1_20241227_08_00.jpg,growth_time_series,DS-090|C1|growth_time_series,C1,dataset/acquisition/acquired/DS-090/Hemp_growth/C1,path-derived,whole-plant,273,552,0.4946,244.9769,244.9769,244.9769,33.1017,33.1017,33.1017,244.6178,33.1012,1.8779,27.2911,0.0,0.9095,b4d019648db587d2f0947336863fc5eb0e584526478483331e23440867bdc2ba,train,public-reference-or-acquired
DS-090,dataset/acquisition/acquired/DS-090/Hemp_growth/C1/ryb_C1_20241227_09_00.jpg,ryb_C1_20241227_09_00.jpg,growth_time_series,DS-090|C1|growth_time_series,C1,dataset/acquisition/acquired/DS-090/Hemp_growth/C1,path-derived,whole-plant,273,552,0.4946,244.9539,245.3235,243.7539,32.7758,32.1533,34.2504,244.6296,32.5212,1.712,72.5842,0.0,0.9025,604dee3c777b8c159d11d180d2050ac1bccc58e7b1cb4b8498d65bbd085f4ae5,train,public-reference-or-acquired
DS-090,dataset/acquisition/acquired/DS-090/Hemp_growth/C1/ryb_C1_20241227_10_00.jpg,ryb_C1_20241227_10_00.jpg,growth_time_series,DS-090|C1|growth_time_series,C1,dataset/acquisition/acquired/DS-090/Hemp_growth/C1,path-derived,whole-plant,273,552,0.4946,245.2311,245.7387,244.708,32.182,31.2046,32.436,245.0534,31.5885,1.5903,71.8024,0.0,0.9038,b4a733a3681bfc8f4617ab9dabd0c2f25ca7f80e7bdba2656215f19fc86d66b0,train,public-reference-or-acquired
DS-090,dataset/acquisition/acquired/DS-090/Hemp_growth/C1/ryb_C1_20241227_11_00.jpg,ryb_C1_20241227_11_00.jpg,growth_time_series,DS-090|C1|growth_time_series,C1,dataset/acquisition/acquired/DS-090/Hemp_growth/C1,path-derived,whole-plant,273,552,0.4946,246.0533,246.48,245.3542,30.4968,29.6587,31.1566,245.8011,30.0306,1.5233,59.326,0.0,0.9074,d8a63156c863453b37a0ad40ba8318b687c746b02a3a4e688b6d1162bf294f1b,train,public-reference-or-acquired
DS-090,dataset/acquisition/acquired/DS-090/Hemp_growth/C1/ryb_C1_20241227_12_00.jpg,ryb_C1_20241227_12_00.jpg,growth_time_series,DS-090|C1|growth_time_series,C1,dataset/acquisition/acquired/DS-090/Hemp_growth/C1,path-derived,whole-plant,273,552,0.4946,245.0116,245.4883,244.2608,32.3902,31.5739,32.9104,244.8043,31.9209,1.7209,72.0162,0.0,0.9012,5a3edfe85e2bf3381038d9e6d26ac2b74d73e9c442a4ecc3ae844456318ff2a3,train,public-reference-or-acquired
DS-090,dataset/acquisition/acquired/DS-090/Hemp_growth/C1/ryb_C1_20241227_13_00.jpg,ryb_C1_20241227_13_00.jpg,growth_time_series,DS-090|C1|growth_time_series,C1,dataset/acquisition/acquired/DS-090/Hemp_growth/C1,path-derived,whole-plant,273,552,0.4946,244.9005,245.3853,244.3454,32.5173,31.6706,32.8444,244.7206,32.0091,1.6341,77.0153,0.0,0.9001,3552d334b03e7d97de8060c9f092c3eea5c966709a38a2d5e9cd0b332978f01d,train,public-reference-or-acquired
DS-090,dataset/acquisition/acquired/DS-090/Hemp_growth/C1/ryb_C1_20241227_14_00.jpg,ryb_C1_20241227_14_00.jpg,growth_time_series,DS-090|C1|growth_time_series,C1,dataset/acquisition/acquired/DS-090/Hemp_growth/C1,path-derived,whole-plant,273,552,0.4946,243.6458,244.185,242.8777,34.7255,33.852,35.0393,243.5009,34.2095,1.9896,86.3681,0.0,0.8973,d1cfcd9433d8ec5af233c4067550581fe4192f1421655d61a42917c5a25895e7,train,public-reference-or-acquired
DS-090,dataset/acquisition/acquired/DS-090/Hemp_growth/C1/ryb_C1_20241227_15_00.jpg,ryb_C1_20241227_15_00.jpg,growth_time_series,DS-090|C1|growth_time_series,C1,dataset/acquisition/acquired/DS-090/Hemp_growth/C1,path-derived,whole-plant,273,552,0.4946,241.9009,242.6856,241.3551,35.7276,34.7357,35.6684,241.9938,35.087,2.6228,77.0658,0.0,0.8928,63f7ab66149892988bf94c423620768eaa0373b90b5e4dd9d451f471696e33fe,train,public-reference-or-acquired
DS-090,dataset/acquisition/acquired/DS-090/Hemp_growth/C1/ryb_C1_20241227_16_00.jpg,ryb_C1_20241227_16_00.jpg,growth_time_series,DS-090|C1|growth_time_series,C1,dataset/acquisition/acquired/DS-090/Hemp_growth/C1,path-derived,whole-plant,273,552,0.4946,243.8606,244.2274,242.5509,34.4374,33.7527,35.4229,243.5509,34.0962,2.0051,86.5772,0.0,0.8963,38edd0c8202e018eccb47877aad38ab33e5f7a606b5590bac3f356d48748b8ff,train,public-reference-or-acquired
DS-090,dataset/acquisition/acquired/DS-090/Hemp_growth/C1/ryb_C1_20241227_17_00.jpg,ryb_C1_20241227_17_00.jpg,growth_time_series,DS-090|C1|growth_time_series,C1,dataset/acquisition/acquired/DS-090/Hemp_growth/C1,path-derived,whole-plant,273,552,0.4946,238.7517,240.4286,240.5695,39.9037,37.9351,37.5328,239.6651,38.4382,2.8471,113.1885,0.0,0.8859,b4f8021c16c3065aae33712589aa383efb626ea4ab5ea1ad0cda91ee8bd5002b,train,public-reference-or-acquired
DS-090,dataset/acquisition/acquired/DS-090/Hemp_growth/C1/ryb_C1_20241228_08_00.jpg,ryb_C1_20241228_08_00.jpg,growth_time_series,DS-090|C1|growth_time_series,C1,dataset/acquisition/acquired/DS-090/Hemp_growth/C1,path-derived,whole-plant,273,552,0.4946,240.6695,241.1713,239.9388,37.5371,36.8273,37.0999,240.5804,37.0436,2.6759,65.2168,0.0,0.8869,be79073e8339f2487d4dc133d5c60f584083c297effa3264253f950fea1a805a,train,public-reference-or-acquired
DS-090,dataset/acquisition/acquired/DS-090/Hemp_growth/C1/ryb_C1_20241228_09_00.jpg,ryb_C1_20241228_09_00.jpg,growth_time_series,DS-090|C1|growth_time_series,C1,dataset/acquisition/acquired/DS-090/Hemp_growth/C1,path-derived,whole-plant,273,552,0.4946,249.0568,249.5728,248.4324,23.3316,22.6984,23.3054,248.8459,22.8583,1.4138,22.6432,0.0,0.9421,0033c53bce5cc6231c6de971dcfc850923fd1fb502487bf0e60de7afcd9d6c44,train,public-reference-or-acquired
DS-090,dataset/acquisition/acquired/DS-090/Hemp_growth/C1/ryb_C1_20241228_10_00.jpg,ryb_C1_20241228_10_00.jpg,growth_time_series,DS-090|C1|growth_time_series,C1,dataset/acquisition/acquired/DS-090/Hemp_growth/C1,path-derived,whole-plant,273,552,0.4946,244.9904,245.3621,244.116,32.2819,31.5945,33.2026,244.7065,31.9342,1.6951,77.4468,0.0,0.9,30918f89fd3895213a8d2b0959e1017cb952591e5469ceb8d6e22e882a06b30d,train,public-reference-or-acquired
DS-090,dataset/acquisition/acquired/DS-090/Hemp_growth/C1/ryb_C1_20241228_11_00.jpg,ryb_C1_20241228_11_00.jpg,growth_time_series,DS-090|C1|growth_time_series,C1,dataset/acquisition/acquired/DS-090/Hemp_growth/C1,path-derived,whole-plant,273,552,0.4946,241.695,242.4079,242.057,37.7752,36.6769,36.5658,241.8095,36.9625,2.1874,110.4682,0.0,0.8904,078a8dccdcb415aa7814eb96e978eacb41223185fa992cfaf03718bedbf6115b,train,public-reference-or-acquired
DS-090,dataset/acquisition/acquired/DS-090/Hemp_growth/C1/ryb_C1_20241228_12_00.jpg,ryb_C1_20241228_12_00.jpg,growth_time_series,DS-090|C1|growth_time_series,C1,dataset/acquisition/acquired/DS-090/Hemp_growth/C1,path-derived,whole-plant,273,552,0.4946,242.6962,243.3588,241.9517,36.0447,34.8831,36.3919,242.6283,35.3497,1.987,103.865,0.0,0.8872,b5293d645138c1bed428ea392d25b72e5c37f9d1b5e5b230af49920e5d9fce55,train,public-reference-or-acquired
DS-090,dataset/acquisition/acquired/DS-090/Hemp_growth/C1/ryb_C1_20241228_13_00.jpg,ryb_C1_20241228_13_00.jpg,growth_time_series,DS-090|C1|growth_time_series,C1,dataset/acquisition/acquired/DS-090/Hemp_growth/C1,path-derived,whole-plant,273,552,0.4946,242.1399,242.9624,240.8548,36.2605,34.8688,37.1628,242.132,35.4866,2.2459,97.2357,0.0,0.8838,e5b3329ec2be8b0478e5155c7bef68509cce66595a98e2bd51997af36a3f4c32,train,public-reference-or-acquired
DS-090,dataset/acquisition/acquired/DS-090/Hemp_growth/C1/ryb_C1_20241228_14_00.jpg,ryb_C1_20241228_14_00.jpg,growth_time_series,DS-090|C1|growth_time_series,C1,dataset/acquisition/acquired/DS-090/Hemp_growth/C1,path-derived,whole-plant,273,552,0.4946,240.4693,241.4283,240.5425,37.7666,36.2602,37.1669,240.7339,36.7684,2.4968,97.0695,0.0,0.8786,0c8fb8c6e07b8bab67dae70ac89d68f12bd4972c009c91af8ac6e247bf7c2a44,train,public-reference-or-acquired
DS-090,dataset/acquisition/acquired/DS-090/Hemp_growth/C1/ryb_C1_20241228_15_00.jpg,ryb_C1_20241228_15_00.jpg,growth_time_series,DS-090|C1|growth_time_series,C1,dataset/acquisition/acquired/DS-090/Hemp_growth/C1,path-derived,whole-plant,273,552,0.4946,241.5792,242.4645,240.914,36.5943,35.1744,36.7369,241.698,35.7195,2.441,96.4773,0.0,0.8823,85205bc303e314a3eba9fc857654e63f3ec176b2f079b0cf54dea98eda85d819,train,public-reference-or-acquired
DS-090,dataset/acquisition/acquired/DS-090/Hemp_growth/C1/ryb_C1_20241228_16_00.jpg,ryb_C1_20241228_16_00.jpg,growth_time_series,DS-090|C1|growth_time_series,C1,dataset/acquisition/acquired/DS-090/Hemp_growth/C1,path-derived,whole-plant,273,552,0.4946,238.2353,239.2558,238.2163,39.6805,38.3146,39.4002,238.5844,38.8059,2.9262,115.3831,0.0,0.8709,344623cf3b98e3e35c915f951192767ddcd5e5739d4be2af9eef2f5dfa6c800c,train,public-reference-or-acquired
DS-090,dataset/acquisition/acquired/DS-090/Hemp_growth/C1/ryb_C1_20241228_17_00.jpg,ryb_C1_20241228_17_00.jpg,growth_time_series,DS-090|C1|growth_time_series,C1,dataset/acquisition/acquired/DS-090/Hemp_growth/C1,path-derived,whole-plant,273,552,0.4946,238.6329,239.8127,238.4588,40.2688,38.5973,39.8903,239.0253,39.1996,2.7368,129.091,0.0,0.8723,e16bc4ce77771f6febd21e34f63d32d6b3a2fb1c1b31e8cb952d332d807b92ec,train,public-reference-or-acquired
DS-090,dataset/acquisition/acquired/DS-090/Hemp_growth/C1/ryb_C1_20241229_08_00.jpg,ryb_C1_20241229_08_00.jpg,growth_time_series,DS-090|C1|growth_time_series,C1,dataset/acquisition/acquired/DS-090/Hemp_growth/C1,path-derived,whole-plant,273,552,0.4946,242.8358,243.2778,243.0131,36.7086,35.7764,35.6173,242.7093,36.0212,1.6931,92.7922,0.0,0.8908,e3a4b120901865f7de132c4f4de04a34b5bfdc90f4ac0ffbfdd8f21fa7edd48b,train,public-reference-or-acquired
DS-090,dataset/acquisition/acquired/DS-090/Hemp_growth/C1/ryb_C1_20241229_09_00.jpg,ryb_C1_20241229_09_00.jpg,growth_time_series,DS-090|C1|growth_time_series,C1,dataset/acquisition/acquired/DS-090/Hemp_growth/C1,path-derived,whole-plant,273,552,0.4946,232.3606,236.8017,240.1196,45.0068,40.8193,37.7229,235.6134,41.5521,3.4504,128.8496,0.0,0.8289,e4bce698dd9c03394abf22a5380e38291fbb402c2309b1e82adbdd94b2d3c684,train,public-reference-or-acquired
DS-090,dataset/acquisition/acquired/DS-090/Hemp_growth/C1/ryb_C1_20241229_10_00.jpg,ryb_C1_20241229_10_00.jpg,growth_time_series,DS-090|C1|growth_time_series,C1,dataset/acquisition/acquired/DS-090/Hemp_growth/C1,path-derived,whole-plant,273,552,0.4946,235.5363,237.1679,237.8026,42.2867,40.3032,40.4083,236.5253,40.8668,3.3781,145.5291,0.0,0.8484,c034706d601188606677a2aae68d12e2ea9e2c5446efa0fde486ef549e321b6d,train,public-reference-or-acquired
DS-090,dataset/acquisition/acquired/DS-090/Hemp_growth/C1/ryb_C1_20241229_11_00.jpg,ryb_C1_20241229_11_00.jpg,growth_time_series,DS-090|C1|growth_time_series,C1,dataset/acquisition/acquired/DS-090/Hemp_growth/C1,path-derived,whole-plant,273,552,0.4946,241.1519,241.9572,241.2793,38.2671,36.7271,37.6334,241.2655,37.2477,2.0032,123.5914,0.0,0.8771,5afd727ef10e07b122193a5391d81edaa81781bfcec2854652f637db679723c4,train,public-reference-or-acquired
DS-090,dataset/acquisition/acquired/DS-090/Hemp_growth/C1/ryb_C1_20241229_12_00.jpg,ryb_C1_20241229_12_00.jpg,growth_time_series,DS-090|C1|growth_time_series,C1,dataset/acquisition/acquired/DS-090/Hemp_growth/C1,path-derived,whole-plant,273,552,0.4946,240.6405,241.5349,239.8825,38.2223,36.6075,39.2235,240.7198,37.3141,2.1609,123.9546,0.0,0.8676,70e666acf7865d293faabd05a18254097f63192a49c2a61e974753fd101b468d,train,public-reference-or-acquired
DS-090,dataset/acquisition/acquired/DS-090/Hemp_growth/C1/ryb_C1_20241229_13_00.jpg,ryb_C1_20241229_13_00.jpg,growth_time_series,DS-090|C1|growth_time_series,C1,dataset/acquisition/acquired/DS-090/Hemp_growth/C1,path-derived,whole-plant,273,552,0.4946,241.1365,242.5191,240.0753,36.3128,34.3314,37.8649,241.486,35.2103,2.4396,99.2822,0.0,0.8708,fbe5fa9a360af9202d88387e64a0b06a48d720d48948c4d7963aaa2c755957e0,train,public-reference-or-acquired
DS-090,dataset/acquisition/acquired/DS-090/Hemp_growth/C1/ryb_C1_20241229_14_00.jpg,ryb_C1_20241229_14_00.jpg,growth_time_series,DS-090|C1|growth_time_series,C1,dataset/acquisition/acquired/DS-090/Hemp_growth/C1,path-derived,whole-plant,273,552,0.4946,241.5985,242.5573,240.2767,35.6103,34.2109,36.8615,241.6791,34.8257,2.5197,89.004,0.0,0.8755,1e340b971679be330c97777957d5728700c841f794d81e9e409e06f4767e0744,train,public-reference-or-acquired
DS-090,dataset/acquisition/acquired/DS-090/Hemp_growth/C1/ryb_C1_20241229_15_00.jpg,ryb_C1_20241229_15_00.jpg,growth_time_series,DS-090|C1|growth_time_series,C1,dataset/acquisition/acquired/DS-090/Hemp_growth/C1,path-derived,whole-plant,273,552,0.4946,233.0287,234.6688,232.0375,41.3998,39.8251,42.5363,233.7705,40.5384,4.1798,115.4512,0.0,0.8295,535ff94e53d77a81436ba76ee590afc5e635d7ed57987d966bf96e36dbad0588,train,public-reference-or-acquired
DS-090,dataset/acquisition/acquired/DS-090/Hemp_growth/C1/ryb_C1_20241229_16_00.jpg,ryb_C1_20241229_16_00.jpg,growth_time_series,DS-090|C1|growth_time_series,C1,dataset/acquisition/acquired/DS-090/Hemp_growth/C1,path-derived,whole-plant,273,552,0.4946,233.2429,234.868,233.1038,42.8817,41.0957,42.9838,234.0276,41.7944,3.8703,136.9228,0.0,0.8394,43f975ce10e9029f1215a3253d71820f13afcdcedc3dd67c25f7dbb63f376b37,train,public-reference-or-acquired
DS-090,dataset/acquisition/acquired/DS-090/Hemp_growth/C1/ryb_C1_20241229_17_00.jpg,ryb_C1_20241229_17_00.jpg,growth_time_series,DS-090|C1|growth_time_series,C1,dataset/acquisition/acquired/DS-090/Hemp_growth/C1,path-derived,whole-plant,273,552,0.4946,235.4883,236.8611,235.4931,42.2963,40.6081,42.2051,236.0737,41.246,3.3315,147.9924,0.0,0.855,d296d010138a2631aad7c2b6f3bae7eaf7511c547da2e34a69c2627927fd7b99,train,public-reference-or-acquired
DS-090,dataset/acquisition/acquired/DS-090/Hemp_growth/C1/ryb_C1_20241230_08_00.jpg,ryb_C1_20241230_08_00.jpg,growth_time_series,DS-090|C1|growth_time_series,C1,dataset/acquisition/acquired/DS-090/Hemp_growth/C1,path-derived,whole-plant,273,552,0.4946,241.2975,241.8368,241.2324,38.0267,36.986,37.2436,241.2252,37.3008,2.0128,110.856,0.0,0.8747,afaa1c2c6547839d144a4c78015be48b6c683bba4aa2843236ae39c00ce4b79f,train,public-reference-or-acquired
DS-090,dataset/acquisition/acquired/DS-090/Hemp_growth/C1/ryb_C1_20241230_09_00.jpg,ryb_C1_20241230_09_00.jpg,growth_time_series,DS-090|C1|growth_time_series,C1,dataset/acquisition/acquired/DS-090/Hemp_growth/C1,path-derived,whole-plant,273,552,0.4946,241.0341,241.7797,240.1705,38.256,36.7014,38.7656,241.0001,37.3553,2.1558,134.6855,0.0,0.8719,c37c3d962e1533721b4b37afd4686b5cb1debb8133aed6a634326eb606506fe3,train,public-reference-or-acquired
DS-090,dataset/acquisition/acquired/DS-090/Hemp_growth/C1/ryb_C1_20241230_10_00.jpg,ryb_C1_20241230_10_00.jpg,growth_time_series,DS-090|C1|growth_time_series,C1,dataset/acquisition/acquired/DS-090/Hemp_growth/C1,path-derived,whole-plant,273,552,0.4946,237.4077,239.0141,238.4181,41.1828,38.6273,39.8752,238.1627,39.4814,2.7744,164.8945,0.0,0.8552,26e3fd27028f533805e0fe7fc4c0ea13a271afd20346ef4295191808d02c11f0,train,public-reference-or-acquired
DS-090,dataset/acquisition/acquired/DS-090/Hemp_growth/C1/ryb_C1_20241230_11_00.jpg,ryb_C1_20241230_11_00.jpg,growth_time_series,DS-090|C1|growth_time_series,C1,dataset/acquisition/acquired/DS-090/Hemp_growth/C1,path-derived,whole-plant,273,552,0.4946,239.5181,240.6014,238.9651,39.614,37.5913,39.9689,239.7271,38.4119,2.2872,153.7375,0.0,0.8601,5a7f2f3ff90380759e93b973b616b93806e9c297fcf4b194d03f57fe7ae34c9f,train,public-reference-or-acquired
DS-090,dataset/acquisition/acquired/DS-090/Hemp_growth/C1/ryb_C1_20241230_12_00.jpg,ryb_C1_20241230_12_00.jpg,growth_time_series,DS-090|C1|growth_time_series,C1,dataset/acquisition/acquired/DS-090/Hemp_growth/C1,path-derived,whole-plant,273,552,0.4946,237.5504,238.6313,236.1398,40.7839,39.0545,41.8539,237.7187,39.8353,2.8075,141.9764,0.0,0.8477,f02e4aa581f1547c91c96ed7d949b8fb2c569777dbde37154e68794dd0e5d601,train,public-reference-or-acquired
DS-090,dataset/acquisition/acquired/DS-090/Hemp_growth/C1/ryb_C1_20241230_13_00.jpg,ryb_C1_20241230_13_00.jpg,growth_time_series,DS-090|C1|growth_time_series,C1,dataset/acquisition/acquired/DS-090/Hemp_growth/C1,path-derived,whole-plant,273,552,0.4946,236.5888,237.5855,235.6795,40.8452,39.2363,41.2642,236.7928,39.8949,2.9962,141.6614,0.0,0.8399,79704fdc643b4ee85b8f3434292c59b281bec0883624323084a0aa88670da647,train,public-reference-or-acquired
DS-090,dataset/acquisition/acquired/DS-090/Hemp_growth/C1/ryb_C1_20241230_14_00.jpg,ryb_C1_20241230_14_00.jpg,growth_time_series,DS-090|C1|growth_time_series,C1,dataset/acquisition/acquired/DS-090/Hemp_growth/C1,path-derived,whole-plant,273,552,0.4946,239.4564,241.0082,238.5997,38.7394,36.3461,39.3837,239.9277,37.3262,2.4706,127.4127,0.0,0.8532,1661cc289e95dead3b1b69d61c9e6930366062043a871c7398430842cc43507d,train,public-reference-or-acquired
DS-090,dataset/acquisition/acquired/DS-090/Hemp_growth/C1/ryb_C1_20241230_15_00.jpg,ryb_C1_20241230_15_00.jpg,growth_time_series,DS-090|C1|growth_time_series,C1,dataset/acquisition/acquired/DS-090/Hemp_growth/C1,path-derived,whole-plant,273,552,0.4946,238.7492,240.0256,238.2765,39.7298,37.8546,39.9172,239.1098,38.5806,2.5545,135.1278,0.0,0.8516,eb13e1d3ee0a3dc21162dbfc49fe827d020b001c96b2524c412fbad6e9f137b3,train,public-reference-or-acquired
DS-090,dataset/acquisition/acquired/DS-090/Hemp_growth/C1/ryb_C1_20241230_16_00.jpg,ryb_C1_20241230_16_00.jpg,growth_time_series,DS-090|C1|growth_time_series,C1,dataset/acquisition/acquired/DS-090/Hemp_growth/C1,path-derived,whole-plant,273,552,0.4946,229.8954,232.8397,231.7745,43.8948,41.9765,43.4227,231.7235,42.6605,4.3369,147.8779,0.0,0.8202,4f679e7b4da207c14d2342741d094cd2f55ef095a4bc949fc39d55ef38be9e0d,train,public-reference-or-acquired
DS-090,dataset/acquisition/acquired/DS-090/Hemp_growth/C1/ryb_C1_20241230_17_00.jpg,ryb_C1_20241230_17_00.jpg,growth_time_series,DS-090|C1|growth_time_series,C1,dataset/acquisition/acquired/DS-090/Hemp_growth/C1,path-derived,whole-plant,273,552,0.4946,237.2278,238.3673,236.4789,41.059,39.6474,41.0978,237.5353,40.1876,3.0421,150.8785,0.0,0.8562,ab4f16e1b2e6ce10be13910afc9c5aa7cf772d357567c8d005b62762ce442d0e,train,public-reference-or-acquired
DS-090,dataset/acquisition/acquired/DS-090/Hemp_growth/C1/ryb_C1_20241231_08_00.jpg,ryb_C1_20241231_08_00.jpg,growth_time_series,DS-090|C1|growth_time_series,C1,dataset/acquisition/acquired/DS-090/Hemp_growth/C1,path-derived,whole-plant,273,552,0.4946,244.0789,244.0789,244.0789,30.7325,30.7325,30.7325,243.7379,30.7295,2.2103,35.1558,0.0,0.8814,9fb6d0a21924d57192f5e2679d69951a136a2f0ce38ed43b162b22478c1aca75,train,public-reference-or-acquired
DS-090,dataset/acquisition/acquired/DS-090/Hemp_growth/C1/ryb_C1_20241231_09_00.jpg,ryb_C1_20241231_09_00.jpg,growth_time_series,DS-090|C1|growth_time_series,C1,dataset/acquisition/acquired/DS-090/Hemp_growth/C1,path-derived,whole-plant,273,552,0.4946,240.0089,241.234,239.942,38.354,36.1739,37.7841,240.3417,36.9533,2.1877,141.9826,0.0,0.8576,da1ddd59ad24baa413cb78c214c5ce3dc3b766cc926823e36c64ab41631d5703,train,public-reference-or-acquired
DS-090,dataset/acquisition/acquired/DS-090/Hemp_growth/C1/ryb_C1_20241231_10_00.jpg,ryb_C1_20241231_10_00.jpg,growth_time_series,DS-090|C1|growth_time_series,C1,dataset/acquisition/acquired/DS-090/Hemp_growth/C1,path-derived,whole-plant,273,552,0.4946,234.1227,235.8049,234.0813,44.2604,41.8169,44.0582,234.8498,42.7581,3.2447,195.6739,0.0,0.8318,275b8d9a3f4b8d1c4bf2f1ef0a73b36c0f4850563c5ffebdad9fb905a9f6ddb3,train,public-reference-or-acquired
DS-090,dataset/acquisition/acquired/DS-090/Hemp_growth/C1/ryb_C1_20241231_11_00.jpg,ryb_C1_20241231_11_00.jpg,growth_time_series,DS-090|C1|growth_time_series,C1,dataset/acquisition/acquired/DS-090/Hemp_growth/C1,path-derived,whole-plant,273,552,0.4946,236.6379,237.8777,235.5261,42.6193,40.4765,43.6018,236.909,41.4138,2.676,172.8362,0.0,0.8384,1723bf4b9d0b5a74b90e244f3391259e3131fe68397adc716564b15cacd74f3b,train,public-reference-or-acquired
DS-090,dataset/acquisition/acquired/DS-090/Hemp_growth/C1/ryb_C1_20241231_12_00.jpg,ryb_C1_20241231_12_00.jpg,growth_time_series,DS-090|C1|growth_time_series,C1,dataset/acquisition/acquired/DS-090/Hemp_growth/C1,path-derived,whole-plant,273,552,0.4946,236.5928,238.2782,236.1947,41.7565,39.0515,42.0759,237.2096,40.1269,2.723,154.8186,0.0,0.8327,3a56df2cef5e107398d770e82ab849de70108032a949639719c6731bdea37567,train,public-reference-or-acquired
DS-090,dataset/acquisition/acquired/DS-090/Hemp_growth/C1/ryb_C1_20241231_13_00.jpg,ryb_C1_20241231_13_00.jpg,growth_time_series,DS-090|C1|growth_time_series,C1,dataset/acquisition/acquired/DS-090/Hemp_growth/C1,path-derived,whole-plant,273,552,0.4946,239.9273,241.2804,237.8471,36.539,34.542,39.0861,240.1454,35.5251,2.6689,117.6409,0.0,0.846,73e02e403db9f2e1c6e1bfead16557c483d01e52dfdb2df2c5ca757619299a88,train,public-reference-or-acquired
DS-090,dataset/acquisition/acquired/DS-090/Hemp_growth/C1/ryb_C1_20241231_14_00.jpg,ryb_C1_20241231_14_00.jpg,growth_time_series,DS-090|C1|growth_time_series,C1,dataset/acquisition/acquired/DS-090/Hemp_growth/C1,path-derived,whole-plant,273,552,0.4946,235.8822,237.4523,235.962,41.677,39.3627,41.4194,236.5062,40.229,2.8957,162.1464,0.0,0.8306,98f3d5b1dbc065ffd7dbb0c5ede3e356f85f02b9aa1fb81fcddc4cfa73065798,train,public-reference-or-acquired
DS-090,dataset/acquisition/acquired/DS-090/Hemp_growth/C1/ryb_C1_20241231_15_00.jpg,ryb_C1_20241231_15_00.jpg,growth_time_series,DS-090|C1|growth_time_series,C1,dataset/acquisition/acquired/DS-090/Hemp_growth/C1,path-derived,whole-plant,273,552,0.4946,232.7709,234.2452,232.0435,43.3434,41.5034,43.9811,233.3533,42.2795,3.7535,151.4064,0.0,0.8182,8b85a80df642b4ab37ab64c1637477b7c16be73fea04b3bdffc271f384f69f18,train,public-reference-or-acquired
DS-090,dataset/acquisition/acquired/DS-090/Hemp_growth/C1/ryb_C1_20241231_16_00.jpg,ryb_C1_20241231_16_00.jpg,growth_time_series,DS-090|C1|growth_time_series,C1,dataset/acquisition/acquired/DS-090/Hemp_growth/C1,path-derived,whole-plant,273,552,0.4946,238.0297,239.1113,236.0082,39.2654,37.5056,41.0628,238.123,38.3606,2.8668,150.6277,0.0,0.8408,8981c6c63b465e3b3ac0e4e0d33d81fe051d75bc16e967eea5311a642641cf76,train,public-reference-or-acquired
DS-090,dataset/acquisition/acquired/DS-090/Hemp_growth/C1/ryb_C1_20241231_17_00.jpg,ryb_C1_20241231_17_00.jpg,growth_time_series,DS-090|C1|growth_time_series,C1,dataset/acquisition/acquired/DS-090/Hemp_growth/C1,path-derived,whole-plant,273,552,0.4946,235.3741,236.5823,234.0779,42.2601,40.6679,43.3984,235.656,41.4051,3.1032,175.2679,0.0,0.8328,6f0f9774b26cfc52cc3b256afadab96dea8ee8cc78d080732275e204b7bb7e15,train,public-reference-or-acquired
DS-090,dataset/acquisition/acquired/DS-090/Hemp_growth/C2/ryb_C2_20241212_13_40.jpg,ryb_C2_20241212_13_40.jpg,growth_time_series,DS-090|C2|growth_time_series,C2,dataset/acquisition/acquired/DS-090/Hemp_growth/C2,path-derived,whole-plant,273,552,0.4946,234.7679,235.0705,236.2879,32.1007,30.6075,31.9204,235.1782,31.1294,3.8478,52.3568,0.0,0.9262,0f56fddf118d4336164ff3023e1cede967b1cadef5772076a1498bfe89305c7b,val,public-reference-or-acquired
DS-090,dataset/acquisition/acquired/DS-090/Hemp_growth/C2/ryb_C2_20241212_14_00.jpg,ryb_C2_20241212_14_00.jpg,growth_time_series,DS-090|C2|growth_time_series,C2,dataset/acquisition/acquired/DS-090/Hemp_growth/C2,path-derived,whole-plant,273,552,0.4946,244.5611,245.083,243.2765,32.8863,32.2977,32.4243,244.5153,32.4424,3.1458,57.4137,0.0001,0.9531,eacac3deb1fb89215e167fda1c0994ca815b36ede5292cf4ff2a6ec92335b113,val,public-reference-or-acquired
DS-090,dataset/acquisition/acquired/DS-090/Hemp_growth/C2/ryb_C2_20241212_15_00.jpg,ryb_C2_20241212_15_00.jpg,growth_time_series,DS-090|C2|growth_time_series,C2,dataset/acquisition/acquired/DS-090/Hemp_growth/C2,path-derived,whole-plant,273,552,0.4946,226.9797,227.4794,225.7425,34.1441,33.8488,33.0477,227.1377,33.8181,4.5118,56.8381,0.0,0.8854,03abb5b5f4f97caf8ba3eb8d011d1652884bec82c0819f4900be8ea16b8a0952,val,public-reference-or-acquired
DS-090,dataset/acquisition/acquired/DS-090/Hemp_growth/C2/ryb_C2_20241212_16_00.jpg,ryb_C2_20241212_16_00.jpg,growth_time_series,DS-090|C2|growth_time_series,C2,dataset/acquisition/acquired/DS-090/Hemp_growth/C2,path-derived,whole-plant,273,552,0.4946,242.9804,243.4169,241.5893,37.1577,36.6831,36.1908,242.908,36.7483,3.2418,59.7366,0.0,0.9446,d7aa9a6f68c2e5e91ab0be06a96be90691eb6c16ba5ddc922ff0aa1d8ed47d5f,val,public-reference-or-acquired
DS-090,dataset/acquisition/acquired/DS-090/Hemp_growth/C2/ryb_C2_20241212_17_00.jpg,ryb_C2_20241212_17_00.jpg,growth_time_series,DS-090|C2|growth_time_series,C2,dataset/acquisition/acquired/DS-090/Hemp_growth/C2,path-derived,whole-plant,273,552,0.4946,238.0526,238.6657,236.0961,37.5363,37.1947,35.8115,238.1709,37.1222,4.0985,63.4825,0.0,0.9392,ad17f965c457495098a786d09be163f0d909d53b2684bcbdbc1425c788072a03,val,public-reference-or-acquired
DS-090,dataset/acquisition/acquired/DS-090/Hemp_growth/C2/ryb_C2_20241213_08_00.jpg,ryb_C2_20241213_08_00.jpg,growth_time_series,DS-090|C2|growth_time_series,C2,dataset/acquisition/acquired/DS-090/Hemp_growth/C2,path-derived,whole-plant,273,552,0.4946,244.453,245.1029,245.7207,37.7474,37.1552,36.9325,244.6887,37.2877,2.4538,72.3389,0.0001,0.9424,f680876691caf012bf828dee09ab6ea3c0d7404dd2a310df243395011472d93c,val,public-reference-or-acquired
DS-090,dataset/acquisition/acquired/DS-090/Hemp_growth/C2/ryb_C2_20241213_09_00.jpg,ryb_C2_20241213_09_00.jpg,growth_time_series,DS-090|C2|growth_time_series,C2,dataset/acquisition/acquired/DS-090/Hemp_growth/C2,path-derived,whole-plant,273,552,0.4946,245.5187,245.6992,245.5798,36.5835,36.2312,36.3158,245.2672,36.3225,1.8768,71.1518,0.0001,0.9427,95be28fcb39aa94834687363a1f7843f0e5e2442cd92d0032dee4626cb18b1ce,val,public-reference-or-acquired
DS-090,dataset/acquisition/acquired/DS-090/Hemp_growth/C2/ryb_C2_20241213_10_00.jpg,ryb_C2_20241213_10_00.jpg,growth_time_series,DS-090|C2|growth_time_series,C2,dataset/acquisition/acquired/DS-090/Hemp_growth/C2,path-derived,whole-plant,273,552,0.4946,243.4,244.2829,245.0532,37.4278,36.4997,36.8352,243.9214,36.7749,3.2,75.9195,0.0001,0.9427,6ad5ba87321c9ae5df25250fd6314ebc2979272351483d1f0eaf4214c58fa7e7,val,public-reference-or-acquired
DS-090,dataset/acquisition/acquired/DS-090/Hemp_growth/C2/ryb_C2_20241213_11_00.jpg,ryb_C2_20241213_11_00.jpg,growth_time_series,DS-090|C2|growth_time_series,C2,dataset/acquisition/acquired/DS-090/Hemp_growth/C2,path-derived,whole-plant,273,552,0.4946,243.5818,243.8248,243.3304,37.6585,36.9324,37.8131,243.5667,37.2174,3.2295,85.0582,0.0001,0.937,ce20cc593b8097a46c99d3f9d21b54a6077ed2dae2917bc2e98ed4d712fdb72d,val,public-reference-or-acquired
DS-090,dataset/acquisition/acquired/DS-090/Hemp_growth/C2/ryb_C2_20241213_12_00.jpg,ryb_C2_20241213_12_00.jpg,growth_time_series,DS-090|C2|growth_time_series,C2,dataset/acquisition/acquired/DS-090/Hemp_growth/C2,path-derived,whole-plant,273,552,0.4946,239.6989,240.1313,239.4345,37.4196,36.5439,37.3802,239.8717,36.8544,4.2639,81.6996,0.0002,0.9317,77b2aafb4b63759a10a091698e3813843524067f94c125b960431f27e89d56b2,val,public-reference-or-acquired
DS-090,dataset/acquisition/acquired/DS-090/Hemp_growth/C2/ryb_C2_20241213_13_00.jpg,ryb_C2_20241213_13_00.jpg,growth_time_series,DS-090|C2|growth_time_series,C2,dataset/acquisition/acquired/DS-090/Hemp_growth/C2,path-derived,whole-plant,273,552,0.4946,244.7514,244.9547,244.7691,37.5436,37.1907,37.4283,244.5336,37.2922,2.0421,77.9165,0.0001,0.9394,d4ee06892258bfdbd2970c50864dbf3f83d9bd34bb53cc0f75fcd9bf2e52cf36,val,public-reference-or-acquired
DS-090,dataset/acquisition/acquired/DS-090/Hemp_growth/C2/ryb_C2_20241213_14_00.jpg,ryb_C2_20241213_14_00.jpg,growth_time_series,DS-090|C2|growth_time_series,C2,dataset/acquisition/acquired/DS-090/Hemp_growth/C2,path-derived,whole-plant,273,552,0.4946,244.9396,245.06,243.9998,37.1825,36.4735,37.3428,244.5671,36.7286,2.4192,79.904,0.0001,0.94,f3cc40c6263158866bcfd68156d8a85cc8bfb51a0249619b0361c98195b09193,val,public-reference-or-acquired
DS-090,dataset/acquisition/acquired/DS-090/Hemp_growth/C2/ryb_C2_20241213_15_00.jpg,ryb_C2_20241213_15_00.jpg,growth_time_series,DS-090|C2|growth_time_series,C2,dataset/acquisition/acquired/DS-090/Hemp_growth/C2,path-derived,whole-plant,273,552,0.4946,243.7704,244.2119,242.674,37.9609,36.9597,37.9223,243.6329,37.3282,2.7505,75.8822,0.0001,0.9394,47929e2abd0019a2e4223ad193dd88e0ab8ac4ef1c82a9684fc46383e8f11581,val,public-reference-or-acquired
DS-090,dataset/acquisition/acquired/DS-090/Hemp_growth/C2/ryb_C2_20241213_16_00.jpg,ryb_C2_20241213_16_00.jpg,growth_time_series,DS-090|C2|growth_time_series,C2,dataset/acquisition/acquired/DS-090/Hemp_growth/C2,path-derived,whole-plant,273,552,0.4946,231.3059,231.4597,231.4896,37.7641,37.4761,37.5621,231.4334,37.5573,4.3667,74.3567,0.0001,0.9169,2b89fab00f250783c50165410fb235764dcbdc2a3246b336b06276ec641c6113,val,public-reference-or-acquired
DS-090,dataset/acquisition/acquired/DS-090/Hemp_growth/C2/ryb_C2_20241213_17_00.jpg,ryb_C2_20241213_17_00.jpg,growth_time_series,DS-090|C2|growth_time_series,C2,dataset/acquisition/acquired/DS-090/Hemp_growth/C2,path-derived,whole-plant,273,552,0.4946,227.7933,227.9717,228.2325,37.2491,36.9155,36.8538,227.8962,36.9893,4.2901,74.1653,0.0002,0.9031,f780c333c8aeef5ca6a31675348694f66e968a3ac41772d5898bfd4544dcb574,val,public-reference-or-acquired
DS-090,dataset/acquisition/acquired/DS-090/Hemp_growth/C2/ryb_C2_20241214_08_00.jpg,ryb_C2_20241214_08_00.jpg,growth_time_series,DS-090|C2|growth_time_series,C2,dataset/acquisition/acquired/DS-090/Hemp_growth/C2,path-derived,whole-plant,273,552,0.4946,241.4511,241.7693,242.7312,41.1083,40.2555,39.5569,241.5516,40.4051,2.8281,83.6169,0.0001,0.9257,1a99f136f29c9c101d2272faa90ff9e96160d082626402ef91f1704089cdd13f,val,public-reference-or-acquired
DS-090,dataset/acquisition/acquired/DS-090/Hemp_growth/C2/ryb_C2_20241214_09_00.jpg,ryb_C2_20241214_09_00.jpg,growth_time_series,DS-090|C2|growth_time_series,C2,dataset/acquisition/acquired/DS-090/Hemp_growth/C2,path-derived,whole-plant,273,552,0.4946,223.5118,226.326,231.5186,51.3507,48.3926,44.4186,225.8526,48.6924,3.8122,60.2917,0.0002,0.6822,656068d55401b67282a7e675dfe22aaadf686e5b665412f4cf5d223ab32e20c2,val,public-reference-or-acquired
DS-090,dataset/acquisition/acquired/DS-090/Hemp_growth/C2/ryb_C2_20241214_10_00.jpg,ryb_C2_20241214_10_00.jpg,growth_time_series,DS-090|C2|growth_time_series,C2,dataset/acquisition/acquired/DS-090/Hemp_growth/C2,path-derived,whole-plant,273,552,0.4946,232.4617,232.6052,234.9775,39.743,39.1773,39.272,232.6598,39.313,5.0016,90.7674,0.0001,0.9079,1893479177a7c8ee63a08195c926c05e4ecef1b9de85df6d99e3b63ede5d3238,val,public-reference-or-acquired
DS-090,dataset/acquisition/acquired/DS-090/Hemp_growth/C2/ryb_C2_20241214_11_00.jpg,ryb_C2_20241214_11_00.jpg,growth_time_series,DS-090|C2|growth_time_series,C2,dataset/acquisition/acquired/DS-090/Hemp_growth/C2,path-derived,whole-plant,273,552,0.4946,243.6262,244.0236,242.0482,39.4986,39.1073,39.8098,243.3873,39.2655,2.7246,100.8813,0.0002,0.9269,3c29df2aacf19367fd214f6ace572c138eb69a08809ba7c367917dc62dc05619,val,public-reference-or-acquired
DS-090,dataset/acquisition/acquired/DS-090/Hemp_growth/C2/ryb_C2_20241214_12_00.jpg,ryb_C2_20241214_12_00.jpg,growth_time_series,DS-090|C2|growth_time_series,C2,dataset/acquisition/acquired/DS-090/Hemp_growth/C2,path-derived,whole-plant,273,552,0.4946,241.223,242.4227,243.4335,38.6497,37.8041,38.618,242.0696,38.0991,3.9167,93.7036,0.0002,0.93,a8227b1fbd4fd0214aa1649484ce5767c775f5bff33cce604cd00a414fe70a74,val,public-reference-or-acquired
DS-090,dataset/acquisition/acquired/DS-090/Hemp_growth/C2/ryb_C2_20241214_13_00.jpg,ryb_C2_20241214_13_00.jpg,growth_time_series,DS-090|C2|growth_time_series,C2,dataset/acquisition/acquired/DS-090/Hemp_growth/C2,path-derived,whole-plant,273,552,0.4946,243.2355,243.8506,241.0715,37.0477,36.466,38.0738,243.1194,36.7331,3.277,92.0851,0.0001,0.9375,8078c27477ae1ed7afbf6ba768d5d070d314429e8977ab83cfde1b69fce08f87,val,public-reference-or-acquired
DS-090,dataset/acquisition/acquired/DS-090/Hemp_growth/C2/ryb_C2_20241214_14_00.jpg,ryb_C2_20241214_14_00.jpg,growth_time_series,DS-090|C2|growth_time_series,C2,dataset/acquisition/acquired/DS-090/Hemp_growth/C2,path-derived,whole-plant,273,552,0.4946,240.0397,240.4943,240.7005,39.07,38.1237,38.404,240.3243,38.3918,3.6488,79.4113,0.0002,0.9316,a7f61644592aa3f5b4630eeef5decc9e989f900332a0af92f15b0dc804788c90,val,public-reference-or-acquired
DS-090,dataset/acquisition/acquired/DS-090/Hemp_growth/C2/ryb_C2_20241214_15_00.jpg,ryb_C2_20241214_15_00.jpg,growth_time_series,DS-090|C2|growth_time_series,C2,dataset/acquisition/acquired/DS-090/Hemp_growth/C2,path-derived,whole-plant,273,552,0.4946,235.8846,237.0879,239.6849,39.1157,38.4464,39.0915,237.0161,38.6892,4.5218,82.4594,0.0001,0.9301,f36ae8ed566dd7514b3a61eb936da30e0f3e3318495d0c975b2d00e54b6a10a2,val,public-reference-or-acquired
DS-090,dataset/acquisition/acquired/DS-090/Hemp_growth/C2/ryb_C2_20241214_16_00.jpg,ryb_C2_20241214_16_00.jpg,growth_time_series,DS-090|C2|growth_time_series,C2,dataset/acquisition/acquired/DS-090/Hemp_growth/C2,path-derived,whole-plant,273,552,0.4946,233.38,233.607,233.6372,38.2134,37.8448,38.0315,233.611,37.9544,4.372,81.4034,0.0001,0.9276,ba64547fa7ed6ae33a3a4a3dd6b40b33052937c0d464c028662084d3fe34f29c,val,public-reference-or-acquired
DS-090,dataset/acquisition/acquired/DS-090/Hemp_growth/C2/ryb_C2_20241214_17_00.jpg,ryb_C2_20241214_17_00.jpg,growth_time_series,DS-090|C2|growth_time_series,C2,dataset/acquisition/acquired/DS-090/Hemp_growth/C2,path-derived,whole-plant,273,552,0.4946,231.3393,231.2728,233.976,38.495,37.9737,38.3123,231.6017,38.1484,3.9768,84.9166,0.0002,0.9257,37c872cfd8f51eccae2671d69fa0698422dc4a4f13ec8fceb829b6f30be337be,val,public-reference-or-acquired
DS-090,dataset/acquisition/acquired/DS-090/Hemp_growth/C2/ryb_C2_20241215_08_00.jpg,ryb_C2_20241215_08_00.jpg,growth_time_series,DS-090|C2|growth_time_series,C2,dataset/acquisition/acquired/DS-090/Hemp_growth/C2,path-derived,whole-plant,273,552,0.4946,239.0833,239.9264,241.4187,42.2639,41.5441,40.7881,239.6738,41.6493,3.3917,91.3353,0.0001,0.9145,059d7978b41cb1c987f44fd608b32f8c9f44338bd08c53c8291eff193519147e,val,public-reference-or-acquired
DS-090,dataset/acquisition/acquired/DS-090/Hemp_growth/C2/ryb_C2_20241215_09_00.jpg,ryb_C2_20241215_09_00.jpg,growth_time_series,DS-090|C2|growth_time_series,C2,dataset/acquisition/acquired/DS-090/Hemp_growth/C2,path-derived,whole-plant,273,552,0.4946,220.3899,222.5923,226.8053,52.9245,50.4284,47.2331,222.2184,50.7209,4.1044,67.5958,0.0002,0.6456,d7798f71a8654206f93053ccb2cf37f5411cc0678b11a0006c668405420455ad,val,public-reference-or-acquired
DS-090,dataset/acquisition/acquired/DS-090/Hemp_growth/C2/ryb_C2_20241215_10_00.jpg,ryb_C2_20241215_10_00.jpg,growth_time_series,DS-090|C2|growth_time_series,C2,dataset/acquisition/acquired/DS-090/Hemp_growth/C2,path-derived,whole-plant,273,552,0.4946,228.1419,228.4548,229.1266,39.8859,38.8588,39.4558,228.3105,39.1847,5.3238,98.9184,0.0001,0.8751,cf96b138e84b1833b0b38448858b6c6a131292c18adbae6f12d2ce1e74d35da0,val,public-reference-or-acquired
DS-090,dataset/acquisition/acquired/DS-090/Hemp_growth/C2/ryb_C2_20241215_11_00.jpg,ryb_C2_20241215_11_00.jpg,growth_time_series,DS-090|C2|growth_time_series,C2,dataset/acquisition/acquired/DS-090/Hemp_growth/C2,path-derived,whole-plant,273,552,0.4946,242.3815,242.5606,242.6461,40.4461,39.6402,40.3402,242.3354,39.9228,3.1025,113.054,0.0001,0.9219,4866cc0cc9ff1bdd4ca46649603e39f0c412fad9af9a08a5dcf889765b2d6d3e,val,public-reference-or-acquired
DS-090,dataset/acquisition/acquired/DS-090/Hemp_growth/C2/ryb_C2_20241215_12_00.jpg,ryb_C2_20241215_12_00.jpg,growth_time_series,DS-090|C2|growth_time_series,C2,dataset/acquisition/acquired/DS-090/Hemp_growth/C2,path-derived,whole-plant,273,552,0.4946,236.6458,236.9135,237.9949,38.5555,37.8888,39.3332,236.9563,38.1955,4.739,101.377,0.0001,0.923,e4fd5b40c70010fc3d09d6f37e9863e92f263251f4168abf7c437687bd98d92d,val,public-reference-or-acquired
DS-090,dataset/acquisition/acquired/DS-090/Hemp_growth/C2/ryb_C2_20241215_13_00.jpg,ryb_C2_20241215_13_00.jpg,growth_time_series,DS-090|C2|growth_time_series,C2,dataset/acquisition/acquired/DS-090/Hemp_growth/C2,path-derived,whole-plant,273,552,0.4946,229.3825,229.6867,231.4237,36.117,35.0107,37.181,229.7699,35.5012,4.2999,93.7786,0.0002,0.8991,ad2c9d39f85987189f086ab2cb6e95e6eff56cb5692e9e07db88db238e3a98fb,val,public-reference-or-acquired
DS-090,dataset/acquisition/acquired/DS-090/Hemp_growth/C2/ryb_C2_20241215_14_00.jpg,ryb_C2_20241215_14_00.jpg,growth_time_series,DS-090|C2|growth_time_series,C2,dataset/acquisition/acquired/DS-090/Hemp_growth/C2,path-derived,whole-plant,273,552,0.4946,226.1713,227.7513,228.0454,37.7808,36.7823,37.344,227.3055,37.1067,4.7092,82.7433,0.0002,0.8753,9d3dd91e80aea73dc8a631ebbe15706fa56d7909dc260fa19dc57a484e4a397d,val,public-reference-or-acquired
DS-090,dataset/acquisition/acquired/DS-090/Hemp_growth/C2/ryb_C2_20241215_15_00.jpg,ryb_C2_20241215_15_00.jpg,growth_time_series,DS-090|C2|growth_time_series,C2,dataset/acquisition/acquired/DS-090/Hemp_growth/C2,path-derived,whole-plant,273,552,0.4946,224.1104,224.2467,225.6923,38.0489,37.4525,37.9139,224.3852,37.6641,4.6353,82.5908,0.0001,0.8395,d82ea2b7ea2173a77c41db8111622ba57ec1de3777fe010de9caa1f59f875365,val,public-reference-or-acquired
DS-090,dataset/acquisition/acquired/DS-090/Hemp_growth/C2/ryb_C2_20241215_16_00.jpg,ryb_C2_20241215_16_00.jpg,growth_time_series,DS-090|C2|growth_time_series,C2,dataset/acquisition/acquired/DS-090/Hemp_growth/C2,path-derived,whole-plant,273,552,0.4946,227.3699,227.649,227.6325,38.953,38.5962,38.3927,227.5415,38.6639,4.4832,83.8403,0.0001,0.8846,4b274240dc2e2b8f693881b26ebc62d9fcf5a6fceb8136adbf3c6d816725cf5d,val,public-reference-or-acquired
DS-090,dataset/acquisition/acquired/DS-090/Hemp_growth/C2/ryb_C2_20241215_17_00.jpg,ryb_C2_20241215_17_00.jpg,growth_time_series,DS-090|C2|growth_time_series,C2,dataset/acquisition/acquired/DS-090/Hemp_growth/C2,path-derived,whole-plant,273,552,0.4946,231.4075,232.2565,235.3086,39.6035,39.2977,39.4541,232.3836,39.3911,4.6153,84.313,0.0001,0.9149,856f09a0c76f0214a03ffc781b95e2cd0208a9b42b0f0f91261ea6af11d4efe6,val,public-reference-or-acquired
DS-090,dataset/acquisition/acquired/DS-090/Hemp_growth/C2/ryb_C2_20241216_09_00.jpg,ryb_C2_20241216_09_00.jpg,growth_time_series,DS-090|C2|growth_time_series,C2,dataset/acquisition/acquired/DS-090/Hemp_growth/C2,path-derived,whole-plant,273,552,0.4946,221.6936,224.0123,229.4666,52.4647,49.5109,46.5834,223.7403,49.9345,4.1268,72.9198,0.0003,0.6674,9f620fb0e99229f26f0835e4c177315374e83087f75998fe48f678da98c23428,val,public-reference-or-acquired
DS-090,dataset/acquisition/acquired/DS-090/Hemp_growth/C2/ryb_C2_20241216_10_00.jpg,ryb_C2_20241216_10_00.jpg,growth_time_series,DS-090|C2|growth_time_series,C2,dataset/acquisition/acquired/DS-090/Hemp_growth/C2,path-derived,whole-plant,273,552,0.4946,222.6335,223.4302,226.3502,39.3218,37.6219,38.9516,223.4586,38.1962,5.5416,101.7813,0.0001,0.8419,e7371f1b606be32f60e42907cb420c5da78532275b4d079c28a90a7e4da62a26,val,public-reference-or-acquired
DS-090,dataset/acquisition/acquired/DS-090/Hemp_growth/C2/ryb_C2_20241216_11_00.jpg,ryb_C2_20241216_11_00.jpg,growth_time_series,DS-090|C2|growth_time_series,C2,dataset/acquisition/acquired/DS-090/Hemp_growth/C2,path-derived,whole-plant,273,552,0.4946,239.2497,240.09,240.5103,39.6168,38.318,40.2749,239.7923,38.8697,4.3853,108.0818,0.0001,0.9219,0b6c856f2adfde5ac48a580f26c47fd841d1b4e69b05b983d8babf02ebe0b8ef,val,public-reference-or-acquired
DS-090,dataset/acquisition/acquired/DS-090/Hemp_growth/C2/ryb_C2_20241216_12_00.jpg,ryb_C2_20241216_12_00.jpg,growth_time_series,DS-090|C2|growth_time_series,C2,dataset/acquisition/acquired/DS-090/Hemp_growth/C2,path-derived,whole-plant,273,552,0.4946,232.3974,233.057,232.8692,37.476,36.2023,38.2016,232.8593,36.7376,4.9849,104.616,0.0001,0.9218,020c09590201e97bc44866d845960d1657457bcedd3c444d9933e443d152633f,val,public-reference-or-acquired
DS-090,dataset/acquisition/acquired/DS-090/Hemp_growth/C2/ryb_C2_20241216_13_00.jpg,ryb_C2_20241216_13_00.jpg,growth_time_series,DS-090|C2|growth_time_series,C2,dataset/acquisition/acquired/DS-090/Hemp_growth/C2,path-derived,whole-plant,273,552,0.4946,223.5023,225.8713,227.2008,33.9286,32.8999,35.6699,225.3053,33.394,4.662,88.0393,0.0002,0.8842,45c185080e44c7c497cc2947989f4ee492759a7dee4199f513b67d7c6fbae752,val,public-reference-or-acquired
DS-090,dataset/acquisition/acquired/DS-090/Hemp_growth/C2/ryb_C2_20241216_14_00.jpg,ryb_C2_20241216_14_00.jpg,growth_time_series,DS-090|C2|growth_time_series,C2,dataset/acquisition/acquired/DS-090/Hemp_growth/C2,path-derived,whole-plant,273,552,0.4946,238.9952,239.5319,239.93,38.5252,37.3972,38.2916,239.3648,37.7728,4.2801,89.1786,0.0,0.9207,db97f8cd53543bbb7d119875c3315c51dd31066d2bc9eba9049d940b331847d0,val,public-reference-or-acquired
DS-090,dataset/acquisition/acquired/DS-090/Hemp_growth/C2/ryb_C2_20241216_15_00.jpg,ryb_C2_20241216_15_00.jpg,growth_time_series,DS-090|C2|growth_time_series,C2,dataset/acquisition/acquired/DS-090/Hemp_growth/C2,path-derived,whole-plant,273,552,0.4946,227.6864,228.0139,230.0336,38.8016,37.5129,38.3861,228.1237,37.9707,4.6153,93.2147,0.0,0.8805,618f97bb81243725f0c629cc3695ce5efb374e76538e887a3f5417cfb552d1a2,val,public-reference-or-acquired
DS-090,dataset/acquisition/acquired/DS-090/Hemp_growth/C2/ryb_C2_20241216_16_00.jpg,ryb_C2_20241216_16_00.jpg,growth_time_series,DS-090|C2|growth_time_series,C2,dataset/acquisition/acquired/DS-090/Hemp_growth/C2,path-derived,whole-plant,273,552,0.4946,223.3599,224.7058,229.0536,38.4775,37.3744,38.4903,224.7847,37.8078,4.9412,93.3772,0.0,0.8626,777c10e918ebbdfd19976a08f12421156618ba5ee78a0846e8cf4b1bddc62a6c,val,public-reference-or-acquired
DS-090,dataset/acquisition/acquired/DS-090/Hemp_growth/C2/ryb_C2_20241216_17_00.jpg,ryb_C2_20241216_17_00.jpg,growth_time_series,DS-090|C2|growth_time_series,C2,dataset/acquisition/acquired/DS-090/Hemp_growth/C2,path-derived,whole-plant,273,552,0.4946,231.7133,232.8188,236.2519,39.5756,39.1087,39.3324,232.9041,39.2517,4.909,98.6561,0.0001,0.9114,f1823ae4f98df502cfd55b33fcc191d74ae2e76d0030a33f5dc82da3853aabeb,val,public-reference-or-acquired
DS-090,dataset/acquisition/acquired/DS-090/Hemp_growth/C2/ryb_C2_20241217_08_00.jpg,ryb_C2_20241217_08_00.jpg,growth_time_series,DS-090|C2|growth_time_series,C2,dataset/acquisition/acquired/DS-090/Hemp_growth/C2,path-derived,whole-plant,273,552,0.4946,244.4441,244.7718,243.5662,39.3011,38.7495,40.5659,244.0988,39.0473,1.5594,85.557,0.0001,0.9273,d8c5b85dbefbcf44c26e7c25a516e4a4809a174735efac304145954e3057cfd3,val,public-reference-or-acquired
DS-090,dataset/acquisition/acquired/DS-090/Hemp_growth/C2/ryb_C2_20241217_09_00.jpg,ryb_C2_20241217_09_00.jpg,growth_time_series,DS-090|C2|growth_time_series,C2,dataset/acquisition/acquired/DS-090/Hemp_growth/C2,path-derived,whole-plant,273,552,0.4946,242.1106,243.1768,242.4251,39.6857,38.1511,40.0146,242.555,38.7437,3.0332,98.8943,0.0001,0.9272,c9aa7e4afe545cb9a121cd0b12914662c540874dab7f64e32ca13daa6ac2c7d3,val,public-reference-or-acquired
DS-090,dataset/acquisition/acquired/DS-090/Hemp_growth/C2/ryb_C2_20241217_10_00.jpg,ryb_C2_20241217_10_00.jpg,growth_time_series,DS-090|C2|growth_time_series,C2,dataset/acquisition/acquired/DS-090/Hemp_growth/C2,path-derived,whole-plant,273,552,0.4946,242.2996,243.4025,243.4561,39.568,38.1846,39.4259,242.813,38.6521,2.9154,98.7273,0.0,0.927,ecb472db293544d07c43573aa3c9036b98385c3440c67aa78842415ff205f48e,val,public-reference-or-acquired
DS-090,dataset/acquisition/acquired/DS-090/Hemp_growth/C2/ryb_C2_20241217_11_00.jpg,ryb_C2_20241217_11_00.jpg,growth_time_series,DS-090|C2|growth_time_series,C2,dataset/acquisition/acquired/DS-090/Hemp_growth/C2,path-derived,whole-plant,273,552,0.4946,243.7045,244.1938,242.9563,39.0599,37.8861,39.3836,243.6101,38.3229,2.4113,100.6194,0.0,0.9291,3f0a6fa43792aaeb761c9e0e5509f1cf35e598e8a5386863479ab2bc7f3fb889,val,public-reference-or-acquired
DS-090,dataset/acquisition/acquired/DS-090/Hemp_growth/C2/ryb_C2_20241217_12_00.jpg,ryb_C2_20241217_12_00.jpg,growth_time_series,DS-090|C2|growth_time_series,C2,dataset/acquisition/acquired/DS-090/Hemp_growth/C2,path-derived,whole-plant,273,552,0.4946,225.5462,225.7764,227.6656,37.7536,36.6893,38.3927,225.9277,37.1554,4.0698,107.3384,0.0001,0.8991,73c80c040774160849967a40df4024009c0b813a23906a3923e7aa84eda84c8e,val,public-reference-or-acquired
DS-090,dataset/acquisition/acquired/DS-090/Hemp_growth/C2/ryb_C2_20241217_13_00.jpg,ryb_C2_20241217_13_00.jpg,growth_time_series,DS-090|C2|growth_time_series,C2,dataset/acquisition/acquired/DS-090/Hemp_growth/C2,path-derived,whole-plant,273,552,0.4946,223.8442,225.8811,228.4545,35.2588,34.1943,37.584,225.5547,34.7588,4.7042,91.955,0.0002,0.8848,48894bef7ffdaf1c24ef3ef0ad7a63720debec833636b8b06ce6d7a38761ed93,val,public-reference-or-acquired
DS-090,dataset/acquisition/acquired/DS-090/Hemp_growth/C2/ryb_C2_20241217_14_00.jpg,ryb_C2_20241217_14_00.jpg,growth_time_series,DS-090|C2|growth_time_series,C2,dataset/acquisition/acquired/DS-090/Hemp_growth/C2,path-derived,whole-plant,273,552,0.4946,222.8727,223.1698,224.1524,37.1346,36.3386,37.8082,223.2268,36.7014,4.3921,92.6429,0.0001,0.8708,0b7a81c5018c654d21c20e4375af08660d2a7fd40347019f60d1cf044e248908,val,public-reference-or-acquired
DS-090,dataset/acquisition/acquired/DS-090/Hemp_growth/C2/ryb_C2_20241217_15_00.jpg,ryb_C2_20241217_15_00.jpg,growth_time_series,DS-090|C2|growth_time_series,C2,dataset/acquisition/acquired/DS-090/Hemp_growth/C2,path-derived,whole-plant,273,552,0.4946,242.9804,243.596,242.5111,39.4342,38.4213,39.8825,242.9737,38.8207,2.4641,98.7737,0.0,0.9271,caad6cab1d345c081628d07bf305b27e2425587315a0ba2a676750ca026d093b,val,public-reference-or-acquired
DS-090,dataset/acquisition/acquired/DS-090/Hemp_growth/C2/ryb_C2_20241217_16_00.jpg,ryb_C2_20241217_16_00.jpg,growth_time_series,DS-090|C2|growth_time_series,C2,dataset/acquisition/acquired/DS-090/Hemp_growth/C2,path-derived,whole-plant,273,552,0.4946,240.9406,241.4703,241.4397,40.7323,39.6641,40.7331,241.1033,40.0454,3.003,111.4264,0.0,0.925,13b233744c1b0e3aef98ab045e3d261de5701b5f3724d4839d1137a56b8ea70a,val,public-reference-or-acquired
DS-090,dataset/acquisition/acquired/DS-090/Hemp_growth/C2/ryb_C2_20241217_17_00.jpg,ryb_C2_20241217_17_00.jpg,growth_time_series,DS-090|C2|growth_time_series,C2,dataset/acquisition/acquired/DS-090/Hemp_growth/C2,path-derived,whole-plant,273,552,0.4946,225.4166,226.779,230.4367,38.5926,37.7021,39.0732,226.7763,38.0867,4.8725,102.713,0.0001,0.8888,6141c53a2d5bc56616470d020b344977c44d7b6cdccfbe700f2938ef02fa4bcb,val,public-reference-or-acquired
DS-090,dataset/acquisition/acquired/DS-090/Hemp_growth/C2/ryb_C2_20241218_08_00.jpg,ryb_C2_20241218_08_00.jpg,growth_time_series,DS-090|C2|growth_time_series,C2,dataset/acquisition/acquired/DS-090/Hemp_growth/C2,path-derived,whole-plant,273,552,0.4946,239.8915,241.3773,240.2923,42.6274,40.811,41.5893,240.5974,41.3847,3.1034,122.3403,0.0001,0.9189,2257277a408092c33b4946dfe87e2285cceefda7a20ee0fd3ca0dccfd2900e56,val,public-reference-or-acquired
DS-090,dataset/acquisition/acquired/DS-090/Hemp_growth/C2/ryb_C2_20241218_09_00.jpg,ryb_C2_20241218_09_00.jpg,growth_time_series,DS-090|C2|growth_time_series,C2,dataset/acquisition/acquired/DS-090/Hemp_growth/C2,path-derived,whole-plant,273,552,0.4946,228.6888,232.9388,237.8122,48.3236,44.2618,43.1204,232.0304,45.1395,4.1734,114.4306,0.0001,0.7996,39bfbddd4a3dd80addc71f3962f04f324cfb67d0554f011cf366c7126d852872,val,public-reference-or-acquired
DS-090,dataset/acquisition/acquired/DS-090/Hemp_growth/C2/ryb_C2_20241218_10_00.jpg,ryb_C2_20241218_10_00.jpg,growth_time_series,DS-090|C2|growth_time_series,C2,dataset/acquisition/acquired/DS-090/Hemp_growth/C2,path-derived,whole-plant,273,552,0.4946,224.4002,225.9862,227.1087,40.0935,38.3087,41.1684,225.5971,39.0482,5.5645,133.6337,0.0002,0.8364,c680767dc8cc65bf4c999c6084668153a1d5791c98a46ef32f80a162a636f584,val,public-reference-or-acquired
DS-090,dataset/acquisition/acquired/DS-090/Hemp_growth/C2/ryb_C2_20241218_11_00.jpg,ryb_C2_20241218_11_00.jpg,growth_time_series,DS-090|C2|growth_time_series,C2,dataset/acquisition/acquired/DS-090/Hemp_growth/C2,path-derived,whole-plant,273,552,0.4946,241.6969,242.4592,241.1267,41.4037,39.7051,42.284,241.8335,40.4165,2.6447,137.8312,0.0001,0.9134,378db8988cb346d4d8fb80d69f1504d1e8fe6f70b61c16f9b88e1720578c1da6,val,public-reference-or-acquired
DS-090,dataset/acquisition/acquired/DS-090/Hemp_growth/C2/ryb_C2_20241218_12_00.jpg,ryb_C2_20241218_12_00.jpg,growth_time_series,DS-090|C2|growth_time_series,C2,dataset/acquisition/acquired/DS-090/Hemp_growth/C2,path-derived,whole-plant,273,552,0.4946,241.1254,242.0035,241.195,40.2288,38.4584,41.113,241.4592,39.1828,3.2395,127.011,0.0001,0.9196,db426ab4a417c3aea1eaec7b41982c8d67ce0ad1f82c1555782af376bc2ccee5,val,public-reference-or-acquired
DS-090,dataset/acquisition/acquired/DS-090/Hemp_growth/C2/ryb_C2_20241218_13_00.jpg,ryb_C2_20241218_13_00.jpg,growth_time_series,DS-090|C2|growth_time_series,C2,dataset/acquisition/acquired/DS-090/Hemp_growth/C2,path-derived,whole-plant,273,552,0.4946,220.9269,223.568,223.4037,35.7078,33.9986,38.0428,222.7775,34.7986,4.7892,104.3933,0.0001,0.8634,96ae6442dd46839053ad70a3244f9edb938691ad6922051dbea3e09b3183b869,val,public-reference-or-acquired
DS-090,dataset/acquisition/acquired/DS-090/Hemp_growth/C2/ryb_C2_20241218_14_00.jpg,ryb_C2_20241218_14_00.jpg,growth_time_series,DS-090|C2|growth_time_series,C2,dataset/acquisition/acquired/DS-090/Hemp_growth/C2,path-derived,whole-plant,273,552,0.4946,232.6252,233.4239,236.9959,38.9247,36.744,40.3144,233.6217,37.6965,4.3609,107.5847,0.0001,0.9011,759ec7d48f0894c45b98fa1fefa06721d4a88f6dce76826d81be86121a41d288,val,public-reference-or-acquired
DS-090,dataset/acquisition/acquired/DS-090/Hemp_growth/C2/ryb_C2_20241218_15_00.jpg,ryb_C2_20241218_15_00.jpg,growth_time_series,DS-090|C2|growth_time_series,C2,dataset/acquisition/acquired/DS-090/Hemp_growth/C2,path-derived,whole-plant,273,552,0.4946,242.491,243.2181,241.535,39.5798,38.4402,40.5178,242.4836,38.9234,2.3856,113.0963,0.0001,0.9225,ddb4f44a9c34296aac9d2f6829e9d61d0d125df3a1539ace7a32a760d2a25965,val,public-reference-or-acquired
DS-090,dataset/acquisition/acquired/DS-090/Hemp_growth/C2/ryb_C2_20241218_16_00.jpg,ryb_C2_20241218_16_00.jpg,growth_time_series,DS-090|C2|growth_time_series,C2,dataset/acquisition/acquired/DS-090/Hemp_growth/C2,path-derived,whole-plant,273,552,0.4946,223.432,224.1651,224.5307,38.4179,36.8112,39.2251,224.0088,37.4741,4.4416,112.6264,0.0001,0.8725,3dbc3855146aa5170a21fa4c3fad375c35ea8007f82dba19dce2ff1855c8aff7,val,public-reference-or-acquired
DS-090,dataset/acquisition/acquired/DS-090/Hemp_growth/C2/ryb_C2_20241218_17_00.jpg,ryb_C2_20241218_17_00.jpg,growth_time_series,DS-090|C2|growth_time_series,C2,dataset/acquisition/acquired/DS-090/Hemp_growth/C2,path-derived,whole-plant,273,552,0.4946,229.8555,230.5918,230.0667,39.9041,38.6083,40.2729,230.2984,39.1098,4.7218,114.6344,0.0001,0.8935,38c088cb90e3b4417aaa6cf9317bf49f0ca13d936e5bf6d7d34d38a1633ad43c,val,public-reference-or-acquired
DS-090,dataset/acquisition/acquired/DS-090/Hemp_growth/C2/ryb_C2_20241219_08_00.jpg,ryb_C2_20241219_08_00.jpg,growth_time_series,DS-090|C2|growth_time_series,C2,dataset/acquisition/acquired/DS-090/Hemp_growth/C2,path-derived,whole-plant,273,552,0.4946,241.1164,241.622,240.4962,40.7011,39.8167,40.5491,241.0713,40.109,2.6822,79.436,0.0,0.9125,d048e2668a9c1c01c7fddb6960b318e6778c0bb116e0d8375276f2703d47a9a6,val,public-reference-or-acquired
DS-090,dataset/acquisition/acquired/DS-090/Hemp_growth/C2/ryb_C2_20241219_09_00.jpg,ryb_C2_20241219_09_00.jpg,growth_time_series,DS-090|C2|growth_time_series,C2,dataset/acquisition/acquired/DS-090/Hemp_growth/C2,path-derived,whole-plant,273,552,0.4946,231.4674,232.8824,233.493,42.0787,39.9739,42.7361,232.5817,40.8315,4.6238,141.9703,0.0001,0.8865,28d623f2d4c9fb278cbb4b87440bcd2d8a257dfd5d677a6b21a024fbf942d988,val,public-reference-or-acquired
DS-090,dataset/acquisition/acquired/DS-090/Hemp_growth/C2/ryb_C2_20241219_10_00.jpg,ryb_C2_20241219_10_00.jpg,growth_time_series,DS-090|C2|growth_time_series,C2,dataset/acquisition/acquired/DS-090/Hemp_growth/C2,path-derived,whole-plant,273,552,0.4946,228.271,229.9878,228.9812,38.8964,37.2441,39.9989,229.346,37.9464,4.6852,124.4525,0.0001,0.8909,38047a64fd3228d7e2b3eab1e839ad317d9c8a7977d5b289e082330bcfe74954,val,public-reference-or-acquired
DS-090,dataset/acquisition/acquired/DS-090/Hemp_growth/C2/ryb_C2_20241219_11_00.jpg,ryb_C2_20241219_11_00.jpg,growth_time_series,DS-090|C2|growth_time_series,C2,dataset/acquisition/acquired/DS-090/Hemp_growth/C2,path-derived,whole-plant,273,552,0.4946,242.2449,243.4201,240.9406,40.648,38.6203,41.6898,242.4455,39.4375,2.4551,126.0006,0.0001,0.9163,172e20045d9ff3ddfe82adeb6334c582b605e3435cb014a44ce5303045517137,val,public-reference-or-acquired
DS-090,dataset/acquisition/acquired/DS-090/Hemp_growth/C2/ryb_C2_20241219_12_00.jpg,ryb_C2_20241219_12_00.jpg,growth_time_series,DS-090|C2|growth_time_series,C2,dataset/acquisition/acquired/DS-090/Hemp_growth/C2,path-derived,whole-plant,273,552,0.4946,241.5973,243.3417,240.3428,37.2213,34.6935,37.7517,242.3458,35.6562,3.8553,97.8647,0.0,0.9276,73d8ddf50247063a58b926e213fd28df2b01fa38f5a0b398d31e4272c920d0ba,val,public-reference-or-acquired
DS-090,dataset/acquisition/acquired/DS-090/Hemp_growth/C2/ryb_C2_20241219_13_00.jpg,ryb_C2_20241219_13_00.jpg,growth_time_series,DS-090|C2|growth_time_series,C2,dataset/acquisition/acquired/DS-090/Hemp_growth/C2,path-derived,whole-plant,273,552,0.4946,238.2548,239.1918,236.0386,39.6117,37.5177,40.7101,238.4927,38.3418,4.23,117.6287,0.0001,0.9068,8d964c3061f03649cb417ed1a55ff2cdc0d684b5f95717c14ea3f3f463a34705,val,public-reference-or-acquired
DS-090,dataset/acquisition/acquired/DS-090/Hemp_growth/C2/ryb_C2_20241219_14_00.jpg,ryb_C2_20241219_14_00.jpg,growth_time_series,DS-090|C2|growth_time_series,C2,dataset/acquisition/acquired/DS-090/Hemp_growth/C2,path-derived,whole-plant,273,552,0.4946,230.3712,232.3424,234.6197,40.2924,38.2701,41.7619,232.0396,39.1505,4.8189,124.4833,0.0001,0.881,c1c47af80664c45b443de1bd64988bef2c9c2213ecbe3b10f0ef2c921a4ac08a,val,public-reference-or-acquired
DS-090,dataset/acquisition/acquired/DS-090/Hemp_growth/C2/ryb_C2_20241219_15_00.jpg,ryb_C2_20241219_15_00.jpg,growth_time_series,DS-090|C2|growth_time_series,C2,dataset/acquisition/acquired/DS-090/Hemp_growth/C2,path-derived,whole-plant,273,552,0.4946,230.5414,231.5719,232.8985,40.5153,38.9771,42.2027,231.4297,39.6989,4.7836,124.7751,0.0001,0.8847,078880c6ce9a786e6acde0cdbe370525b34f7dba8feafe915673697042d973bf,val,public-reference-or-acquired
DS-090,dataset/acquisition/acquired/DS-090/Hemp_growth/C2/ryb_C2_20241219_16_00.jpg,ryb_C2_20241219_16_00.jpg,growth_time_series,DS-090|C2|growth_time_series,C2,dataset/acquisition/acquired/DS-090/Hemp_growth/C2,path-derived,whole-plant,273,552,0.4946,227.8029,228.3996,228.3024,39.0462,37.9256,40.037,228.1523,38.41,4.6727,128.6899,0.0,0.8781,0f6900d9ce32b5b002aa0b03d330707e139ada573c10d328cefb7139927406cc,val,public-reference-or-acquired
DS-090,dataset/acquisition/acquired/DS-090/Hemp_growth/C2/ryb_C2_20241219_17_00.jpg,ryb_C2_20241219_17_00.jpg,growth_time_series,DS-090|C2|growth_time_series,C2,dataset/acquisition/acquired/DS-090/Hemp_growth/C2,path-derived,whole-plant,273,552,0.4946,230.7775,232.7829,232.1192,40.1761,38.8677,41.1707,232.1346,39.4014,4.723,124.8951,0.0001,0.886,7ae03f9b753e6059f1abad8175feaef54ffc32cf7b5dce70ee9a4d5e20cb984e,val,public-reference-or-acquired
DS-090,dataset/acquisition/acquired/DS-090/Hemp_growth/C2/ryb_C2_20241220_08_00.jpg,ryb_C2_20241220_08_00.jpg,growth_time_series,DS-090|C2|growth_time_series,C2,dataset/acquisition/acquired/DS-090/Hemp_growth/C2,path-derived,whole-plant,273,552,0.4946,237.2536,238.4873,238.5989,45.1127,42.9972,43.9919,237.9022,43.6867,3.0354,177.1895,0.0001,0.8981,e37e79de21c52a663e46805f81ad0ff01ceee7c713ca4bc084525d5091765788,val,public-reference-or-acquired
DS-090,dataset/acquisition/acquired/DS-090/Hemp_growth/C2/ryb_C2_20241220_09_00.jpg,ryb_C2_20241220_09_00.jpg,growth_time_series,DS-090|C2|growth_time_series,C2,dataset/acquisition/acquired/DS-090/Hemp_growth/C2,path-derived,whole-plant,273,552,0.4946,222.1232,224.5414,228.4931,53.0357,49.6979,47.967,224.1014,50.3918,4.5819,144.7787,0.0002,0.7383,cab89a909d9c83212b25fa53174dd44b91afb6a20fa29ae1d5ddbb3b747c04b8,val,public-reference-or-acquired
DS-090,dataset/acquisition/acquired/DS-090/Hemp_growth/C2/ryb_C2_20241220_10_00.jpg,ryb_C2_20241220_10_00.jpg,growth_time_series,DS-090|C2|growth_time_series,C2,dataset/acquisition/acquired/DS-090/Hemp_growth/C2,path-derived,whole-plant,273,552,0.4946,224.4635,225.3906,227.3586,41.8593,39.6443,42.9921,225.233,40.5488,5.442,176.7476,0.0002,0.8084,5057dad77c1eb207cd597d0cc091f89d661abcd4696d0df5804b6ca2f39789e1,val,public-reference-or-acquired
DS-090,dataset/acquisition/acquired/DS-090/Hemp_growth/C2/ryb_C2_20241220_11_00.jpg,ryb_C2_20241220_11_00.jpg,growth_time_series,DS-090|C2|growth_time_series,C2,dataset/acquisition/acquired/DS-090/Hemp_growth/C2,path-derived,whole-plant,273,552,0.4946,238.0255,239.1999,237.1856,43.2562,41.1148,44.7589,238.4874,42.0656,4.0709,180.5858,0.0001,0.9007,e7b26fc564121739d0e3368bc296eb1d990470b10b91cd2bf7e1622ac283ef7f,val,public-reference-or-acquired
DS-090,dataset/acquisition/acquired/DS-090/Hemp_growth/C2/ryb_C2_20241220_12_00.jpg,ryb_C2_20241220_12_00.jpg,growth_time_series,DS-090|C2|growth_time_series,C2,dataset/acquisition/acquired/DS-090/Hemp_growth/C2,path-derived,whole-plant,273,552,0.4946,233.9594,235.414,232.6399,41.7301,39.2171,43.872,234.6579,40.3396,5.0255,163.6537,0.0001,0.9004,a307c51c8c92aa4a64bf6a144bfa1b34b71a649263016797b5621452e3b898c8,val,public-reference-or-acquired
DS-090,dataset/acquisition/acquired/DS-090/Hemp_growth/C2/ryb_C2_20241220_13_00.jpg,ryb_C2_20241220_13_00.jpg,growth_time_series,DS-090|C2|growth_time_series,C2,dataset/acquisition/acquired/DS-090/Hemp_growth/C2,path-derived,whole-plant,273,552,0.4946,223.272,225.5949,225.4007,37.0593,34.4272,40.8042,224.8679,35.6609,4.8948,126.7082,0.0002,0.8513,cc0bc5ed4c7189e217ca1600996839940c942b75bf249756f6af7616895432af,val,public-reference-or-acquired
DS-090,dataset/acquisition/acquired/DS-090/Hemp_growth/C2/ryb_C2_20241220_14_00.jpg,ryb_C2_20241220_14_00.jpg,growth_time_series,DS-090|C2|growth_time_series,C2,dataset/acquisition/acquired/DS-090/Hemp_growth/C2,path-derived,whole-plant,273,552,0.4946,220.3791,222.349,221.9862,39.4217,36.6372,40.993,221.7625,37.8108,4.7352,131.9783,0.0001,0.7957,9eb4a72484c108664ab30cbf6bef7cd07e942c76ed4ddfdd555fe3eb8dbfc70d,val,public-reference-or-acquired
DS-090,dataset/acquisition/acquired/DS-090/Hemp_growth/C2/ryb_C2_20241220_15_00.jpg,ryb_C2_20241220_15_00.jpg,growth_time_series,DS-090|C2|growth_time_series,C2,dataset/acquisition/acquired/DS-090/Hemp_growth/C2,path-derived,whole-plant,273,552,0.4946,219.0297,219.958,219.2415,40.3717,38.8401,41.4596,219.6197,39.5329,5.0064,148.6158,0.0001,0.7708,32853bc7e2d55e041d16b90746065da7e01b07b7a3adb51333047e01125eb93e,val,public-reference-or-acquired
DS-090,dataset/acquisition/acquired/DS-090/Hemp_growth/C2/ryb_C2_20241220_16_00.jpg,ryb_C2_20241220_16_00.jpg,growth_time_series,DS-090|C2|growth_time_series,C2,dataset/acquisition/acquired/DS-090/Hemp_growth/C2,path-derived,whole-plant,273,552,0.4946,223.7195,224.6658,226.2968,41.8943,40.3989,42.3448,224.5526,41.0164,4.7942,169.1493,0.0001,0.8353,0311630630f863ba7a7f1ccbde003d858058a217255b3e8c564612d934a3fa7a,val,public-reference-or-acquired
DS-090,dataset/acquisition/acquired/DS-090/Hemp_growth/C2/ryb_C2_20241220_17_00.jpg,ryb_C2_20241220_17_00.jpg,growth_time_series,DS-090|C2|growth_time_series,C2,dataset/acquisition/acquired/DS-090/Hemp_growth/C2,path-derived,whole-plant,273,552,0.4946,222.3518,223.0049,224.5744,41.9619,40.5388,42.5976,223.0274,41.1502,4.7315,174.7246,0.0001,0.8172,9bbe611326acb9547fc8e5d779159807f1ad15ff60ac23da558b642f254ef781,val,public-reference-or-acquired
DS-090,dataset/acquisition/acquired/DS-090/Hemp_growth/C2/ryb_C2_20241221_08_00.jpg,ryb_C2_20241221_08_00.jpg,growth_time_series,DS-090|C2|growth_time_series,C2,dataset/acquisition/acquired/DS-090/Hemp_growth/C2,path-derived,whole-plant,273,552,0.4946,234.9944,237.727,236.4187,47.9751,44.4324,48.1552,236.4952,45.7919,2.9754,194.2999,0.0001,0.8803,2fa8c8248db0ac53dcdfc7f522c827ebc2ac0b47ed33c72b1d6ab3d6952b291e,val,public-reference-or-acquired
DS-090,dataset/acquisition/acquired/DS-090/Hemp_growth/C2/ryb_C2_20241221_09_00.jpg,ryb_C2_20241221_09_00.jpg,growth_time_series,DS-090|C2|growth_time_series,C2,dataset/acquisition/acquired/DS-090/Hemp_growth/C2,path-derived,whole-plant,273,552,0.4946,222.0844,224.3606,226.8986,54.6665,51.2828,52.1684,223.8244,52.2527,4.7881,170.2487,0.0004,0.7634,377f4c01e873777064771385a08fad688729ca95cd848df910e2c04c1f065f53,val,public-reference-or-acquired
DS-090,dataset/acquisition/acquired/DS-090/Hemp_growth/C2/ryb_C2_20241221_10_00.jpg,ryb_C2_20241221_10_00.jpg,growth_time_series,DS-090|C2|growth_time_series,C2,dataset/acquisition/acquired/DS-090/Hemp_growth/C2,path-derived,whole-plant,273,552,0.4946,222.2064,224.3176,222.9181,43.6533,40.5387,46.811,223.3882,41.9016,5.7986,216.2627,0.0001,0.7881,0346926c94b4bc55ce34e5d9b7fe654fbcd42ec306ab9f8d21190234b997621e,val,public-reference-or-acquired
DS-090,dataset/acquisition/acquired/DS-090/Hemp_growth/C2/ryb_C2_20241221_11_00.jpg,ryb_C2_20241221_11_00.jpg,growth_time_series,DS-090|C2|growth_time_series,C2,dataset/acquisition/acquired/DS-090/Hemp_growth/C2,path-derived,whole-plant,273,552,0.4946,238.2556,239.6586,237.1679,45.0218,42.1667,47.5643,238.6872,43.4506,2.7814,190.4219,0.0001,0.8859,a6b55f51bc0dd8e3e35d76b750372495e881afb761eec1258b1f12efa8f4289b,val,public-reference-or-acquired
DS-090,dataset/acquisition/acquired/DS-090/Hemp_growth/C2/ryb_C2_20241221_12_00.jpg,ryb_C2_20241221_12_00.jpg,growth_time_series,DS-090|C2|growth_time_series,C2,dataset/acquisition/acquired/DS-090/Hemp_growth/C2,path-derived,whole-plant,273,552,0.4946,226.4491,229.3728,228.7472,42.7591,39.81,46.3843,228.4312,41.2274,5.4943,176.8734,0.0001,0.8744,00b1104a7239ebadec56126957cff1130c78106556dc1bcc279f42b2add69717,val,public-reference-or-acquired
DS-090,dataset/acquisition/acquired/DS-090/Hemp_growth/C2/ryb_C2_20241221_13_00.jpg,ryb_C2_20241221_13_00.jpg,growth_time_series,DS-090|C2|growth_time_series,C2,dataset/acquisition/acquired/DS-090/Hemp_growth/C2,path-derived,whole-plant,273,552,0.4946,224.7974,228.0688,226.1373,38.7077,36.0746,44.1647,226.8217,37.4155,5.0194,140.6628,0.0001,0.8476,a0a7d5367fa91d9361764cf561bdf06026e666bebf4a8fb483e9d2a97ad2d739,val,public-reference-or-acquired
DS-090,dataset/acquisition/acquired/DS-090/Hemp_growth/C2/ryb_C2_20241221_14_00.jpg,ryb_C2_20241221_14_00.jpg,growth_time_series,DS-090|C2|growth_time_series,C2,dataset/acquisition/acquired/DS-090/Hemp_growth/C2,path-derived,whole-plant,273,552,0.4946,219.9922,222.3096,219.6869,41.0107,37.952,43.4946,221.3772,39.2746,5.0985,152.974,0.0001,0.7829,e8c66aa5f40ad380ca699012ced2ae74263f415e9c9afb0232a6c1c28a52d0d6,val,public-reference-or-acquired
DS-090,dataset/acquisition/acquired/DS-090/Hemp_growth/C2/ryb_C2_20241221_15_00.jpg,ryb_C2_20241221_15_00.jpg,growth_time_series,DS-090|C2|growth_time_series,C2,dataset/acquisition/acquired/DS-090/Hemp_growth/C2,path-derived,whole-plant,273,552,0.4946,223.0195,224.2418,222.8563,43.1001,40.7617,43.9998,223.7013,41.7552,5.1926,168.9051,0.0001,0.8001,4c5b220d66232614121382cf53aca0065e2801606c96556133109cb24cfbb146,val,public-reference-or-acquired
DS-090,dataset/acquisition/acquired/DS-090/Hemp_growth/C2/ryb_C2_20241221_16_00.jpg,ryb_C2_20241221_16_00.jpg,growth_time_series,DS-090|C2|growth_time_series,C2,dataset/acquisition/acquired/DS-090/Hemp_growth/C2,path-derived,whole-plant,273,552,0.4946,226.7924,228.0144,227.2126,43.8757,42.0277,44.8519,227.5675,42.8297,5.1369,186.1368,0.0,0.8395,538247fa928e71490f23a84ad06eae0de274ff1db3e204c71a72d95ce3862fd7,val,public-reference-or-acquired
DS-090,dataset/acquisition/acquired/DS-090/Hemp_growth/C2/ryb_C2_20241221_17_00.jpg,ryb_C2_20241221_17_00.jpg,growth_time_series,DS-090|C2|growth_time_series,C2,dataset/acquisition/acquired/DS-090/Hemp_growth/C2,path-derived,whole-plant,273,552,0.4946,221.2053,223.0497,226.102,43.4336,41.251,44.5089,222.8334,42.2022,5.0405,191.1972,0.0001,0.8079,31917cbaaf7bf3a16511e484128ee482be86107bb058ff870cba7b70711754ff,val,public-reference-or-acquired
DS-090,dataset/acquisition/acquired/DS-090/Hemp_growth/C2/ryb_C2_20241222_08_00.jpg,ryb_C2_20241222_08_00.jpg,growth_time_series,DS-090|C2|growth_time_series,C2,dataset/acquisition/acquired/DS-090/Hemp_growth/C2,path-derived,whole-plant,273,552,0.4946,235.3956,236.9919,236.17,47.3183,44.4553,46.6499,236.1879,45.4581,3.1524,204.9557,0.0001,0.8837,9a97be58be29dd20ff9b04886faced0227f016d6d91c4097ada52bdd855a5416,val,public-reference-or-acquired
DS-090,dataset/acquisition/acquired/DS-090/Hemp_growth/C2/ryb_C2_20241222_09_00.jpg,ryb_C2_20241222_09_00.jpg,growth_time_series,DS-090|C2|growth_time_series,C2,dataset/acquisition/acquired/DS-090/Hemp_growth/C2,path-derived,whole-plant,273,552,0.4946,216.8751,219.2464,222.8711,55.2886,52.0415,51.7283,218.8375,52.8742,5.2535,201.5449,0.0002,0.722,b95d8810fdd0d4e86ede2e9244679d847c58444fbefe8802194822b6590446a2,val,public-reference-or-acquired
DS-090,dataset/acquisition/acquired/DS-090/Hemp_growth/C2/ryb_C2_20241222_10_00.jpg,ryb_C2_20241222_10_00.jpg,growth_time_series,DS-090|C2|growth_time_series,C2,dataset/acquisition/acquired/DS-090/Hemp_growth/C2,path-derived,whole-plant,273,552,0.4946,225.3398,227.8021,227.5321,43.2083,40.485,46.1006,226.8508,41.6825,5.3981,240.4335,0.0002,0.7964,0f8ac18d57d33df6dd9262043499026760d8a73b1c8fa08adab336e7954d18e3,val,public-reference-or-acquired
DS-090,dataset/acquisition/acquired/DS-090/Hemp_growth/C2/ryb_C2_20241222_11_00.jpg,ryb_C2_20241222_11_00.jpg,growth_time_series,DS-090|C2|growth_time_series,C2,dataset/acquisition/acquired/DS-090/Hemp_growth/C2,path-derived,whole-plant,273,552,0.4946,235.3062,237.1998,234.4182,45.6566,42.6224,47.6506,236.2237,43.9468,4.0932,181.5134,0.0001,0.8784,35bb23c64a3cfdc292b4d4f62dd5dcdc8acea8cbd033ed20d037d3ce9905e850,val,public-reference-or-acquired
DS-090,dataset/acquisition/acquired/DS-090/Hemp_growth/C2/ryb_C2_20241222_12_00.jpg,ryb_C2_20241222_12_00.jpg,growth_time_series,DS-090|C2|growth_time_series,C2,dataset/acquisition/acquired/DS-090/Hemp_growth/C2,path-derived,whole-plant,273,552,0.4946,232.2442,235.218,231.9473,43.8386,40.9582,47.2462,233.9273,42.3211,5.0952,188.5733,0.0001,0.8843,627c5a021a8bf9ba2110c96eb012298d2d508f0937ae5432176d7a5d97f94774,val,public-reference-or-acquired
DS-090,dataset/acquisition/acquired/DS-090/Hemp_growth/C2/ryb_C2_20241222_13_00.jpg,ryb_C2_20241222_13_00.jpg,growth_time_series,DS-090|C2|growth_time_series,C2,dataset/acquisition/acquired/DS-090/Hemp_growth/C2,path-derived,whole-plant,273,552,0.4946,218.7113,220.55,217.3292,37.612,35.0975,42.5451,219.667,36.347,4.7231,138.5798,0.0001,0.7982,f7fb1e5e088297894d1c2c2b364890b41f70ac8ad9e2fdd8dd9710836c793dca,val,public-reference-or-acquired
DS-090,dataset/acquisition/acquired/DS-090/Hemp_growth/C2/ryb_C2_20241222_14_00.jpg,ryb_C2_20241222_14_00.jpg,growth_time_series,DS-090|C2|growth_time_series,C2,dataset/acquisition/acquired/DS-090/Hemp_growth/C2,path-derived,whole-plant,273,552,0.4946,231.5099,233.9169,227.5952,43.6128,40.4972,46.1429,232.498,41.8569,4.9599,165.7668,0.0,0.8542,9605c30b23fd9eb65595eb28db6c87fa6f7c29f9c1f902a7c6548b4bfe269d4a,val,public-reference-or-acquired
DS-090,dataset/acquisition/acquired/DS-090/Hemp_growth/C2/ryb_C2_20241222_15_00.jpg,ryb_C2_20241222_15_00.jpg,growth_time_series,DS-090|C2|growth_time_series,C2,dataset/acquisition/acquired/DS-090/Hemp_growth/C2,path-derived,whole-plant,273,552,0.4946,235.0819,237.0017,234.3191,45.5075,42.4286,47.5532,235.9627,43.7578,3.5408,184.9489,0.0,0.8832,7d32adafa729358b5a93990abf202fd0dc9598ed7bcc0766d31e606cefed1eb2,val,public-reference-or-acquired
DS-090,dataset/acquisition/acquired/DS-090/Hemp_growth/C2/ryb_C2_20241222_16_00.jpg,ryb_C2_20241222_16_00.jpg,growth_time_series,DS-090|C2|growth_time_series,C2,dataset/acquisition/acquired/DS-090/Hemp_growth/C2,path-derived,whole-plant,273,552,0.4946,220.4608,221.9213,218.2898,43.8017,41.9223,44.9609,221.0703,42.7546,5.0497,211.8262,0.0001,0.786,a1916d4402b457926ecc652db8540f33121721fdb58adfe2254226f2df8ead1c,val,public-reference-or-acquired
DS-090,dataset/acquisition/acquired/DS-090/Hemp_growth/C2/ryb_C2_20241222_17_00.jpg,ryb_C2_20241222_17_00.jpg,growth_time_series,DS-090|C2|growth_time_series,C2,dataset/acquisition/acquired/DS-090/Hemp_growth/C2,path-derived,whole-plant,273,552,0.4946,227.7967,228.2427,227.363,46.254,43.8823,47.5503,228.0427,44.9264,5.1076,217.1292,0.0,0.825,2c0bb0fc08eb20c24adde537ebef51409c3769a07037b7576f4b6d20f698de3c,val,public-reference-or-acquired
DS-090,dataset/acquisition/acquired/DS-090/Hemp_growth/C2/ryb_C2_20241223_08_00.jpg,ryb_C2_20241223_08_00.jpg,growth_time_series,DS-090|C2|growth_time_series,C2,dataset/acquisition/acquired/DS-090/Hemp_growth/C2,path-derived,whole-plant,273,552,0.4946,232.7398,235.0705,233.805,49.6642,46.2214,49.2955,234.0339,47.468,3.4086,244.0199,0.0001,0.8691,964a6f031dfef252035ec55722a9caade5bdbcd356a778ff840c4dc8c5c04d05,val,public-reference-or-acquired
DS-090,dataset/acquisition/acquired/DS-090/Hemp_growth/C2/ryb_C2_20241223_09_00.jpg,ryb_C2_20241223_09_00.jpg,growth_time_series,DS-090|C2|growth_time_series,C2,dataset/acquisition/acquired/DS-090/Hemp_growth/C2,path-derived,whole-plant,273,552,0.4946,215.3063,218.6333,219.4059,56.5659,52.9634,54.7089,217.6563,54.1342,5.4357,248.7558,0.0001,0.7177,9cb9b78f8bf2183726551b6472967d4504259faade65512529fbb491387a16ce,val,public-reference-or-acquired
DS-090,dataset/acquisition/acquired/DS-090/Hemp_growth/C2/ryb_C2_20241223_10_00.jpg,ryb_C2_20241223_10_00.jpg,growth_time_series,DS-090|C2|growth_time_series,C2,dataset/acquisition/acquired/DS-090/Hemp_growth/C2,path-derived,whole-plant,273,552,0.4946,218.8147,221.7182,218.556,45.5608,42.02,49.0036,220.3404,43.613,5.8942,269.0547,0.0001,0.751,f82dd1770d989afb9455aa8a31c37236c45c54ed16ff36bcac713462f36c6dbd,val,public-reference-or-acquired
DS-090,dataset/acquisition/acquired/DS-090/Hemp_growth/C2/ryb_C2_20241223_11_00.jpg,ryb_C2_20241223_11_00.jpg,growth_time_series,DS-090|C2|growth_time_series,C2,dataset/acquisition/acquired/DS-090/Hemp_growth/C2,path-derived,whole-plant,273,552,0.4946,235.2986,237.0331,232.921,47.8636,44.3871,51.2446,235.8024,45.9876,3.1665,251.5941,0.0,0.8657,b51d893a32fe3ef1e8398a9ba0e81928590ec8554e4a405f721628fa2d564bda,val,public-reference-or-acquired
DS-090,dataset/acquisition/acquired/DS-090/Hemp_growth/C2/ryb_C2_20241223_12_00.jpg,ryb_C2_20241223_12_00.jpg,growth_time_series,DS-090|C2|growth_time_series,C2,dataset/acquisition/acquired/DS-090/Hemp_growth/C2,path-derived,whole-plant,273,552,0.4946,226.3592,229.0806,224.8083,46.2185,42.2126,50.4819,227.7957,44.0735,5.5147,228.1638,0.0001,0.8541,bf64300fe8c0896abaaa7d43524fc674e1c0d8193b849a733572f662f075ade2,val,public-reference-or-acquired
DS-090,dataset/acquisition/acquired/DS-090/Hemp_growth/C2/ryb_C2_20241223_13_00.jpg,ryb_C2_20241223_13_00.jpg,growth_time_series,DS-090|C2|growth_time_series,C2,dataset/acquisition/acquired/DS-090/Hemp_growth/C2,path-derived,whole-plant,273,552,0.4946,215.088,221.8177,219.1345,39.481,36.7295,46.3282,219.5366,38.18,5.2424,172.2268,0.0,0.7949,239467a7ba7e3c7a6809f951fe9179992e96467911c9ea831c0bb86ca57ca275,val,public-reference-or-acquired
DS-090,dataset/acquisition/acquired/DS-090/Hemp_growth/C2/ryb_C2_20241223_14_00.jpg,ryb_C2_20241223_14_00.jpg,growth_time_series,DS-090|C2|growth_time_series,C2,dataset/acquisition/acquired/DS-090/Hemp_growth/C2,path-derived,whole-plant,273,552,0.4946,229.8235,232.8772,225.8813,45.4169,41.6433,50.2162,231.1553,43.4158,4.9771,182.9105,0.0,0.8395,3568631e1a19de9fc7ba5e7497d474f077e971bc468b6178a4fd8963dc782109,val,public-reference-or-acquired
DS-090,dataset/acquisition/acquired/DS-090/Hemp_growth/C2/ryb_C2_20241223_15_00.jpg,ryb_C2_20241223_15_00.jpg,growth_time_series,DS-090|C2|growth_time_series,C2,dataset/acquisition/acquired/DS-090/Hemp_growth/C2,path-derived,whole-plant,273,552,0.4946,217.6274,220.7621,219.7695,45.6751,41.9456,48.3969,219.7074,43.5808,5.3383,197.935,0.0001,0.7583,925280055ad498aa7fb6af94c2b99854cc16e97bfb63eba3a137c2707286649d,val,public-reference-or-acquired
DS-090,dataset/acquisition/acquired/DS-090/Hemp_growth/C2/ryb_C2_20241223_16_00.jpg,ryb_C2_20241223_16_00.jpg,growth_time_series,DS-090|C2|growth_time_series,C2,dataset/acquisition/acquired/DS-090/Hemp_growth/C2,path-derived,whole-plant,273,552,0.4946,221.4525,223.1067,222.9176,47.0018,44.3632,48.7462,222.567,45.5482,5.1082,247.5547,0.0,0.7916,48497f254c8fcffedaacaa72041d9249eb9cd74813c94139edd2bfaf4aaa06df,val,public-reference-or-acquired
DS-090,dataset/acquisition/acquired/DS-090/Hemp_growth/C2/ryb_C2_20241223_17_00.jpg,ryb_C2_20241223_17_00.jpg,growth_time_series,DS-090|C2|growth_time_series,C2,dataset/acquisition/acquired/DS-090/Hemp_growth/C2,path-derived,whole-plant,273,552,0.4946,221.4896,224.2322,224.0633,47.73,45.307,50.3519,223.4059,46.5036,5.4133,273.0362,0.0,0.7844,edd401146d94f53391741c9f511642439548cc0b1dd4104593798aeb1b62935a,val,public-reference-or-acquired
DS-090,dataset/acquisition/acquired/DS-090/Hemp_growth/C2/ryb_C2_20241224_08_00.jpg,ryb_C2_20241224_08_00.jpg,growth_time_series,DS-090|C2|growth_time_series,C2,dataset/acquisition/acquired/DS-090/Hemp_growth/C2,path-derived,whole-plant,273,552,0.4946,230.3696,232.0801,230.7601,50.3635,47.326,51.3378,231.2772,48.5592,3.7103,274.9961,0.0001,0.8497,09416a5e570e8803f0e8cf67f584957d6e387771429d8b81e3761d5c19957950,val,public-reference-or-acquired
DS-090,dataset/acquisition/acquired/DS-090/Hemp_growth/C2/ryb_C2_20241224_09_00.jpg,ryb_C2_20241224_09_00.jpg,growth_time_series,DS-090|C2|growth_time_series,C2,dataset/acquisition/acquired/DS-090/Hemp_growth/C2,path-derived,whole-plant,273,552,0.4946,218.5533,221.3187,219.684,56.3074,52.7741,56.41,220.1976,54.1055,5.3438,270.9759,0.0001,0.7359,df3b028704efaa885cd4bf7071b7341aa934340fcffcd3028d7c977a98c4399e,val,public-reference-or-acquired
DS-090,dataset/acquisition/acquired/DS-090/Hemp_growth/C2/ryb_C2_20241224_10_00.jpg,ryb_C2_20241224_10_00.jpg,growth_time_series,DS-090|C2|growth_time_series,C2,dataset/acquisition/acquired/DS-090/Hemp_growth/C2,path-derived,whole-plant,273,552,0.4946,217.8186,220.5607,219.5547,46.72,43.4737,50.5043,219.4745,44.9894,5.7863,296.6783,0.0001,0.7435,d250871385ca6017f7f12f7b065416146a7c833ddc3a4585116481612161b0a7,val,public-reference-or-acquired
DS-090,dataset/acquisition/acquired/DS-090/Hemp_growth/C2/ryb_C2_20241224_11_00.jpg,ryb_C2_20241224_11_00.jpg,growth_time_series,DS-090|C2|growth_time_series,C2,dataset/acquisition/acquired/DS-090/Hemp_growth/C2,path-derived,whole-plant,273,552,0.4946,231.9771,234.2553,228.873,48.9482,45.2599,53.3622,232.8152,47.0263,3.8004,267.586,0.0,0.8519,b67e433305e0956bb6cde8c12bae34e75fb4d13dfea6fd545763524ba5349808,val,public-reference-or-acquired
DS-090,dataset/acquisition/acquired/DS-090/Hemp_growth/C2/ryb_C2_20241224_12_00.jpg,ryb_C2_20241224_12_00.jpg,growth_time_series,DS-090|C2|growth_time_series,C2,dataset/acquisition/acquired/DS-090/Hemp_growth/C2,path-derived,whole-plant,273,552,0.4946,230.473,233.3583,227.4468,47.5027,43.201,52.2397,231.7674,45.2034,5.0201,222.4309,0.0001,0.8584,66290dc15c885294a03a326cd89639a55a16d0bb8384258733ee51cd89495ee6,val,public-reference-or-acquired
DS-090,dataset/acquisition/acquired/DS-090/Hemp_growth/C2/ryb_C2_20241224_13_00.jpg,ryb_C2_20241224_13_00.jpg,growth_time_series,DS-090|C2|growth_time_series,C2,dataset/acquisition/acquired/DS-090/Hemp_growth/C2,path-derived,whole-plant,273,552,0.4946,220.9216,226.2088,221.6322,41.885,37.9605,49.2574,224.0755,39.8843,5.3898,167.047,0.0001,0.8154,f792324c8a7b3887abb73cb164f7d809d097ac5b331129cf1d97fdfe5306fbbb,val,public-reference-or-acquired
DS-090,dataset/acquisition/acquired/DS-090/Hemp_growth/C2/ryb_C2_20241224_14_00.jpg,ryb_C2_20241224_14_00.jpg,growth_time_series,DS-090|C2|growth_time_series,C2,dataset/acquisition/acquired/DS-090/Hemp_growth/C2,path-derived,whole-plant,273,552,0.4946,222.1099,224.6981,223.5818,44.0591,40.4322,50.4588,223.7877,42.2826,5.1066,165.3063,0.0,0.7931,c723680ea6d3c5c4a3b896940ef3f67300ea7d3873e3d952c668d269f6d44ce7,val,public-reference-or-acquired
DS-090,dataset/acquisition/acquired/DS-090/Hemp_growth/C2/ryb_C2_20241224_15_00.jpg,ryb_C2_20241224_15_00.jpg,growth_time_series,DS-090|C2|growth_time_series,C2,dataset/acquisition/acquired/DS-090/Hemp_growth/C2,path-derived,whole-plant,273,552,0.4946,216.2158,219.6867,218.8628,47.9833,43.49,52.8088,218.5553,45.6496,5.3792,262.1859,0.0,0.7559,edf4f6b42857e784015b4886bfec2ce478e1fcebe59d438b3084d4c902b997e0,val,public-reference-or-acquired
DS-090,dataset/acquisition/acquired/DS-090/Hemp_growth/C2/ryb_C2_20241224_16_00.jpg,ryb_C2_20241224_16_00.jpg,growth_time_series,DS-090|C2|growth_time_series,C2,dataset/acquisition/acquired/DS-090/Hemp_growth/C2,path-derived,whole-plant,273,552,0.4946,218.9422,222.4749,220.8332,50.3277,46.6643,54.1144,221.2313,48.4542,5.5607,282.955,0.0,0.7875,36ed08bb1179abf41ed3ed3d6752204755f4da7195c4907d6c3568ff579de643,val,public-reference-or-acquired
DS-090,dataset/acquisition/acquired/DS-090/Hemp_growth/C2/ryb_C2_20241224_17_00.jpg,ryb_C2_20241224_17_00.jpg,growth_time_series,DS-090|C2|growth_time_series,C2,dataset/acquisition/acquired/DS-090/Hemp_growth/C2,path-derived,whole-plant,273,552,0.4946,223.4298,225.6573,222.8786,50.9775,47.7403,53.9321,224.7103,49.2748,5.294,301.8836,0.0,0.8012,604e3164971743657ffe5031e2f32ebbeff37b4046e6f3fc0b554ac3d8117b70,val,public-reference-or-acquired
DS-090,dataset/acquisition/acquired/DS-090/Hemp_growth/C2/ryb_C2_20241225_08_00.jpg,ryb_C2_20241225_08_00.jpg,growth_time_series,DS-090|C2|growth_time_series,C2,dataset/acquisition/acquired/DS-090/Hemp_growth/C2,path-derived,whole-plant,273,552,0.4946,227.5936,230.5883,228.0764,53.2426,48.9232,53.903,229.2647,50.6095,3.836,305.314,0.0001,0.83,2d24b103c6cd5359697772465347a7766fc3ff81e4b07c27f64c77e8d117e3d6,val,public-reference-or-acquired
DS-090,dataset/acquisition/acquired/DS-090/Hemp_growth/C2/ryb_C2_20241225_09_00.jpg,ryb_C2_20241225_09_00.jpg,growth_time_series,DS-090|C2|growth_time_series,C2,dataset/acquisition/acquired/DS-090/Hemp_growth/C2,path-derived,whole-plant,273,552,0.4946,213.8835,217.6102,216.0806,58.3198,54.234,57.2106,216.2581,55.6767,5.8514,308.7078,0.0002,0.7068,648ecb31b5bfffad63b6053c6e9355fb8d829670f46f21f02874e3191c680f8b,val,public-reference-or-acquired
DS-090,dataset/acquisition/acquired/DS-090/Hemp_growth/C2/ryb_C2_20241225_10_00.jpg,ryb_C2_20241225_10_00.jpg,growth_time_series,DS-090|C2|growth_time_series,C2,dataset/acquisition/acquired/DS-090/Hemp_growth/C2,path-derived,whole-plant,273,552,0.4946,213.9,217.5699,217.0936,48.5652,44.2311,52.6171,216.2839,46.1327,5.836,328.3756,0.0001,0.7105,ede6d7498a77250ef68f603919f8774df26acda40aca5f48a3ac144256be82aa,val,public-reference-or-acquired
DS-090,dataset/acquisition/acquired/DS-090/Hemp_growth/C2/ryb_C2_20241225_11_00.jpg,ryb_C2_20241225_11_00.jpg,growth_time_series,DS-090|C2|growth_time_series,C2,dataset/acquisition/acquired/DS-090/Hemp_growth/C2,path-derived,whole-plant,273,552,0.4946,228.7629,231.7242,226.7811,51.1501,46.3671,55.1746,230.1611,48.5088,4.0462,284.5623,0.0,0.8176,03b8cadfbbc22c43bdbfa9898dd2c2b5d353b1ed4c504a2f2ff20ccbb2455d5f,val,public-reference-or-acquired
DS-090,dataset/acquisition/acquired/DS-090/Hemp_growth/C2/ryb_C2_20241225_12_00.jpg,ryb_C2_20241225_12_00.jpg,growth_time_series,DS-090|C2|growth_time_series,C2,dataset/acquisition/acquired/DS-090/Hemp_growth/C2,path-derived,whole-plant,273,552,0.4946,227.0816,231.2739,224.7754,51.6245,46.5637,56.5318,229.2165,48.9117,4.9179,279.5792,0.0001,0.8264,178599fcbaa06e70f501b49885082731aab0d3774268f32f64740197ac149b5f,val,public-reference-or-acquired
DS-090,dataset/acquisition/acquired/DS-090/Hemp_growth/C2/ryb_C2_20241225_13_00.jpg,ryb_C2_20241225_13_00.jpg,growth_time_series,DS-090|C2|growth_time_series,C2,dataset/acquisition/acquired/DS-090/Hemp_growth/C2,path-derived,whole-plant,273,552,0.4946,220.9265,224.7325,219.0383,43.9632,39.2006,52.2622,222.8988,41.5414,5.1145,212.4494,0.0001,0.8026,309d2b1cba1aa07ed3ec841678045f4c2d40b93fdaa9975fa31b4e0505865a66,val,public-reference-or-acquired
DS-090,dataset/acquisition/acquired/DS-090/Hemp_growth/C2/ryb_C2_20241225_14_00.jpg,ryb_C2_20241225_14_00.jpg,growth_time_series,DS-090|C2|growth_time_series,C2,dataset/acquisition/acquired/DS-090/Hemp_growth/C2,path-derived,whole-plant,273,552,0.4946,214.5553,218.4385,213.1965,45.4437,40.8758,51.6384,216.7111,43.0666,5.6087,210.3647,0.0001,0.7154,f605ea0aaa98067927c2e331925b4670444af42788a3bac405618c95bf853ec8,val,public-reference-or-acquired
DS-090,dataset/acquisition/acquired/DS-090/Hemp_growth/C2/ryb_C2_20241225_15_00.jpg,ryb_C2_20241225_15_00.jpg,growth_time_series,DS-090|C2|growth_time_series,C2,dataset/acquisition/acquired/DS-090/Hemp_growth/C2,path-derived,whole-plant,273,552,0.4946,229.1153,232.121,226.9891,50.8305,46.4668,54.1627,230.5165,48.4399,3.8942,276.7134,0.0,0.8396,3d12a22e68fbc1521ecbf8bedeaa2b5545649ab0e448bee71ae65acc3a2cc15a,val,public-reference-or-acquired
DS-090,dataset/acquisition/acquired/DS-090/Hemp_growth/C2/ryb_C2_20241225_16_00.jpg,ryb_C2_20241225_16_00.jpg,growth_time_series,DS-090|C2|growth_time_series,C2,dataset/acquisition/acquired/DS-090/Hemp_growth/C2,path-derived,whole-plant,273,552,0.4946,213.1169,216.3508,215.8684,49.7063,45.7457,52.7628,215.337,47.574,5.4722,309.9541,0.0,0.7108,e444315a5e6fbdafa0fc7365a8219300f8f276cd75cc1630ad06608979f27079,val,public-reference-or-acquired
DS-090,dataset/acquisition/acquired/DS-090/Hemp_growth/C2/ryb_C2_20241225_17_00.jpg,ryb_C2_20241225_17_00.jpg,growth_time_series,DS-090|C2|growth_time_series,C2,dataset/acquisition/acquired/DS-090/Hemp_growth/C2,path-derived,whole-plant,273,552,0.4946,221.1511,223.5058,218.787,50.1035,46.6767,53.1176,222.284,48.2781,5.4323,305.268,0.0001,0.7695,c1ea0c473390c48524f8b8c8e834d7330d684a4e46c7e65a109d5a41cea10fd6,val,public-reference-or-acquired
DS-090,dataset/acquisition/acquired/DS-090/Hemp_growth/C2/ryb_C2_20241226_09_00.jpg,ryb_C2_20241226_09_00.jpg,growth_time_series,DS-090|C2|growth_time_series,C2,dataset/acquisition/acquired/DS-090/Hemp_growth/C2,path-derived,whole-plant,273,552,0.4946,243.0737,245.2952,240.7697,34.5552,32.4698,38.4964,243.7377,33.2967,2.061,163.2416,0.0,0.8905,c39041dcb69fcd8b07ac087f765691e28bffee12d4d5b4abfccb6f4f8d6b7868,val,public-reference-or-acquired
DS-090,dataset/acquisition/acquired/DS-090/Hemp_growth/C2/ryb_C2_20241226_10_00.jpg,ryb_C2_20241226_10_00.jpg,growth_time_series,DS-090|C2|growth_time_series,C2,dataset/acquisition/acquired/DS-090/Hemp_growth/C2,path-derived,whole-plant,273,552,0.4946,233.0486,235.7215,230.5076,48.2318,44.4832,51.5675,234.1038,46.2086,3.3462,271.7623,0.0,0.8472,5d5cfdc96e605cf41a002713a175c8a273e23a45d5978402fe8df6ab663ed09c,val,public-reference-or-acquired
DS-090,dataset/acquisition/acquired/DS-090/Hemp_growth/C2/ryb_C2_20241226_11_00.jpg,ryb_C2_20241226_11_00.jpg,growth_time_series,DS-090|C2|growth_time_series,C2,dataset/acquisition/acquired/DS-090/Hemp_growth/C2,path-derived,whole-plant,273,552,0.4946,229.5271,233.4103,226.3468,50.2928,45.0514,54.2875,231.3019,47.3851,3.8588,286.7891,0.0001,0.8233,4e93cb4ab6408979d218c4655756df116af3d86e02612cb7f00ab7279789a6bd,val,public-reference-or-acquired
DS-090,dataset/acquisition/acquired/DS-090/Hemp_growth/C2/ryb_C2_20241226_12_00.jpg,ryb_C2_20241226_12_00.jpg,growth_time_series,DS-090|C2|growth_time_series,C2,dataset/acquisition/acquired/DS-090/Hemp_growth/C2,path-derived,whole-plant,273,552,0.4946,222.2186,225.2719,221.0706,50.2102,45.0996,55.4369,223.9169,47.5245,5.1801,297.43,0.0001,0.7859,3982fdee4151de52ca5f3dd3371e1a5f2442a84960c7c3c0ae768ca5acdcd798,val,public-reference-or-acquired
DS-090,dataset/acquisition/acquired/DS-090/Hemp_growth/C2/ryb_C2_20241226_14_00.jpg,ryb_C2_20241226_14_00.jpg,growth_time_series,DS-090|C2|growth_time_series,C2,dataset/acquisition/acquired/DS-090/Hemp_growth/C2,path-derived,whole-plant,273,552,0.4946,229.7073,233.8611,224.5595,49.1184,43.8715,54.7331,231.444,46.2993,4.2469,219.0967,0.0,0.8269,ac758de52fa3ace907bdd8fb4b306b474fde18851358527a1244c84b1cf223f4,val,public-reference-or-acquired
DS-090,dataset/acquisition/acquired/DS-090/Hemp_growth/C2/ryb_C2_20241226_15_00.jpg,ryb_C2_20241226_15_00.jpg,growth_time_series,DS-090|C2|growth_time_series,C2,dataset/acquisition/acquired/DS-090/Hemp_growth/C2,path-derived,whole-plant,273,552,0.4946,219.0894,222.6825,220.909,50.8679,46.379,55.0523,221.4125,48.5169,5.5276,302.1074,0.0001,0.7739,7a4f998019cbc0db4cf19fd2f1acafab9ed98105ca944581cd412bc20b9335f0,val,public-reference-or-acquired
DS-090,dataset/acquisition/acquired/DS-090/Hemp_growth/C2/ryb_C2_20241226_16_00.jpg,ryb_C2_20241226_16_00.jpg,growth_time_series,DS-090|C2|growth_time_series,C2,dataset/acquisition/acquired/DS-090/Hemp_growth/C2,path-derived,whole-plant,273,552,0.4946,217.4514,220.8353,216.729,52.3772,48.1162,56.259,219.3488,50.1386,5.5975,327.1407,0.0,0.7484,597bf123f740f895b9693ca34f16ee77e19d62cba31efb4b35e93c7caf013cce,val,public-reference-or-acquired
DS-090,dataset/acquisition/acquired/DS-090/Hemp_growth/C2/ryb_C2_20241226_17_00.jpg,ryb_C2_20241226_17_00.jpg,growth_time_series,DS-090|C2|growth_time_series,C2,dataset/acquisition/acquired/DS-090/Hemp_growth/C2,path-derived,whole-plant,273,552,0.4946,222.804,225.7673,221.7236,52.5137,48.4956,55.2655,224.4444,50.3218,5.3762,312.7292,0.0,0.7892,6d391daf10aa615fadb6ab71aa08cb5881880717fa56efb318433ff7171a6a10,val,public-reference-or-acquired
DS-090,dataset/acquisition/acquired/DS-090/Hemp_growth/C2/ryb_C2_20241227_08_00.jpg,ryb_C2_20241227_08_00.jpg,growth_time_series,DS-090|C2|growth_time_series,C2,dataset/acquisition/acquired/DS-090/Hemp_growth/C2,path-derived,whole-plant,273,552,0.4946,247.2071,247.2071,247.2071,36.0366,36.0366,36.0366,246.7126,36.0334,0.7402,65.8208,0.0001,0.949,a1d8cfc23bb2c681104ec4a058fdd7bd37a65a1993ead2bfa1df8e9a56547d29,val,public-reference-or-acquired
DS-090,dataset/acquisition/acquired/DS-090/Hemp_growth/C2/ryb_C2_20241227_09_00.jpg,ryb_C2_20241227_09_00.jpg,growth_time_series,DS-090|C2|growth_time_series,C2,dataset/acquisition/acquired/DS-090/Hemp_growth/C2,path-derived,whole-plant,273,552,0.4946,234.8602,237.5028,231.7626,47.1353,43.4393,50.8209,235.7808,45.1555,3.0065,293.2879,0.0001,0.8517,8a02b2c9b6fe782fb151e07f41f8370decb98559cf65bc615c8bfd0ecb290d87,val,public-reference-or-acquired
DS-090,dataset/acquisition/acquired/DS-090/Hemp_growth/C2/ryb_C2_20241227_12_00.jpg,ryb_C2_20241227_12_00.jpg,growth_time_series,DS-090|C2|growth_time_series,C2,dataset/acquisition/acquired/DS-090/Hemp_growth/C2,path-derived,whole-plant,273,552,0.4946,225.6403,229.3709,221.1421,50.6954,45.7904,54.634,227.2907,47.9811,5.3336,319.8094,0.0001,0.7914,b2425bc3d67f2e461df7ab6c25d54bf4b43e5f883d5f1ae69e55fa8bddc89473,val,public-reference-or-acquired
DS-090,dataset/acquisition/acquired/DS-090/Hemp_growth/C2/ryb_C2_20241227_13_00.jpg,ryb_C2_20241227_13_00.jpg,growth_time_series,DS-090|C2|growth_time_series,C2,dataset/acquisition/acquired/DS-090/Hemp_growth/C2,path-derived,whole-plant,273,552,0.4946,229.3576,233.2986,225.7119,51.5986,46.3398,56.3492,231.0631,48.744,3.7252,343.1907,0.0001,0.825,79654d88dbdc16aabc65d7349b485dfb8649e421873045cd9b514d52cd26a032,val,public-reference-or-acquired
DS-090,dataset/acquisition/acquired/DS-090/Hemp_growth/C2/ryb_C2_20241227_14_00.jpg,ryb_C2_20241227_14_00.jpg,growth_time_series,DS-090|C2|growth_time_series,C2,dataset/acquisition/acquired/DS-090/Hemp_growth/C2,path-derived,whole-plant,273,552,0.4946,220.6011,224.4125,216.8967,51.2314,45.545,55.9239,222.4358,48.1178,5.5262,326.5948,0.0001,0.7719,3317260c77fd7dde873def4a139d812dd3238def0b626c031610389f755b67ac,val,public-reference-or-acquired
DS-090,dataset/acquisition/acquired/DS-090/Hemp_growth/C2/ryb_C2_20241227_16_00.jpg,ryb_C2_20241227_16_00.jpg,growth_time_series,DS-090|C2|growth_time_series,C2,dataset/acquisition/acquired/DS-090/Hemp_growth/C2,path-derived,whole-plant,273,552,0.4946,224.3102,229.6057,221.4561,52.1822,46.387,56.8946,227.0766,48.9952,5.1839,302.7564,0.0001,0.7982,4071a16502cb809877f9d2315c469f0bfdf634a5241879098ab34aea5054d48d,val,public-reference-or-acquired
DS-090,dataset/acquisition/acquired/DS-090/Hemp_growth/C2/ryb_C2_20241227_17_00.jpg,ryb_C2_20241227_17_00.jpg,growth_time_series,DS-090|C2|growth_time_series,C2,dataset/acquisition/acquired/DS-090/Hemp_growth/C2,path-derived,whole-plant,273,552,0.4946,220.3928,224.3494,220.8407,54.2836,49.8824,56.7641,222.7692,51.8329,5.4399,341.062,0.0001,0.7683,5b44f258a732d92ceb1e603231bfb8daed23ad5ae3567a157a76634b40188b0b,val,public-reference-or-acquired
DS-090,dataset/acquisition/acquired/DS-090/Hemp_growth/C2/ryb_C2_20241228_09_00.jpg,ryb_C2_20241228_09_00.jpg,growth_time_series,DS-090|C2|growth_time_series,C2,dataset/acquisition/acquired/DS-090/Hemp_growth/C2,path-derived,whole-plant,273,552,0.4946,241.3089,244.0729,238.3215,36.1828,33.4355,41.2575,242.2339,34.6266,2.3618,186.3399,0.0,0.8705,3a4cddd10d28d14fea6ca3bf72c80faf8beb63a59bff4b629b684077cc824d0c,val,public-reference-or-acquired
DS-090,dataset/acquisition/acquired/DS-090/Hemp_growth/C2/ryb_C2_20241228_11_00.jpg,ryb_C2_20241228_11_00.jpg,growth_time_series,DS-090|C2|growth_time_series,C2,dataset/acquisition/acquired/DS-090/Hemp_growth/C2,path-derived,whole-plant,273,552,0.4946,223.6781,228.1088,220.9911,53.8954,48.6264,58.0437,225.9324,51.041,4.9011,351.3021,0.0001,0.7765,e2372716c89739536ab8b1c1b78333f6bf1013fd865af86d4f60dfa96f37adc4,val,public-reference-or-acquired
DS-090,dataset/acquisition/acquired/DS-090/Hemp_growth/C2/ryb_C2_20241228_12_00.jpg,ryb_C2_20241228_12_00.jpg,growth_time_series,DS-090|C2|growth_time_series,C2,dataset/acquisition/acquired/DS-090/Hemp_growth/C2,path-derived,whole-plant,273,552,0.4946,224.8391,229.1111,222.05,53.6662,48.0323,57.9276,226.9811,50.5922,4.542,346.6696,0.0001,0.7829,16901d2adbeece75a480d755d8c060c6c2d819d3c1ddb511ecbd1af0eb17fc3b,val,public-reference-or-acquired
DS-090,dataset/acquisition/acquired/DS-090/Hemp_growth/C2/ryb_C2_20241228_13_00.jpg,ryb_C2_20241228_13_00.jpg,growth_time_series,DS-090|C2|growth_time_series,C2,dataset/acquisition/acquired/DS-090/Hemp_growth/C2,path-derived,whole-plant,273,552,0.4946,224.0452,228.4478,220.7615,52.3676,46.815,57.0605,226.2277,49.3611,5.2333,323.0562,0.0,0.7785,e055fab45a5a643a3d80c8624281fc4eb0e1c36d258f90ee0eccde4f64b60558,val,public-reference-or-acquired
DS-090,dataset/acquisition/acquired/DS-090/Hemp_growth/C2/ryb_C2_20241228_15_00.jpg,ryb_C2_20241228_15_00.jpg,growth_time_series,DS-090|C2|growth_time_series,C2,dataset/acquisition/acquired/DS-090/Hemp_growth/C2,path-derived,whole-plant,273,552,0.4946,222.8391,227.6391,221.5186,53.8211,48.3739,56.8308,225.492,50.7384,5.002,356.6497,0.0001,0.7856,1966e8dcd520b53aa5f98a269b72b93d46aa4fd6620a8274620a347ed1210d4e,val,public-reference-or-acquired
DS-090,dataset/acquisition/acquired/DS-090/Hemp_growth/C2/ryb_C2_20241228_16_00.jpg,ryb_C2_20241228_16_00.jpg,growth_time_series,DS-090|C2|growth_time_series,C2,dataset/acquisition/acquired/DS-090/Hemp_growth/C2,path-derived,whole-plant,273,552,0.4946,216.0927,219.6084,214.9758,53.1857,48.8289,56.8895,218.0176,50.896,5.7194,357.6128,0.0001,0.7405,0aa107d624c1d501581a22e21531d291ea49fdde104e91327e997778ca008502,val,public-reference-or-acquired
DS-090,dataset/acquisition/acquired/DS-090/Hemp_growth/C2/ryb_C2_20241228_17_00.jpg,ryb_C2_20241228_17_00.jpg,growth_time_series,DS-090|C2|growth_time_series,C2,dataset/acquisition/acquired/DS-090/Hemp_growth/C2,path-derived,whole-plant,273,552,0.4946,218.6372,222.1444,217.8149,55.1748,50.503,58.3492,220.6334,52.6514,5.6467,373.1164,0.0001,0.7593,e2c9e8fe8a40770a45c41676dc43a6c7662978e129965162fd07e346b1066ebd,val,public-reference-or-acquired
DS-090,dataset/acquisition/acquired/DS-090/Hemp_growth/C2/ryb_C2_20241229_08_00.jpg,ryb_C2_20241229_08_00.jpg,growth_time_series,DS-090|C2|growth_time_series,C2,dataset/acquisition/acquired/DS-090/Hemp_growth/C2,path-derived,whole-plant,273,552,0.4946,225.4239,230.2367,224.1484,56.2885,50.3405,57.594,227.918,52.7556,3.7977,342.7949,0.0001,0.8132,268e278302d3031477669e011381010e35e85a0f0388bf3aa00b41e9ba0ffd1d,val,public-reference-or-acquired
DS-090,dataset/acquisition/acquired/DS-090/Hemp_growth/C2/ryb_C2_20241229_09_00.jpg,ryb_C2_20241229_09_00.jpg,growth_time_series,DS-090|C2|growth_time_series,C2,dataset/acquisition/acquired/DS-090/Hemp_growth/C2,path-derived,whole-plant,273,552,0.4946,212.6402,220.0908,219.6886,61.4183,54.5908,59.6434,217.6972,57.0114,5.4986,386.5097,0.0002,0.7073,91d7806d523e76e7a9dc83325844957ee563180ad028d01fbbc57190cb06c130,val,public-reference-or-acquired
DS-090,dataset/acquisition/acquired/DS-090/Hemp_growth/C2/ryb_C2_20241229_10_00.jpg,ryb_C2_20241229_10_00.jpg,growth_time_series,DS-090|C2|growth_time_series,C2,dataset/acquisition/acquired/DS-090/Hemp_growth/C2,path-derived,whole-plant,273,552,0.4946,215.4983,221.6575,216.8653,52.4315,46.2426,58.142,219.1578,49.0033,5.8221,411.2749,0.0001,0.72,f525db37455f866704ff43c87887c0ce86ed99da4fbf417163fdf7feb5327fcf,val,public-reference-or-acquired
DS-090,dataset/acquisition/acquired/DS-090/Hemp_growth/C2/ryb_C2_20241229_15_00.jpg,ryb_C2_20241229_15_00.jpg,growth_time_series,DS-090|C2|growth_time_series,C2,dataset/acquisition/acquired/DS-090/Hemp_growth/C2,path-derived,whole-plant,273,552,0.4946,212.2121,219.8263,214.1203,54.3519,48.6529,59.7881,216.888,51.3676,5.991,380.0216,0.0,0.728,62fa9fa09ec23aa32139dc2fc73b451bca66624f5bb9b1c3646b3ebbdd1f8559,val,public-reference-or-acquired
DS-090,dataset/acquisition/acquired/DS-090/Hemp_growth/C2/ryb_C2_20241229_16_00.jpg,ryb_C2_20241229_16_00.jpg,growth_time_series,DS-090|C2|growth_time_series,C2,dataset/acquisition/acquired/DS-090/Hemp_growth/C2,path-derived,whole-plant,273,552,0.4946,213.7836,217.7257,209.693,55.6377,51.0362,59.0333,215.6389,53.1861,5.8631,417.8744,0.0001,0.7242,2901ea20922002a0c29bfcedfe90abc28ae5b193127104914a7ccd32091e60d1,val,public-reference-or-acquired
DS-090,dataset/acquisition/acquired/DS-090/Hemp_growth/C2/ryb_C2_20241229_17_00.jpg,ryb_C2_20241229_17_00.jpg,growth_time_series,DS-090|C2|growth_time_series,C2,dataset/acquisition/acquired/DS-090/Hemp_growth/C2,path-derived,whole-plant,273,552,0.4946,210.6381,217.2185,213.0036,54.9115,51.3294,59.1489,214.7696,53.137,5.9953,411.4132,0.0,0.7109,e507f5ab2e6900e24a11186f2c640248cb09203edc7d2894caa9faeeb9dfd668,val,public-reference-or-acquired
DS-090,dataset/acquisition/acquired/DS-090/Hemp_growth/C2/ryb_C2_20241230_08_00.jpg,ryb_C2_20241230_08_00.jpg,growth_time_series,DS-090|C2|growth_time_series,C2,dataset/acquisition/acquired/DS-090/Hemp_growth/C2,path-derived,whole-plant,273,552,0.4946,222.9346,225.0383,221.1084,54.8657,51.8741,56.1302,223.8689,53.1745,4.4418,286.937,0.0,0.7725,50cc10f4cfa58af4d660043214f8348cf7cff9195640c4e930c1efb1c7ea683e,val,public-reference-or-acquired
DS-090,dataset/acquisition/acquired/DS-090/Hemp_growth/C2/ryb_C2_20241230_09_00.jpg,ryb_C2_20241230_09_00.jpg,growth_time_series,DS-090|C2|growth_time_series,C2,dataset/acquisition/acquired/DS-090/Hemp_growth/C2,path-derived,whole-plant,273,552,0.4946,223.8684,228.5149,220.9612,56.553,50.1377,59.4423,226.0547,52.8861,3.8698,379.0995,0.0001,0.7783,7a5de9f456a1d6afeda41e8899ddeccab56c5ad80e9d0035e4fb87466054e371,val,public-reference-or-acquired
DS-090,dataset/acquisition/acquired/DS-090/Hemp_growth/C2/ryb_C2_20241230_12_00.jpg,ryb_C2_20241230_12_00.jpg,growth_time_series,DS-090|C2|growth_time_series,C2,dataset/acquisition/acquired/DS-090/Hemp_growth/C2,path-derived,whole-plant,273,552,0.4946,218.5127,224.3445,216.8615,54.9805,48.8671,59.8942,221.7467,51.6655,5.717,336.5712,0.0001,0.7515,687a9959f24ae7aa39f90dd3ce3b45c9e168e9abde7b1faf9a4f7d9699bd87ab,val,public-reference-or-acquired
DS-090,dataset/acquisition/acquired/DS-090/Hemp_growth/C2/ryb_C2_20241230_13_00.jpg,ryb_C2_20241230_13_00.jpg,growth_time_series,DS-090|C2|growth_time_series,C2,dataset/acquisition/acquired/DS-090/Hemp_growth/C2,path-derived,whole-plant,273,552,0.4946,219.5867,224.5918,214.7287,54.1943,48.1045,59.3663,221.9823,50.8802,5.6601,341.8732,0.0001,0.746,3d91d83292ff4042ae2eb3a5ea9d518c88942cca545d1f001c1d9d55cf480a88,val,public-reference-or-acquired
DS-090,dataset/acquisition/acquired/DS-090/Hemp_growth/C2/ryb_C2_20241230_14_00.jpg,ryb_C2_20241230_14_00.jpg,growth_time_series,DS-090|C2|growth_time_series,C2,dataset/acquisition/acquired/DS-090/Hemp_growth/C2,path-derived,whole-plant,273,552,0.4946,223.4725,228.964,220.6693,54.6498,48.0943,59.0218,226.2689,50.9637,4.4012,357.9432,0.0,0.7685,c7bff02469ee949ee0293de6e5efb4d72239da193fd75ecbb9c3ee5a28839da9,val,public-reference-or-acquired
DS-090,dataset/acquisition/acquired/DS-090/Hemp_growth/C2/ryb_C2_20241230_16_00.jpg,ryb_C2_20241230_16_00.jpg,growth_time_series,DS-090|C2|growth_time_series,C2,dataset/acquisition/acquired/DS-090/Hemp_growth/C2,path-derived,whole-plant,273,552,0.4946,215.696,219.8702,215.5278,55.9865,51.7256,59.332,218.1453,53.729,5.8401,416.601,0.0,0.7304,970d4bbd7bd48f2ac04f94c85bf46e7bb57c78935276cb743f30afd0c0d66f55,val,public-reference-or-acquired
DS-090,dataset/acquisition/acquired/DS-090/Hemp_growth/C2/ryb_C2_20241230_17_00.jpg,ryb_C2_20241230_17_00.jpg,growth_time_series,DS-090|C2|growth_time_series,C2,dataset/acquisition/acquired/DS-090/Hemp_growth/C2,path-derived,whole-plant,273,552,0.4946,217.7379,221.0984,215.5639,55.8117,51.4666,59.4169,219.4965,53.5201,5.4967,417.6529,0.0,0.7381,b3382a370a5eba8ad5335f21f758a9b2345adcb4299071285e8f08f597a5b987,val,public-reference-or-acquired
DS-090,dataset/acquisition/acquired/DS-090/Hemp_growth/C2/ryb_C2_20241231_08_00.jpg,ryb_C2_20241231_08_00.jpg,growth_time_series,DS-090|C2|growth_time_series,C2,dataset/acquisition/acquired/DS-090/Hemp_growth/C2,path-derived,whole-plant,273,552,0.4946,247.7363,247.7363,247.7363,34.2828,34.2828,34.2828,247.2427,34.2783,0.7615,76.478,0.0002,0.9494,5a287f3b8be35e138c422acacdc76c42a2ea48fda05165998fc55e1f17bff9b7,val,public-reference-or-acquired
DS-090,dataset/acquisition/acquired/DS-090/Hemp_growth/C2/ryb_C2_20241231_10_00.jpg,ryb_C2_20241231_10_00.jpg,growth_time_series,DS-090|C2|growth_time_series,C2,dataset/acquisition/acquired/DS-090/Hemp_growth/C2,path-derived,whole-plant,273,552,0.4946,214.9183,221.2715,216.1418,54.3131,48.1147,59.6708,218.6674,50.9495,5.965,430.637,0.0002,0.7301,79ec5f1568f16e781a9d17abfd1f9bb58ed3f5842e78c18ead7e4c4268c90bbd,val,public-reference-or-acquired
DS-090,dataset/acquisition/acquired/DS-090/Hemp_growth/C2/ryb_C2_20241231_12_00.jpg,ryb_C2_20241231_12_00.jpg,growth_time_series,DS-090|C2|growth_time_series,C2,dataset/acquisition/acquired/DS-090/Hemp_growth/C2,path-derived,whole-plant,273,552,0.4946,211.2715,217.2068,209.672,54.8405,48.4492,59.8808,214.5651,51.3867,6.3625,361.6488,0.0001,0.6807,9bc872ef55601db867a1269da6ec956bd494a7822244422176e6b70f9bd3ce8c,val,public-reference-or-acquired
DS-090,dataset/acquisition/acquired/DS-090/Hemp_growth/C2/ryb_C2_20241231_15_00.jpg,ryb_C2_20241231_15_00.jpg,growth_time_series,DS-090|C2|growth_time_series,C2,dataset/acquisition/acquired/DS-090/Hemp_growth/C2,path-derived,whole-plant,273,552,0.4946,211.8581,216.4344,214.1881,54.0962,49.5001,57.8449,214.8081,51.6823,6.0763,342.2989,0.0,0.7292,6ee099ff4387ba1fbedf282c1863cba3fcd868036958ac06581bde5d9c72b023,val,public-reference-or-acquired
DS-090,dataset/acquisition/acquired/DS-090/Hemp_growth/C2/ryb_C2_20241231_16_00.jpg,ryb_C2_20241231_16_00.jpg,growth_time_series,DS-090|C2|growth_time_series,C2,dataset/acquisition/acquired/DS-090/Hemp_growth/C2,path-derived,whole-plant,273,552,0.4946,222.6522,227.9237,217.8158,57.0994,50.6727,62.1456,225.0209,53.6244,4.2957,384.9972,0.0001,0.7569,b6cf49e75a01d594f5ee66180b74a4ae8e7de79ebc69dba5d051a38f8419c3e4,val,public-reference-or-acquired
DS-090,dataset/acquisition/acquired/DS-090/Hemp_growth/C2/ryb_C2_20241231_17_00.jpg,ryb_C2_20241231_17_00.jpg,growth_time_series,DS-090|C2|growth_time_series,C2,dataset/acquisition/acquired/DS-090/Hemp_growth/C2,path-derived,whole-plant,273,552,0.4946,215.1332,218.7086,211.4286,56.0377,51.5418,60.0297,216.8266,53.7014,5.8154,409.4035,0.0001,0.732,baa23661a0c99a00a957ac91048272f2b96c2bb0bf78b964291143468e47d4e8,val,public-reference-or-acquired
DS-090,dataset/acquisition/acquired/DS-090/Hemp_growth/C3/ryb_C3_20241212_13_36.jpg,ryb_C3_20241212_13_36.jpg,growth_time_series,DS-090|C3|growth_time_series,C3,dataset/acquisition/acquired/DS-090/Hemp_growth/C3,path-derived,whole-plant,273,552,0.4946,224.4979,226.5005,226.6905,29.0786,28.359,29.48,225.9272,28.6719,4.6664,16.3204,0.0,0.8298,f3450c5b3b54148d7993a8835d8ada21da3c6f562de434e65815c90f30f56b24,train,public-reference-or-acquired
DS-090,dataset/acquisition/acquired/DS-090/Hemp_growth/C3/ryb_C3_20241212_13_41.jpg,ryb_C3_20241212_13_41.jpg,growth_time_series,DS-090|C3|growth_time_series,C3,dataset/acquisition/acquired/DS-090/Hemp_growth/C3,path-derived,whole-plant,273,552,0.4946,222.6306,224.7835,223.6736,29.3532,29.144,29.7096,224.0076,29.2391,4.3891,15.6856,0.0,0.7945,f80562edda02e9809bac3dc7027ac0d192b39c1c8a8a3b0be59c4ea5334410d5,train,public-reference-or-acquired
DS-090,dataset/acquisition/acquired/DS-090/Hemp_growth/C3/ryb_C3_20241212_14_00.jpg,ryb_C3_20241212_14_00.jpg,growth_time_series,DS-090|C3|growth_time_series,C3,dataset/acquisition/acquired/DS-090/Hemp_growth/C3,path-derived,whole-plant,273,552,0.4946,240.0915,240.0274,238.783,31.5067,30.6121,30.9291,239.8999,30.8868,4.7273,18.8683,0.0,0.933,2f68063d99dee7f476077f213c8e7e6ec139aae7042c23abec73b801b9ecaaf4,train,public-reference-or-acquired
DS-090,dataset/acquisition/acquired/DS-090/Hemp_growth/C3/ryb_C3_20241212_15_00.jpg,ryb_C3_20241212_15_00.jpg,growth_time_series,DS-090|C3|growth_time_series,C3,dataset/acquisition/acquired/DS-090/Hemp_growth/C3,path-derived,whole-plant,273,552,0.4946,220.8338,221.0341,220.8813,29.5279,29.0918,29.2236,220.9269,29.2261,4.616,19.662,0.0,0.7327,15f832f71d08c06e6abbaddf7fb904e4e813a37b2cee704dc0b15d21c41018df,train,public-reference-or-acquired
DS-090,dataset/acquisition/acquired/DS-090/Hemp_growth/C3/ryb_C3_20241212_16_00.jpg,ryb_C3_20241212_16_00.jpg,growth_time_series,DS-090|C3|growth_time_series,C3,dataset/acquisition/acquired/DS-090/Hemp_growth/C3,path-derived,whole-plant,273,552,0.4946,240.4159,240.95,238.1212,33.0374,32.7309,32.5476,240.4742,32.7874,4.3147,22.0551,0.0,0.9364,5b23750f48f4838fbf3371d2379adb6a1ce46c6602164b26de94c129a8fd1d2f,train,public-reference-or-acquired
DS-090,dataset/acquisition/acquired/DS-090/Hemp_growth/C3/ryb_C3_20241212_17_00.jpg,ryb_C3_20241212_17_00.jpg,growth_time_series,DS-090|C3|growth_time_series,C3,dataset/acquisition/acquired/DS-090/Hemp_growth/C3,path-derived,whole-plant,273,552,0.4946,233.0599,235.3824,234.7149,32.9547,32.9221,32.5832,234.6286,32.8838,5.0056,22.6746,0.0,0.919,88c986396d66c083d68218bc4fab2534fee60e9f806df7e2c81961c6850fafeb,train,public-reference-or-acquired
DS-090,dataset/acquisition/acquired/DS-090/Hemp_growth/C3/ryb_C3_20241213_08_00.jpg,ryb_C3_20241213_08_00.jpg,growth_time_series,DS-090|C3|growth_time_series,C3,dataset/acquisition/acquired/DS-090/Hemp_growth/C3,path-derived,whole-plant,273,552,0.4946,241.0276,243.1123,242.1599,35.3993,34.9735,35.3831,242.3403,35.1298,3.6241,26.7207,0.0,0.9383,b8bebfa68aad9f646de85c7be2f8af962cf648c481a65827a348903b9befc36b,train,public-reference-or-acquired
DS-090,dataset/acquisition/acquired/DS-090/Hemp_growth/C3/ryb_C3_20241213_09_00.jpg,ryb_C3_20241213_09_00.jpg,growth_time_series,DS-090|C3|growth_time_series,C3,dataset/acquisition/acquired/DS-090/Hemp_growth/C3,path-derived,whole-plant,273,552,0.4946,239.5252,241.6002,240.2099,34.8028,34.3219,35.1778,240.8152,34.5391,4.2526,26.1167,0.0,0.9369,70c79c6128b281412211434332b9ed3ca65e8c6df38163890a8b2c41d3045329,train,public-reference-or-acquired
DS-090,dataset/acquisition/acquired/DS-090/Hemp_growth/C3/ryb_C3_20241213_10_00.jpg,ryb_C3_20241213_10_00.jpg,growth_time_series,DS-090|C3|growth_time_series,C3,dataset/acquisition/acquired/DS-090/Hemp_growth/C3,path-derived,whole-plant,273,552,0.4946,243.0314,244.1233,243.3201,34.8301,34.3097,35.4475,243.573,34.5706,3.2205,28.9361,0.0,0.9391,ebaba0041032f45fc13781c37578372378a0a4846f49e7a03125db2af6602de9,train,public-reference-or-acquired
DS-090,dataset/acquisition/acquired/DS-090/Hemp_growth/C3/ryb_C3_20241213_11_00.jpg,ryb_C3_20241213_11_00.jpg,growth_time_series,DS-090|C3|growth_time_series,C3,dataset/acquisition/acquired/DS-090/Hemp_growth/C3,path-derived,whole-plant,273,552,0.4946,239.7422,240.4537,237.1732,35.3253,34.8067,36.1588,239.8193,35.0922,3.7163,31.9714,0.0,0.9306,0e903540f355cc9a748cc3d5775d1fbaf370d9b28cdaf0744ea7e6a4f16a6255,train,public-reference-or-acquired
DS-090,dataset/acquisition/acquired/DS-090/Hemp_growth/C3/ryb_C3_20241213_12_00.jpg,ryb_C3_20241213_12_00.jpg,growth_time_series,DS-090|C3|growth_time_series,C3,dataset/acquisition/acquired/DS-090/Hemp_growth/C3,path-derived,whole-plant,273,552,0.4946,230.5813,230.134,230.1439,34.3741,34.0197,35.8817,230.245,34.2957,4.642,29.9643,0.0,0.9152,c0cea6faeff3268ffa213cdfb32606d073a02daf5663c880a7379181c7a60438,train,public-reference-or-acquired
DS-090,dataset/acquisition/acquired/DS-090/Hemp_growth/C3/ryb_C3_20241213_13_00.jpg,ryb_C3_20241213_13_00.jpg,growth_time_series,DS-090|C3|growth_time_series,C3,dataset/acquisition/acquired/DS-090/Hemp_growth/C3,path-derived,whole-plant,273,552,0.4946,232.9764,233.5997,230.8952,36.1445,35.8633,36.3906,233.1485,35.9925,4.5218,23.1531,0.0,0.9059,09ba0c7a64c561c4ca6a96a620870dbca37eb73c77ba0cd4bdd7bd3a7a4452ac,train,public-reference-or-acquired
DS-090,dataset/acquisition/acquired/DS-090/Hemp_growth/C3/ryb_C3_20241213_14_00.jpg,ryb_C3_20241213_14_00.jpg,growth_time_series,DS-090|C3|growth_time_series,C3,dataset/acquisition/acquired/DS-090/Hemp_growth/C3,path-derived,whole-plant,273,552,0.4946,230.6568,229.1263,228.8734,36.0385,35.0774,36.1421,229.5424,35.4616,4.8656,24.195,0.0,0.8716,8643d1b19a582fd404b89c4d82117834591930328fd6d3afbde6ab20cbf73ad7,train,public-reference-or-acquired
DS-090,dataset/acquisition/acquired/DS-090/Hemp_growth/C3/ryb_C3_20241213_15_00.jpg,ryb_C3_20241213_15_00.jpg,growth_time_series,DS-090|C3|growth_time_series,C3,dataset/acquisition/acquired/DS-090/Hemp_growth/C3,path-derived,whole-plant,273,552,0.4946,241.4425,242.0299,239.2439,35.8314,35.2391,36.4095,241.4049,35.5278,3.6311,26.1317,0.0,0.9323,bdd9bc91a107825f1fe60a97cfa2806ab09b54bd398c2aee3fbeb05c8d5b11bd,train,public-reference-or-acquired
DS-090,dataset/acquisition/acquired/DS-090/Hemp_growth/C3/ryb_C3_20241213_16_00.jpg,ryb_C3_20241213_16_00.jpg,growth_time_series,DS-090|C3|growth_time_series,C3,dataset/acquisition/acquired/DS-090/Hemp_growth/C3,path-derived,whole-plant,273,552,0.4946,218.855,219.2834,218.1331,33.6887,33.1082,33.8661,218.9794,33.3516,4.6852,23.0995,0.0,0.7368,2951f9579cf4e572beea3083aea894a8f00791bd5d6f480dce3661e7d132f211,train,public-reference-or-acquired
DS-090,dataset/acquisition/acquired/DS-090/Hemp_growth/C3/ryb_C3_20241213_17_00.jpg,ryb_C3_20241213_17_00.jpg,growth_time_series,DS-090|C3|growth_time_series,C3,dataset/acquisition/acquired/DS-090/Hemp_growth/C3,path-derived,whole-plant,273,552,0.4946,219.7251,220.2785,218.4493,34.0066,33.4573,33.7335,219.8657,33.6354,4.5873,24.6692,0.0,0.7599,9421a857fc4a84c6e5e3028f0562b6ae7ee7c50d7c5407980a5d61c9929d32e4,train,public-reference-or-acquired
DS-090,dataset/acquisition/acquired/DS-090/Hemp_growth/C3/ryb_C3_20241214_08_00.jpg,ryb_C3_20241214_08_00.jpg,growth_time_series,DS-090|C3|growth_time_series,C3,dataset/acquisition/acquired/DS-090/Hemp_growth/C3,path-derived,whole-plant,273,552,0.4946,237.5044,238.644,240.2279,39.4053,38.258,38.3142,238.4202,38.5861,4.1243,29.7741,0.0,0.9008,56caa15ccd8e294a0cadfa160b26eae2a0caa5b46acc550eca056f8a7a058346,train,public-reference-or-acquired
DS-090,dataset/acquisition/acquired/DS-090/Hemp_growth/C3/ryb_C3_20241214_09_00.jpg,ryb_C3_20241214_09_00.jpg,growth_time_series,DS-090|C3|growth_time_series,C3,dataset/acquisition/acquired/DS-090/Hemp_growth/C3,path-derived,whole-plant,273,552,0.4946,214.8894,221.009,227.3143,42.4754,40.5313,39.5974,219.7975,40.8884,5.8898,37.6011,0.0,0.6055,c389027635f0428c902d688c8c1b352e93cbe6a8b2b91990befcd9cff17e004c,train,public-reference-or-acquired
DS-090,dataset/acquisition/acquired/DS-090/Hemp_growth/C3/ryb_C3_20241214_10_00.jpg,ryb_C3_20241214_10_00.jpg,growth_time_series,DS-090|C3|growth_time_series,C3,dataset/acquisition/acquired/DS-090/Hemp_growth/C3,path-derived,whole-plant,273,552,0.4946,228.5287,228.7777,230.9434,37.7133,36.5143,37.2294,228.9474,36.9236,5.6261,31.1282,0.0,0.8687,60482e1d0c30b6e543d4a4af4a331563f8fb810908cb9334c4304696282aa284,train,public-reference-or-acquired
DS-090,dataset/acquisition/acquired/DS-090/Hemp_growth/C3/ryb_C3_20241214_11_00.jpg,ryb_C3_20241214_11_00.jpg,growth_time_series,DS-090|C3|growth_time_series,C3,dataset/acquisition/acquired/DS-090/Hemp_growth/C3,path-derived,whole-plant,273,552,0.4946,244.5517,244.8956,243.221,36.3656,35.9159,37.4569,244.2504,36.2009,2.3552,39.0244,0.0,0.9246,42222de9160da7a5984afe298e41569676c230c035002f224199b9185abc2ca7,train,public-reference-or-acquired
DS-090,dataset/acquisition/acquired/DS-090/Hemp_growth/C3/ryb_C3_20241214_12_00.jpg,ryb_C3_20241214_12_00.jpg,growth_time_series,DS-090|C3|growth_time_series,C3,dataset/acquisition/acquired/DS-090/Hemp_growth/C3,path-derived,whole-plant,273,552,0.4946,229.2951,229.0665,228.7553,33.7307,33.4249,35.2933,229.0659,33.6899,4.5193,32.3642,0.0,0.9097,14edf9965ea93e182d8a73e99be1f31d83a1752d98d89cbf46eef1c9de0adec3,train,public-reference-or-acquired
DS-090,dataset/acquisition/acquired/DS-090/Hemp_growth/C3/ryb_C3_20241214_13_00.jpg,ryb_C3_20241214_13_00.jpg,growth_time_series,DS-090|C3|growth_time_series,C3,dataset/acquisition/acquired/DS-090/Hemp_growth/C3,path-derived,whole-plant,273,552,0.4946,235.7934,236.2938,235.8208,34.8957,34.0757,36.4649,236.121,34.5454,4.3285,31.6236,0.0,0.9053,f60ea195d4170ac67c8190c392021c0de68608883620b496f5d904dc5d061c3e,train,public-reference-or-acquired
DS-090,dataset/acquisition/acquired/DS-090/Hemp_growth/C3/ryb_C3_20241214_14_00.jpg,ryb_C3_20241214_14_00.jpg,growth_time_series,DS-090|C3|growth_time_series,C3,dataset/acquisition/acquired/DS-090/Hemp_growth/C3,path-derived,whole-plant,273,552,0.4946,227.983,228.9905,224.7925,36.6357,36.0561,36.1853,228.1887,36.2244,4.6545,24.339,0.0,0.8489,d8d577074cc723100089e4db03825034f66c8d4ba281e4e0f8a24a3d6c0456b5,train,public-reference-or-acquired
DS-090,dataset/acquisition/acquired/DS-090/Hemp_growth/C3/ryb_C3_20241214_15_00.jpg,ryb_C3_20241214_15_00.jpg,growth_time_series,DS-090|C3|growth_time_series,C3,dataset/acquisition/acquired/DS-090/Hemp_growth/C3,path-derived,whole-plant,273,552,0.4946,224.2701,225.2738,221.0439,35.0223,34.5673,34.3991,224.531,34.6703,4.7385,27.4898,0.0,0.8256,0cdc02c4661242f732eb754a5220e222de5106dd6f7415b4498da06c5e60adec,train,public-reference-or-acquired
DS-090,dataset/acquisition/acquired/DS-090/Hemp_growth/C3/ryb_C3_20241214_16_00.jpg,ryb_C3_20241214_16_00.jpg,growth_time_series,DS-090|C3|growth_time_series,C3,dataset/acquisition/acquired/DS-090/Hemp_growth/C3,path-derived,whole-plant,273,552,0.4946,222.195,222.0936,222.0234,34.4357,34.2609,34.7765,222.1369,34.3506,5.0018,27.6263,0.0,0.7949,eb0fc3318ca1ec8d288c22bf7a4bb9d474b1b00185f7cbc72cb813c7eba28733,train,public-reference-or-acquired
DS-090,dataset/acquisition/acquired/DS-090/Hemp_growth/C3/ryb_C3_20241214_17_00.jpg,ryb_C3_20241214_17_00.jpg,growth_time_series,DS-090|C3|growth_time_series,C3,dataset/acquisition/acquired/DS-090/Hemp_growth/C3,path-derived,whole-plant,273,552,0.4946,219.2998,220.4069,223.6542,34.2226,33.9231,34.7819,220.4289,34.1022,4.7907,28.0051,0.0,0.7786,1d17fcae092759dcb700009b99ffe23181aa3653d83629ce020428b7bb10d8a6,train,public-reference-or-acquired
DS-090,dataset/acquisition/acquired/DS-090/Hemp_growth/C3/ryb_C3_20241215_08_00.jpg,ryb_C3_20241215_08_00.jpg,growth_time_series,DS-090|C3|growth_time_series,C3,dataset/acquisition/acquired/DS-090/Hemp_growth/C3,path-derived,whole-plant,273,552,0.4946,233.3533,234.9863,237.1399,40.5433,39.5071,38.7076,234.7533,39.696,4.8877,30.8087,0.0,0.8522,1e43bead895aeaece0ee70b48d3adc7907a9da535e1db01d5443abf1da1f3269,train,public-reference-or-acquired
DS-090,dataset/acquisition/acquired/DS-090/Hemp_growth/C3/ryb_C3_20241215_09_00.jpg,ryb_C3_20241215_09_00.jpg,growth_time_series,DS-090|C3|growth_time_series,C3,dataset/acquisition/acquired/DS-090/Hemp_growth/C3,path-derived,whole-plant,273,552,0.4946,211.544,216.8346,223.0813,43.2824,41.3313,40.5388,215.8939,41.7119,6.0615,45.3732,0.0,0.5186,5ec11f16cc19e9797a82933f55d3c52e5b92627f6dca3e308f9165350084b86d,train,public-reference-or-acquired
DS-090,dataset/acquisition/acquired/DS-090/Hemp_growth/C3/ryb_C3_20241215_10_00.jpg,ryb_C3_20241215_10_00.jpg,growth_time_series,DS-090|C3|growth_time_series,C3,dataset/acquisition/acquired/DS-090/Hemp_growth/C3,path-derived,whole-plant,273,552,0.4946,224.426,223.5495,225.3093,37.8622,36.3911,37.4111,224.0056,36.9101,5.7487,34.7156,0.0,0.8015,2cc2ecd11f24e1c3ea989ffe49c010440a5de00fa5376d16b8912c49ec27f13c,train,public-reference-or-acquired
DS-090,dataset/acquisition/acquired/DS-090/Hemp_growth/C3/ryb_C3_20241215_11_00.jpg,ryb_C3_20241215_11_00.jpg,growth_time_series,DS-090|C3|growth_time_series,C3,dataset/acquisition/acquired/DS-090/Hemp_growth/C3,path-derived,whole-plant,273,552,0.4946,238.918,239.0647,238.2765,36.7293,36.5049,38.2565,238.8299,36.734,4.6717,40.5866,0.0,0.9178,220250988bc23c13b2307b19b69770d7cfe62b3b2f96982346b4e41ad7e31271,train,public-reference-or-acquired
DS-090,dataset/acquisition/acquired/DS-090/Hemp_growth/C3/ryb_C3_20241215_12_00.jpg,ryb_C3_20241215_12_00.jpg,growth_time_series,DS-090|C3|growth_time_series,C3,dataset/acquisition/acquired/DS-090/Hemp_growth/C3,path-derived,whole-plant,273,552,0.4946,229.5994,230.2887,229.4807,34.2987,34.047,36.5405,229.9804,34.3422,4.9242,35.4741,0.0,0.9099,04f99f516905c318569c78b7d68d7c45520b1b67581bd2079bd073a08c548721,train,public-reference-or-acquired
DS-090,dataset/acquisition/acquired/DS-090/Hemp_growth/C3/ryb_C3_20241215_13_00.jpg,ryb_C3_20241215_13_00.jpg,growth_time_series,DS-090|C3|growth_time_series,C3,dataset/acquisition/acquired/DS-090/Hemp_growth/C3,path-derived,whole-plant,273,552,0.4946,220.7097,221.3286,221.0316,32.7354,31.6892,34.5267,221.1592,32.2636,4.1381,30.6912,0.0,0.8044,fa3969a6d77ac572e7409c97161689cef68006a61f2d13b431d361f15520203a,train,public-reference-or-acquired
DS-090,dataset/acquisition/acquired/DS-090/Hemp_growth/C3/ryb_C3_20241215_14_00.jpg,ryb_C3_20241215_14_00.jpg,growth_time_series,DS-090|C3|growth_time_series,C3,dataset/acquisition/acquired/DS-090/Hemp_growth/C3,path-derived,whole-plant,273,552,0.4946,221.0533,225.0606,227.1933,34.8741,34.6744,35.8478,224.1246,34.8075,4.9332,26.2607,0.0,0.8058,040e73df56cc19ba061ca32420a3ebd4af8d3af499452befadeee4149b5edc97,train,public-reference-or-acquired
DS-090,dataset/acquisition/acquired/DS-090/Hemp_growth/C3/ryb_C3_20241215_15_00.jpg,ryb_C3_20241215_15_00.jpg,growth_time_series,DS-090|C3|growth_time_series,C3,dataset/acquisition/acquired/DS-090/Hemp_growth/C3,path-derived,whole-plant,273,552,0.4946,217.0958,217.552,218.5642,36.0508,35.1593,35.8877,217.5034,35.4883,4.9834,26.0614,0.0,0.7097,53f1b1eeecab9b22a3b31d130f006956ea242f713e479ebbc5399e44e375850c,train,public-reference-or-acquired
DS-090,dataset/acquisition/acquired/DS-090/Hemp_growth/C3/ryb_C3_20241215_16_00.jpg,ryb_C3_20241215_16_00.jpg,growth_time_series,DS-090|C3|growth_time_series,C3,dataset/acquisition/acquired/DS-090/Hemp_growth/C3,path-derived,whole-plant,273,552,0.4946,217.7758,217.109,217.2473,35.261,34.5334,35.1805,217.3141,34.8102,4.7042,28.2011,0.0,0.7043,14e761bb5248aa8d4d67bfad8292e3780c5c20e5c897cbbd8c22d4344d5b1459,train,public-reference-or-acquired
DS-090,dataset/acquisition/acquired/DS-090/Hemp_growth/C3/ryb_C3_20241215_17_00.jpg,ryb_C3_20241215_17_00.jpg,growth_time_series,DS-090|C3|growth_time_series,C3,dataset/acquisition/acquired/DS-090/Hemp_growth/C3,path-derived,whole-plant,273,552,0.4946,219.0778,220.339,223.5523,35.7105,35.2206,35.9817,220.3264,35.4434,5.0927,28.9564,0.0,0.7555,a4b585c419b703e0303bdfffe85e022f8a80d08bfd8513f4624a1412a5e1fc45,train,public-reference-or-acquired
DS-090,dataset/acquisition/acquired/DS-090/Hemp_growth/C3/ryb_C3_20241216_08_00.jpg,ryb_C3_20241216_08_00.jpg,growth_time_series,DS-090|C3|growth_time_series,C3,dataset/acquisition/acquired/DS-090/Hemp_growth/C3,path-derived,whole-plant,273,552,0.4946,237.9509,238.49,239.2268,40.3325,39.1683,38.8748,238.3076,39.4604,3.5362,36.2551,0.0,0.887,e92e73a0083c269e51e8baab55169994dac6f59fd2c3dea107ff91bacd648fc0,train,public-reference-or-acquired
DS-090,dataset/acquisition/acquired/DS-090/Hemp_growth/C3/ryb_C3_20241216_09_00.jpg,ryb_C3_20241216_09_00.jpg,growth_time_series,DS-090|C3|growth_time_series,C3,dataset/acquisition/acquired/DS-090/Hemp_growth/C3,path-derived,whole-plant,273,552,0.4946,218.1768,222.6269,228.0401,43.0758,41.5452,40.7504,221.8151,41.8186,5.8094,50.0615,0.0,0.6766,1283ffea928632117ec1483e6a2c6103f63b04e031a5605ac2ca49400575f633,train,public-reference-or-acquired
DS-090,dataset/acquisition/acquired/DS-090/Hemp_growth/C3/ryb_C3_20241216_10_00.jpg,ryb_C3_20241216_10_00.jpg,growth_time_series,DS-090|C3|growth_time_series,C3,dataset/acquisition/acquired/DS-090/Hemp_growth/C3,path-derived,whole-plant,273,552,0.4946,224.1372,223.335,224.3526,37.3182,35.9327,36.6737,223.6897,36.3905,5.7185,33.6403,0.0,0.7893,7d6db7bf6d5b442e31a920a4025af38151c91a19f21df106234f16d4611b628d,train,public-reference-or-acquired
DS-090,dataset/acquisition/acquired/DS-090/Hemp_growth/C3/ryb_C3_20241216_11_00.jpg,ryb_C3_20241216_11_00.jpg,growth_time_series,DS-090|C3|growth_time_series,C3,dataset/acquisition/acquired/DS-090/Hemp_growth/C3,path-derived,whole-plant,273,552,0.4946,238.5319,238.7778,237.9305,36.4992,35.8957,38.2163,238.5259,36.2974,4.7538,39.7946,0.0,0.9158,91718c0e581f64ed06779b2f39d75259c65855cf3468e0c42299ae7d4e612a41,train,public-reference-or-acquired
DS-090,dataset/acquisition/acquired/DS-090/Hemp_growth/C3/ryb_C3_20241216_12_00.jpg,ryb_C3_20241216_12_00.jpg,growth_time_series,DS-090|C3|growth_time_series,C3,dataset/acquisition/acquired/DS-090/Hemp_growth/C3,path-derived,whole-plant,273,552,0.4946,227.2962,228.3882,227.7502,35.0519,34.8287,37.3042,227.9939,35.1206,5.1563,31.8568,0.0,0.8631,8f24c2262a63f1e25cb0b73633c669d2ef830d1e8a24215e3efb5e4d0832c02c,train,public-reference-or-acquired
DS-090,dataset/acquisition/acquired/DS-090/Hemp_growth/C3/ryb_C3_20241216_13_00.jpg,ryb_C3_20241216_13_00.jpg,growth_time_series,DS-090|C3|growth_time_series,C3,dataset/acquisition/acquired/DS-090/Hemp_growth/C3,path-derived,whole-plant,273,552,0.4946,218.8245,220.6856,222.7388,33.7675,32.7687,35.947,220.3841,33.3672,4.764,24.1287,0.0,0.7929,542597a77d702d7779e41d7a9a821f745256242ef4c5ec3df48e0aa907deade5,train,public-reference-or-acquired
DS-090,dataset/acquisition/acquired/DS-090/Hemp_growth/C3/ryb_C3_20241216_14_00.jpg,ryb_C3_20241216_14_00.jpg,growth_time_series,DS-090|C3|growth_time_series,C3,dataset/acquisition/acquired/DS-090/Hemp_growth/C3,path-derived,whole-plant,273,552,0.4946,237.2532,238.3262,237.7499,36.8186,35.9331,37.3177,237.9064,36.3114,4.5285,23.0555,0.0,0.878,c6c58126c1213f880eb6003b420039321140357e1666801ba771e4d83e1ce382,train,public-reference-or-acquired
DS-090,dataset/acquisition/acquired/DS-090/Hemp_growth/C3/ryb_C3_20241216_15_00.jpg,ryb_C3_20241216_15_00.jpg,growth_time_series,DS-090|C3|growth_time_series,C3,dataset/acquisition/acquired/DS-090/Hemp_growth/C3,path-derived,whole-plant,273,552,0.4946,214.067,214.4884,214.1292,35.3479,34.8006,35.4983,214.3274,35.035,5.0112,24.659,0.0,0.6324,a72157af59718ba74c72bc3d00cb8f844557973dcbe40b5288dd8c52534ee118,train,public-reference-or-acquired
DS-090,dataset/acquisition/acquired/DS-090/Hemp_growth/C3/ryb_C3_20241216_16_00.jpg,ryb_C3_20241216_16_00.jpg,growth_time_series,DS-090|C3|growth_time_series,C3,dataset/acquisition/acquired/DS-090/Hemp_growth/C3,path-derived,whole-plant,273,552,0.4946,214.5277,215.8323,218.8148,34.4489,33.9686,35.0573,215.7644,34.2238,5.1269,26.5784,0.0,0.6729,250dbe53010846c299f71ec9a2e3174c21c758483ba806d1d40c8a1b62728a0f,train,public-reference-or-acquired
DS-090,dataset/acquisition/acquired/DS-090/Hemp_growth/C3/ryb_C3_20241216_17_00.jpg,ryb_C3_20241216_17_00.jpg,growth_time_series,DS-090|C3|growth_time_series,C3,dataset/acquisition/acquired/DS-090/Hemp_growth/C3,path-derived,whole-plant,273,552,0.4946,222.3502,223.0884,225.7277,36.1553,35.5146,36.5871,223.1827,35.8122,5.2877,27.6333,0.0,0.801,a9532b8dec50130580b101a6ca565244d4ac8940f5283292936ccee616e7338c,train,public-reference-or-acquired
DS-090,dataset/acquisition/acquired/DS-090/Hemp_growth/C3/ryb_C3_20241217_08_00.jpg,ryb_C3_20241217_08_00.jpg,growth_time_series,DS-090|C3|growth_time_series,C3,dataset/acquisition/acquired/DS-090/Hemp_growth/C3,path-derived,whole-plant,273,552,0.4946,242.8584,242.8412,240.4558,37.0322,36.9839,38.5851,242.3161,37.1371,3.0139,27.9658,0.0,0.9131,b6c586e9f0439a480419bcd42c61cecc8db79fde2d71be0b8b69c38760e622aa,train,public-reference-or-acquired
DS-090,dataset/acquisition/acquired/DS-090/Hemp_growth/C3/ryb_C3_20241217_09_00.jpg,ryb_C3_20241217_09_00.jpg,growth_time_series,DS-090|C3|growth_time_series,C3,dataset/acquisition/acquired/DS-090/Hemp_growth/C3,path-derived,whole-plant,273,552,0.4946,242.2828,242.5934,239.6087,36.5616,35.7498,38.0049,241.9647,36.1964,3.4295,36.5406,0.0,0.9102,d5d7093f955385f7fabd2b04d119ae2f573a4aeb41e915647a011fe8d8eafeaf,train,public-reference-or-acquired
DS-090,dataset/acquisition/acquired/DS-090/Hemp_growth/C3/ryb_C3_20241217_10_00.jpg,ryb_C3_20241217_10_00.jpg,growth_time_series,DS-090|C3|growth_time_series,C3,dataset/acquisition/acquired/DS-090/Hemp_growth/C3,path-derived,whole-plant,273,552,0.4946,237.8319,238.9692,237.5134,37.3138,36.3661,38.3603,238.4582,36.8108,4.462,34.5391,0.0,0.8905,e0d2815e0629cdcea66da9b3c078bc0152c5d32561416f80e1b17b98678722d9,train,public-reference-or-acquired
DS-090,dataset/acquisition/acquired/DS-090/Hemp_growth/C3/ryb_C3_20241217_11_00.jpg,ryb_C3_20241217_11_00.jpg,growth_time_series,DS-090|C3|growth_time_series,C3,dataset/acquisition/acquired/DS-090/Hemp_growth/C3,path-derived,whole-plant,273,552,0.4946,241.7638,242.0558,239.391,36.7246,35.9597,38.0115,241.4712,36.3665,3.5603,35.0659,0.0,0.9106,af7f0b1bd3ff3f43e7e42a0ddcca429066b01fb57e74d31d59f56cba3bb6f27b,train,public-reference-or-acquired
DS-090,dataset/acquisition/acquired/DS-090/Hemp_growth/C3/ryb_C3_20241217_12_00.jpg,ryb_C3_20241217_12_00.jpg,growth_time_series,DS-090|C3|growth_time_series,C3,dataset/acquisition/acquired/DS-090/Hemp_growth/C3,path-derived,whole-plant,273,552,0.4946,216.8961,220.3173,222.8841,33.597,33.8082,35.8321,219.5755,33.915,4.726,32.9779,0.0,0.7924,f88ea0da0940f3e1fc4e93376021cedf15431d3604d5780c2066a362cb74f6ff,train,public-reference-or-acquired
DS-090,dataset/acquisition/acquired/DS-090/Hemp_growth/C3/ryb_C3_20241217_13_00.jpg,ryb_C3_20241217_13_00.jpg,growth_time_series,DS-090|C3|growth_time_series,C3,dataset/acquisition/acquired/DS-090/Hemp_growth/C3,path-derived,whole-plant,273,552,0.4946,216.9102,218.4076,219.5266,32.8398,32.1452,35.2262,218.1011,32.6353,4.7525,26.576,0.0,0.7561,dd31bfa0ae1f434bc1fc85ee8272f5d6ff7a666cb8769ed07c5e7408bdb43b55,train,public-reference-or-acquired
DS-090,dataset/acquisition/acquired/DS-090/Hemp_growth/C3/ryb_C3_20241217_14_00.jpg,ryb_C3_20241217_14_00.jpg,growth_time_series,DS-090|C3|growth_time_series,C3,dataset/acquisition/acquired/DS-090/Hemp_growth/C3,path-derived,whole-plant,273,552,0.4946,218.2271,219.843,222.3819,34.491,33.6752,35.5277,219.652,34.0905,4.9361,28.0339,0.0,0.7819,4ce1db3fadb1b9c824bcbc132de53018932ba3579e9ace0c16273ccfdabd661d,train,public-reference-or-acquired
DS-090,dataset/acquisition/acquired/DS-090/Hemp_growth/C3/ryb_C3_20241217_15_00.jpg,ryb_C3_20241217_15_00.jpg,growth_time_series,DS-090|C3|growth_time_series,C3,dataset/acquisition/acquired/DS-090/Hemp_growth/C3,path-derived,whole-plant,273,552,0.4946,231.7024,231.8018,226.7146,38.2258,37.1671,38.2772,231.2238,37.5723,5.238,31.8877,0.0,0.8493,65aed435ef2e00cb630d2b2eddbcfe6a0ea8ad9d235c3c4d4ec01add32eca60a,train,public-reference-or-acquired
DS-090,dataset/acquisition/acquired/DS-090/Hemp_growth/C3/ryb_C3_20241217_16_00.jpg,ryb_C3_20241217_16_00.jpg,growth_time_series,DS-090|C3|growth_time_series,C3,dataset/acquisition/acquired/DS-090/Hemp_growth/C3,path-derived,whole-plant,273,552,0.4946,234.3116,235.0454,234.9625,38.2593,37.4124,38.5539,234.8055,37.7618,4.9549,33.3446,0.0,0.8591,e4fe2a9ef5754eee589aa373de06dc8bdf55a5c3db7200c5641c299858a19f62,train,public-reference-or-acquired
DS-090,dataset/acquisition/acquired/DS-090/Hemp_growth/C3/ryb_C3_20241217_17_00.jpg,ryb_C3_20241217_17_00.jpg,growth_time_series,DS-090|C3|growth_time_series,C3,dataset/acquisition/acquired/DS-090/Hemp_growth/C3,path-derived,whole-plant,273,552,0.4946,218.9254,220.5733,222.7729,35.4356,34.5601,36.6948,220.3123,35.0332,5.1699,28.711,0.0,0.781,7c7ec0bed5e9ee763deb20ca3dec2d0d6bd450dc3513f265a30395bd3f4fa100,train,public-reference-or-acquired
DS-090,dataset/acquisition/acquired/DS-090/Hemp_growth/C3/ryb_C3_20241218_08_00.jpg,ryb_C3_20241218_08_00.jpg,growth_time_series,DS-090|C3|growth_time_series,C3,dataset/acquisition/acquired/DS-090/Hemp_growth/C3,path-derived,whole-plant,273,552,0.4946,236.8115,237.9948,236.9606,39.6689,38.478,39.3227,237.4752,38.9014,4.0907,44.7488,0.0,0.8724,542d2175fbc0526e1ba01f5b2c4bfc1bf40d78346bf46f4e6eceee91c17e8b08,train,public-reference-or-acquired
DS-090,dataset/acquisition/acquired/DS-090/Hemp_growth/C3/ryb_C3_20241218_09_00.jpg,ryb_C3_20241218_09_00.jpg,growth_time_series,DS-090|C3|growth_time_series,C3,dataset/acquisition/acquired/DS-090/Hemp_growth/C3,path-derived,whole-plant,273,552,0.4946,224.9527,229.5178,233.718,40.9656,39.6809,40.1064,228.5785,39.9978,5.5471,54.9978,0.0,0.8018,00e0f99a7a8ef1c95db9adcc79b212526d992b537b7b18a33106af8f1f22bd10,train,public-reference-or-acquired
DS-090,dataset/acquisition/acquired/DS-090/Hemp_growth/C3/ryb_C3_20241218_10_00.jpg,ryb_C3_20241218_10_00.jpg,growth_time_series,DS-090|C3|growth_time_series,C3,dataset/acquisition/acquired/DS-090/Hemp_growth/C3,path-derived,whole-plant,273,552,0.4946,218.9516,219.9836,220.971,36.6502,35.4736,36.7411,219.7786,35.9278,5.5547,42.1957,0.0,0.7662,c271b6f42cd9b3d61095f24a574fd27cf215efb212b59a0367283e854e893c88,train,public-reference-or-acquired
DS-090,dataset/acquisition/acquired/DS-090/Hemp_growth/C3/ryb_C3_20241218_11_00.jpg,ryb_C3_20241218_11_00.jpg,growth_time_series,DS-090|C3|growth_time_series,C3,dataset/acquisition/acquired/DS-090/Hemp_growth/C3,path-derived,whole-plant,273,552,0.4946,239.048,239.9014,239.221,37.6959,37.0975,39.2501,239.4167,37.4797,4.1633,49.0518,0.0,0.908,1943733a2b8340f1f105778d25d93b31a7f18e69161e3aaef5823074f438125d,train,public-reference-or-acquired
DS-090,dataset/acquisition/acquired/DS-090/Hemp_growth/C3/ryb_C3_20241218_12_00.jpg,ryb_C3_20241218_12_00.jpg,growth_time_series,DS-090|C3|growth_time_series,C3,dataset/acquisition/acquired/DS-090/Hemp_growth/C3,path-derived,whole-plant,273,552,0.4946,230.7665,231.2738,229.624,36.9994,36.6604,40.0259,230.9353,37.0681,4.9469,48.0226,0.0,0.8675,04d2158534ef7f805dc2009b0fa3da3d1fc4e6b837f5be1ad78395e05ebb8a3a,train,public-reference-or-acquired
DS-090,dataset/acquisition/acquired/DS-090/Hemp_growth/C3/ryb_C3_20241218_13_00.jpg,ryb_C3_20241218_13_00.jpg,growth_time_series,DS-090|C3|growth_time_series,C3,dataset/acquisition/acquired/DS-090/Hemp_growth/C3,path-derived,whole-plant,273,552,0.4946,218.3745,218.7822,218.834,34.5704,33.2995,36.6177,218.6622,33.976,4.6651,35.8905,0.0,0.7618,b41d43ff6e7c489959473484e634ab359b8cc4d7ce6428bf522823fd0e40356f,train,public-reference-or-acquired
DS-090,dataset/acquisition/acquired/DS-090/Hemp_growth/C3/ryb_C3_20241218_14_00.jpg,ryb_C3_20241218_14_00.jpg,growth_time_series,DS-090|C3|growth_time_series,C3,dataset/acquisition/acquired/DS-090/Hemp_growth/C3,path-derived,whole-plant,273,552,0.4946,222.6311,224.7377,225.6908,37.3661,36.0632,38.9782,224.2117,36.7368,5.2806,35.9805,0.0,0.7936,d92e8aa48b3b5b4c00c405e2e9939c37ec1d442253e6a133520024ab83ada686,train,public-reference-or-acquired
DS-090,dataset/acquisition/acquired/DS-090/Hemp_growth/C3/ryb_C3_20241218_15_00.jpg,ryb_C3_20241218_15_00.jpg,growth_time_series,DS-090|C3|growth_time_series,C3,dataset/acquisition/acquired/DS-090/Hemp_growth/C3,path-derived,whole-plant,273,552,0.4946,236.9329,238.0655,234.121,38.2252,37.1289,39.0214,237.2584,37.6179,4.3104,40.2898,0.0,0.8698,3f051feab2f5ea57d26a28d37d666eb2fc4ae78af6729be4a6c1abb72bb505b9,train,public-reference-or-acquired
DS-090,dataset/acquisition/acquired/DS-090/Hemp_growth/C3/ryb_C3_20241218_16_00.jpg,ryb_C3_20241218_16_00.jpg,growth_time_series,DS-090|C3|growth_time_series,C3,dataset/acquisition/acquired/DS-090/Hemp_growth/C3,path-derived,whole-plant,273,552,0.4946,218.5161,220.8949,220.6938,35.4882,34.8342,37.0761,220.1604,35.2137,5.0999,35.9256,0.0,0.7767,a482b2c3fcfac1fbd2fd5c778f273563da5905ac03294c247f1a4bd1ea712362,train,public-reference-or-acquired
DS-090,dataset/acquisition/acquired/DS-090/Hemp_growth/C3/ryb_C3_20241218_17_00.jpg,ryb_C3_20241218_17_00.jpg,growth_time_series,DS-090|C3|growth_time_series,C3,dataset/acquisition/acquired/DS-090/Hemp_growth/C3,path-derived,whole-plant,273,552,0.4946,212.3701,214.8623,214.7004,35.1679,33.9322,36.8402,214.1022,34.5797,5.1914,37.7034,0.0,0.683,1cb0d5c5b9237d5a67ac3bab0952ccbfb20450a0965789bbd32c67df1665a186,train,public-reference-or-acquired
DS-090,dataset/acquisition/acquired/DS-090/Hemp_growth/C3/ryb_C3_20241219_13_00.jpg,ryb_C3_20241219_13_00.jpg,growth_time_series,DS-090|C3|growth_time_series,C3,dataset/acquisition/acquired/DS-090/Hemp_growth/C3,path-derived,whole-plant,273,552,0.4946,223.2644,224.0036,220.5632,37.0973,35.9548,38.685,223.3923,36.5431,4.9298,46.1679,0.0,0.7951,4910fcb7d3d3b99f80b5c98d31e4dc3ee33dac4da1979da4e8846c7268c6e3a4,train,public-reference-or-acquired
DS-090,dataset/acquisition/acquired/DS-090/Hemp_growth/C3/ryb_C3_20241219_14_00.jpg,ryb_C3_20241219_14_00.jpg,growth_time_series,DS-090|C3|growth_time_series,C3,dataset/acquisition/acquired/DS-090/Hemp_growth/C3,path-derived,whole-plant,273,552,0.4946,214.6547,217.5031,215.2399,35.2239,34.363,36.353,216.3703,34.7999,4.8275,46.8562,0.0,0.7387,3a37114cd6e879153626fec108ac2230a589c07fe4d32cc89fb18c0b2dc14ca1,train,public-reference-or-acquired
DS-090,dataset/acquisition/acquired/DS-090/Hemp_growth/C3/ryb_C3_20241219_15_00.jpg,ryb_C3_20241219_15_00.jpg,growth_time_series,DS-090|C3|growth_time_series,C3,dataset/acquisition/acquired/DS-090/Hemp_growth/C3,path-derived,whole-plant,273,552,0.4946,220.1585,221.2326,219.5952,36.2292,35.3173,37.6137,220.7435,35.7931,5.1833,43.2082,0.0,0.7695,a672dc5d1c67ede7422725b266eaf14c0b9251ae4bafefec7d3e3f1fe76c86c9,train,public-reference-or-acquired
DS-090,dataset/acquisition/acquired/DS-090/Hemp_growth/C3/ryb_C3_20241219_16_00.jpg,ryb_C3_20241219_16_00.jpg,growth_time_series,DS-090|C3|growth_time_series,C3,dataset/acquisition/acquired/DS-090/Hemp_growth/C3,path-derived,whole-plant,273,552,0.4946,218.7772,219.4785,217.5015,35.8473,34.9799,37.2129,219.0379,35.4413,4.8345,43.8043,0.0,0.775,8df595d7134059b2fc0d1032aa4c95eec933e29e8f796f9344d633ea9dc172d0,train,public-reference-or-acquired
DS-090,dataset/acquisition/acquired/DS-090/Hemp_growth/C3/ryb_C3_20241219_17_00.jpg,ryb_C3_20241219_17_00.jpg,growth_time_series,DS-090|C3|growth_time_series,C3,dataset/acquisition/acquired/DS-090/Hemp_growth/C3,path-derived,whole-plant,273,552,0.4946,222.2262,223.2769,220.7445,36.5974,35.3474,37.6402,222.717,35.9152,4.9138,42.832,0.0,0.7982,c6a1e2a111ae1f5c2aba1ca51698349e6edc975a7792eaa7c10d77483b345670,train,public-reference-or-acquired
DS-090,dataset/acquisition/acquired/DS-090/Hemp_growth/C3/ryb_C3_20241220_08_00.jpg,ryb_C3_20241220_08_00.jpg,growth_time_series,DS-090|C3|growth_time_series,C3,dataset/acquisition/acquired/DS-090/Hemp_growth/C3,path-derived,whole-plant,273,552,0.4946,234.5669,236.1963,236.8995,42.6688,40.9958,41.2139,235.6273,41.4776,3.7596,63.1523,0.0,0.8383,2521cfac5d660171df82fe8b3d396ddb2fc19b1a2236684ceb5a2e5740ded828,train,public-reference-or-acquired
DS-090,dataset/acquisition/acquired/DS-090/Hemp_growth/C3/ryb_C3_20241220_09_00.jpg,ryb_C3_20241220_09_00.jpg,growth_time_series,DS-090|C3|growth_time_series,C3,dataset/acquisition/acquired/DS-090/Hemp_growth/C3,path-derived,whole-plant,273,552,0.4946,214.2275,218.3233,222.5122,46.7704,44.9572,44.8359,217.5166,45.3896,6.1305,82.3187,0.0,0.5701,214f7e130ebefadcf990fd53e24e5f3e2492edf6afd86f8b04034b499ffca5c4,train,public-reference-or-acquired
DS-090,dataset/acquisition/acquired/DS-090/Hemp_growth/C3/ryb_C3_20241220_10_00.jpg,ryb_C3_20241220_10_00.jpg,growth_time_series,DS-090|C3|growth_time_series,C3,dataset/acquisition/acquired/DS-090/Hemp_growth/C3,path-derived,whole-plant,273,552,0.4946,215.921,216.1563,217.4141,38.0927,36.3029,38.3862,216.2011,37.0124,5.7824,65.4673,0.0,0.7225,d4a7c5585c3030bfc5cc0c683f3a6e827fd2685bf9ec56b112b4a301f2708511,train,public-reference-or-acquired
DS-090,dataset/acquisition/acquired/DS-090/Hemp_growth/C3/ryb_C3_20241220_11_00.jpg,ryb_C3_20241220_11_00.jpg,growth_time_series,DS-090|C3|growth_time_series,C3,dataset/acquisition/acquired/DS-090/Hemp_growth/C3,path-derived,whole-plant,273,552,0.4946,232.385,232.8798,231.4481,38.3508,37.4402,40.4654,232.5331,37.9889,5.2729,62.6763,0.0,0.8677,480c662088348ba56556a3a691b650d54bbcf5fc808fd8bf8693057a43d2d63c,train,public-reference-or-acquired
DS-090,dataset/acquisition/acquired/DS-090/Hemp_growth/C3/ryb_C3_20241220_12_00.jpg,ryb_C3_20241220_12_00.jpg,growth_time_series,DS-090|C3|growth_time_series,C3,dataset/acquisition/acquired/DS-090/Hemp_growth/C3,path-derived,whole-plant,273,552,0.4946,224.9565,225.864,223.2207,36.2474,35.2855,38.8513,225.2724,35.8917,5.1172,62.7059,0.0,0.8147,14e06730aa6ed7017d49ecdfca89e3bdd6fab2a3dc1edd1b5e6db83198325cb1,train,public-reference-or-acquired
DS-090,dataset/acquisition/acquired/DS-090/Hemp_growth/C3/ryb_C3_20241220_13_00.jpg,ryb_C3_20241220_13_00.jpg,growth_time_series,DS-090|C3|growth_time_series,C3,dataset/acquisition/acquired/DS-090/Hemp_growth/C3,path-derived,whole-plant,273,552,0.4946,216.8477,217.3149,215.7025,35.1789,34.2165,38.2168,216.9831,34.8572,4.7054,49.9413,0.0,0.7266,267909f6805ebc225ffa0735ddc32909af9933e5dcb56fe9067ea19ac22c6f74,train,public-reference-or-acquired
DS-090,dataset/acquisition/acquired/DS-090/Hemp_growth/C3/ryb_C3_20241220_14_00.jpg,ryb_C3_20241220_14_00.jpg,growth_time_series,DS-090|C3|growth_time_series,C3,dataset/acquisition/acquired/DS-090/Hemp_growth/C3,path-derived,whole-plant,273,552,0.4946,211.5441,212.0858,214.5086,35.6534,34.1818,37.9511,212.2557,34.979,4.819,47.0313,0.0,0.6659,46417501a360f4693edc763b2c9a05368b846e16bdbf528bb021fa5cd300611b,train,public-reference-or-acquired
DS-090,dataset/acquisition/acquired/DS-090/Hemp_growth/C3/ryb_C3_20241220_15_00.jpg,ryb_C3_20241220_15_00.jpg,growth_time_series,DS-090|C3|growth_time_series,C3,dataset/acquisition/acquired/DS-090/Hemp_growth/C3,path-derived,whole-plant,273,552,0.4946,215.3842,216.2477,216.858,39.1499,37.6631,40.552,216.0482,38.3847,5.1338,59.6734,0.0,0.7054,ef1342ba1f6b6393b7a8a7a5494752e0763faed17a55b5dd3fbb71b86a1ed9f1,train,public-reference-or-acquired
DS-090,dataset/acquisition/acquired/DS-090/Hemp_growth/C3/ryb_C3_20241220_16_00.jpg,ryb_C3_20241220_16_00.jpg,growth_time_series,DS-090|C3|growth_time_series,C3,dataset/acquisition/acquired/DS-090/Hemp_growth/C3,path-derived,whole-plant,273,552,0.4946,215.4582,216.0736,214.6604,37.7795,36.9554,38.9244,215.6915,37.394,5.0796,63.0629,0.0,0.7041,1d4c153fc69a3c633186c22fea6d4cb0ce05118f9409324de6574f5cefac48bc,train,public-reference-or-acquired
DS-090,dataset/acquisition/acquired/DS-090/Hemp_growth/C3/ryb_C3_20241220_17_00.jpg,ryb_C3_20241220_17_00.jpg,growth_time_series,DS-090|C3|growth_time_series,C3,dataset/acquisition/acquired/DS-090/Hemp_growth/C3,path-derived,whole-plant,273,552,0.4946,217.232,218.8263,220.7171,38.5527,37.7705,40.0108,218.5808,38.2274,5.4044,63.2629,0.0,0.7283,0c79981188fc50452c5463df3b0e786311040d4d547a983f2e510ae55aedb691,train,public-reference-or-acquired
DS-090,dataset/acquisition/acquired/DS-090/Hemp_growth/C3/ryb_C3_20241221_08_00.jpg,ryb_C3_20241221_08_00.jpg,growth_time_series,DS-090|C3|growth_time_series,C3,dataset/acquisition/acquired/DS-090/Hemp_growth/C3,path-derived,whole-plant,273,552,0.4946,235.0538,236.4371,236.0879,43.3703,41.5705,42.5611,235.7677,42.1738,3.3483,94.6292,0.0,0.8454,262aca70b77ede36671408ce775d50b54319891113adeb74afff585b6d71f320,train,public-reference-or-acquired
DS-090,dataset/acquisition/acquired/DS-090/Hemp_growth/C3/ryb_C3_20241221_09_00.jpg,ryb_C3_20241221_09_00.jpg,growth_time_series,DS-090|C3|growth_time_series,C3,dataset/acquisition/acquired/DS-090/Hemp_growth/C3,path-derived,whole-plant,273,552,0.4946,219.2065,222.3755,225.0855,47.8135,45.603,45.9362,221.6245,46.2073,5.5505,108.1394,0.0,0.6783,77389120e452ecfaf88ce6a0d604a87c8300e0225ca6e18b354a24330c13c69f,train,public-reference-or-acquired
DS-090,dataset/acquisition/acquired/DS-090/Hemp_growth/C3/ryb_C3_20241221_10_00.jpg,ryb_C3_20241221_10_00.jpg,growth_time_series,DS-090|C3|growth_time_series,C3,dataset/acquisition/acquired/DS-090/Hemp_growth/C3,path-derived,whole-plant,273,552,0.4946,215.6942,217.4889,218.7527,39.6698,37.0895,40.3308,217.0595,38.1527,5.8166,89.6248,0.0,0.7344,4f3b7fabc6ddbf3c5f0f6227882213e1ecfb753ad3a5e80e78974fa9032d03d1,train,public-reference-or-acquired
DS-090,dataset/acquisition/acquired/DS-090/Hemp_growth/C3/ryb_C3_20241221_11_00.jpg,ryb_C3_20241221_11_00.jpg,growth_time_series,DS-090|C3|growth_time_series,C3,dataset/acquisition/acquired/DS-090/Hemp_growth/C3,path-derived,whole-plant,273,552,0.4946,230.9284,231.256,230.8797,40.456,38.6092,42.9504,231.117,39.5693,5.25,95.9482,0.0,0.8518,132f2b1109bfaa5a08bc3642fbe5bed2057d2fd1378c221785df4b0ed84e0e8b,train,public-reference-or-acquired
DS-090,dataset/acquisition/acquired/DS-090/Hemp_growth/C3/ryb_C3_20241221_12_00.jpg,ryb_C3_20241221_12_00.jpg,growth_time_series,DS-090|C3|growth_time_series,C3,dataset/acquisition/acquired/DS-090/Hemp_growth/C3,path-derived,whole-plant,273,552,0.4946,222.7035,224.9306,222.6107,37.6136,36.3635,40.9574,224.0016,37.132,5.373,81.3649,0.0,0.7917,98b0f435a1d9651caa3ed8609ff965b2b45c136551e7644813f46e5dd6cc0b7a,train,public-reference-or-acquired
DS-090,dataset/acquisition/acquired/DS-090/Hemp_growth/C3/ryb_C3_20241221_13_00.jpg,ryb_C3_20241221_13_00.jpg,growth_time_series,DS-090|C3|growth_time_series,C3,dataset/acquisition/acquired/DS-090/Hemp_growth/C3,path-derived,whole-plant,273,552,0.4946,216.1732,217.4255,216.2334,36.8063,35.075,40.1802,216.9052,36.032,4.6455,62.9323,0.0,0.727,5624cd3eab9a70eb8cb81cc8a3108a3fef8136cdfd318be6d60a9792decab806,train,public-reference-or-acquired
DS-090,dataset/acquisition/acquired/DS-090/Hemp_growth/C3/ryb_C3_20241221_14_00.jpg,ryb_C3_20241221_14_00.jpg,growth_time_series,DS-090|C3|growth_time_series,C3,dataset/acquisition/acquired/DS-090/Hemp_growth/C3,path-derived,whole-plant,273,552,0.4946,216.3613,219.3362,215.8696,39.3175,38.107,41.3693,218.0667,38.7582,5.4289,60.3613,0.0,0.712,2b142e96f435687073e18fadf33c2c050ce2a59cdb89e1d34946f92bad6ac14b,train,public-reference-or-acquired
DS-090,dataset/acquisition/acquired/DS-090/Hemp_growth/C3/ryb_C3_20241221_15_00.jpg,ryb_C3_20241221_15_00.jpg,growth_time_series,DS-090|C3|growth_time_series,C3,dataset/acquisition/acquired/DS-090/Hemp_growth/C3,path-derived,whole-plant,273,552,0.4946,213.9809,216.7338,218.0521,40.4956,38.594,41.8142,216.062,39.4638,5.605,75.4378,0.0,0.6988,b8463145ba3b1fc0c17a480d272beb38548a0d14afa2b01e4f824b020d7b59e3,train,public-reference-or-acquired
DS-090,dataset/acquisition/acquired/DS-090/Hemp_growth/C3/ryb_C3_20241221_16_00.jpg,ryb_C3_20241221_16_00.jpg,growth_time_series,DS-090|C3|growth_time_series,C3,dataset/acquisition/acquired/DS-090/Hemp_growth/C3,path-derived,whole-plant,273,552,0.4946,211.0742,211.6405,214.1324,38.0368,36.7104,39.9413,211.782,37.4312,5.09,77.4865,0.0,0.6762,88ce1dacf93c28ce1988fa5ca88d01cecc03c75eb0034e2e8873ce95eb40bf0d,train,public-reference-or-acquired
DS-090,dataset/acquisition/acquired/DS-090/Hemp_growth/C3/ryb_C3_20241221_17_00.jpg,ryb_C3_20241221_17_00.jpg,growth_time_series,DS-090|C3|growth_time_series,C3,dataset/acquisition/acquired/DS-090/Hemp_growth/C3,path-derived,whole-plant,273,552,0.4946,214.389,216.4372,217.1165,38.9794,37.8935,40.4599,215.8818,38.4687,5.4822,77.4346,0.0,0.7008,ec5676f12f408c3fbb0ae443b821fb4e530eed47176bcf94998768bb34ed68f2,train,public-reference-or-acquired
DS-090,dataset/acquisition/acquired/DS-090/Hemp_growth/C3/ryb_C3_20241222_08_00.jpg,ryb_C3_20241222_08_00.jpg,growth_time_series,DS-090|C3|growth_time_series,C3,dataset/acquisition/acquired/DS-090/Hemp_growth/C3,path-derived,whole-plant,273,552,0.4946,230.9458,233.6444,233.9528,45.4326,42.7204,43.5641,232.7147,43.5634,3.8482,100.4453,0.0,0.7891,2e07cb3f1c6a676d706e40a5a84fd0d3105007a65b5566a7b4266997dfcd9660,train,public-reference-or-acquired
DS-090,dataset/acquisition/acquired/DS-090/Hemp_growth/C3/ryb_C3_20241222_09_00.jpg,ryb_C3_20241222_09_00.jpg,growth_time_series,DS-090|C3|growth_time_series,C3,dataset/acquisition/acquired/DS-090/Hemp_growth/C3,path-derived,whole-plant,273,552,0.4946,215.6258,219.4666,222.6141,49.1601,46.5423,46.9147,218.5798,47.2692,5.8153,121.9013,0.0,0.6294,a74da9fdb7254b49cb589cd8beb3f98aaa84e33b15d10b57118c7766b80de926,train,public-reference-or-acquired
DS-090,dataset/acquisition/acquired/DS-090/Hemp_growth/C3/ryb_C3_20241222_10_00.jpg,ryb_C3_20241222_10_00.jpg,growth_time_series,DS-090|C3|growth_time_series,C3,dataset/acquisition/acquired/DS-090/Hemp_growth/C3,path-derived,whole-plant,273,552,0.4946,219.579,220.556,218.9908,40.6287,38.2716,41.0765,220.0687,39.2135,5.9785,108.1769,0.0,0.7363,78893126453025287486a19e440191656732508ee7c075750b555a32c1d34fdb,train,public-reference-or-acquired
DS-090,dataset/acquisition/acquired/DS-090/Hemp_growth/C3/ryb_C3_20241222_11_00.jpg,ryb_C3_20241222_11_00.jpg,growth_time_series,DS-090|C3|growth_time_series,C3,dataset/acquisition/acquired/DS-090/Hemp_growth/C3,path-derived,whole-plant,273,552,0.4946,232.1682,233.1317,231.0925,41.1709,39.6504,44.0604,232.5792,40.5163,5.2912,94.6863,0.0,0.8505,9aab4506943beba4444d02641e33f667d2fb4256719fd6ff5347207c28e7cffc,train,public-reference-or-acquired
DS-090,dataset/acquisition/acquired/DS-090/Hemp_growth/C3/ryb_C3_20241222_12_00.jpg,ryb_C3_20241222_12_00.jpg,growth_time_series,DS-090|C3|growth_time_series,C3,dataset/acquisition/acquired/DS-090/Hemp_growth/C3,path-derived,whole-plant,273,552,0.4946,223.5902,224.6694,220.7514,40.0882,38.7029,43.5083,223.8745,39.5417,5.3608,89.5537,0.0,0.7762,53309bf0dd2bda6f119d2c1579a7a65f01a766ad145d48deec7337eb5a61eba3,train,public-reference-or-acquired
DS-090,dataset/acquisition/acquired/DS-090/Hemp_growth/C3/ryb_C3_20241222_13_00.jpg,ryb_C3_20241222_13_00.jpg,growth_time_series,DS-090|C3|growth_time_series,C3,dataset/acquisition/acquired/DS-090/Hemp_growth/C3,path-derived,whole-plant,273,552,0.4946,214.5612,214.7502,211.0935,35.5516,33.2779,39.1482,214.2591,34.4484,5.1242,64.1019,0.0,0.6953,0cb55f023534f4475b998cdfdbdff8d05cd2e21dd8f1d7d32a1fb941329f360d,train,public-reference-or-acquired
DS-090,dataset/acquisition/acquired/DS-090/Hemp_growth/C3/ryb_C3_20241222_14_00.jpg,ryb_C3_20241222_14_00.jpg,growth_time_series,DS-090|C3|growth_time_series,C3,dataset/acquisition/acquired/DS-090/Hemp_growth/C3,path-derived,whole-plant,273,552,0.4946,214.4894,215.7793,214.4799,39.6562,37.9789,42.0947,215.2466,38.8644,5.2982,80.4606,0.0,0.6819,6ee0a34ce37e0c2699d3023a70d931f01b9837a7dbd9a12184b01aa04e3a134f,train,public-reference-or-acquired
DS-090,dataset/acquisition/acquired/DS-090/Hemp_growth/C3/ryb_C3_20241222_15_00.jpg,ryb_C3_20241222_15_00.jpg,growth_time_series,DS-090|C3|growth_time_series,C3,dataset/acquisition/acquired/DS-090/Hemp_growth/C3,path-derived,whole-plant,273,552,0.4946,230.982,232.4657,227.0603,42.0271,40.603,43.2131,231.3896,41.2582,4.7708,92.7367,0.0,0.7928,2ffa88623166f836fac80fc3560363ff5f83f0ef2a4c9499625c9d6d4f375290,train,public-reference-or-acquired
DS-090,dataset/acquisition/acquired/DS-090/Hemp_growth/C3/ryb_C3_20241222_16_00.jpg,ryb_C3_20241222_16_00.jpg,growth_time_series,DS-090|C3|growth_time_series,C3,dataset/acquisition/acquired/DS-090/Hemp_growth/C3,path-derived,whole-plant,273,552,0.4946,211.1865,213.5381,211.2272,38.6815,37.7349,40.3283,212.5722,38.2498,5.5828,87.4472,0.0,0.6608,c9f791eb04f8584be39ae93f52a3bd3eb118e9235ca93e95d0c4676e33909a72,train,public-reference-or-acquired
DS-090,dataset/acquisition/acquired/DS-090/Hemp_growth/C3/ryb_C3_20241222_17_00.jpg,ryb_C3_20241222_17_00.jpg,growth_time_series,DS-090|C3|growth_time_series,C3,dataset/acquisition/acquired/DS-090/Hemp_growth/C3,path-derived,whole-plant,273,552,0.4946,218.0859,218.8656,216.7594,40.933,39.5673,41.9093,218.406,40.1981,5.6177,94.1469,0.0,0.6866,38986fed3ad01b4f4f1ec103bd59c6b7d834aa73ee0671a8aa8fb06cc6e0c0ac,train,public-reference-or-acquired
DS-090,dataset/acquisition/acquired/DS-090/Hemp_growth/C3/ryb_C3_20241223_08_00.jpg,ryb_C3_20241223_08_00.jpg,growth_time_series,DS-090|C3|growth_time_series,C3,dataset/acquisition/acquired/DS-090/Hemp_growth/C3,path-derived,whole-plant,273,552,0.4946,229.6949,230.8648,229.6904,45.9804,44.1126,45.7051,230.2813,44.7969,4.1797,119.4292,0.0,0.765,8ec6d171cdd6a1dbc1b699d02dffdea93d79fab17ace0e77d7f763f74ca5071c,train,public-reference-or-acquired
DS-090,dataset/acquisition/acquired/DS-090/Hemp_growth/C3/ryb_C3_20241223_09_00.jpg,ryb_C3_20241223_09_00.jpg,growth_time_series,DS-090|C3|growth_time_series,C3,dataset/acquisition/acquired/DS-090/Hemp_growth/C3,path-derived,whole-plant,273,552,0.4946,217.0956,221.0465,223.1174,49.9574,47.13,48.3806,219.9834,48.0285,5.5228,140.1206,0.0,0.6456,8b383be21668cbfcb429f86746af179fb4f79d0ebaa2a3b5d0ca4e1b2f2800ce,train,public-reference-or-acquired
DS-090,dataset/acquisition/acquired/DS-090/Hemp_growth/C3/ryb_C3_20241223_10_00.jpg,ryb_C3_20241223_10_00.jpg,growth_time_series,DS-090|C3|growth_time_series,C3,dataset/acquisition/acquired/DS-090/Hemp_growth/C3,path-derived,whole-plant,273,552,0.4946,224.8253,225.5769,221.3581,42.431,40.0386,43.5699,224.8505,41.0655,5.8235,117.288,0.0,0.7703,fc05a9f425cee8a8026cb22b62eca7642f6a466003fcdd58bf6d9c1e86d66093,train,public-reference-or-acquired
DS-090,dataset/acquisition/acquired/DS-090/Hemp_growth/C3/ryb_C3_20241223_11_00.jpg,ryb_C3_20241223_11_00.jpg,growth_time_series,DS-090|C3|growth_time_series,C3,dataset/acquisition/acquired/DS-090/Hemp_growth/C3,path-derived,whole-plant,273,552,0.4946,231.5286,231.7437,229.5611,43.4823,41.4388,46.4653,231.3597,42.5307,5.142,142.025,0.0,0.8326,76f4b76a1010ac14414885c90ff0f26cccef8142fb0dd4f00a5d486ec75d3720,train,public-reference-or-acquired
DS-090,dataset/acquisition/acquired/DS-090/Hemp_growth/C3/ryb_C3_20241223_12_00.jpg,ryb_C3_20241223_12_00.jpg,growth_time_series,DS-090|C3|growth_time_series,C3,dataset/acquisition/acquired/DS-090/Hemp_growth/C3,path-derived,whole-plant,273,552,0.4946,223.6042,225.947,222.0244,42.1962,40.4366,46.22,224.797,41.4964,5.5987,120.2877,0.0,0.7643,708a4a124c3a63856f4f4e742a0ed768eebc833841f9400affa224f66afcf108,train,public-reference-or-acquired
DS-090,dataset/acquisition/acquired/DS-090/Hemp_growth/C3/ryb_C3_20241223_13_00.jpg,ryb_C3_20241223_13_00.jpg,growth_time_series,DS-090|C3|growth_time_series,C3,dataset/acquisition/acquired/DS-090/Hemp_growth/C3,path-derived,whole-plant,273,552,0.4946,213.6428,214.9857,212.3625,36.4981,34.4948,40.6745,214.2653,35.6175,4.848,83.981,0.0,0.6829,fbb5e4bf2463689aacd0815ebcf212375f9222f4414acdcea2e9e0ed79393b09,train,public-reference-or-acquired
DS-090,dataset/acquisition/acquired/DS-090/Hemp_growth/C3/ryb_C3_20241223_14_00.jpg,ryb_C3_20241223_14_00.jpg,growth_time_series,DS-090|C3|growth_time_series,C3,dataset/acquisition/acquired/DS-090/Hemp_growth/C3,path-derived,whole-plant,273,552,0.4946,217.3378,219.3423,213.8052,41.532,39.5794,43.8026,218.1257,40.542,5.783,86.3266,0.0,0.6796,bd5f58d16dea087e66673bf3641b07b68137044b0a6c33e7607c903c56a2914c,train,public-reference-or-acquired
DS-090,dataset/acquisition/acquired/DS-090/Hemp_growth/C3/ryb_C3_20241223_15_00.jpg,ryb_C3_20241223_15_00.jpg,growth_time_series,DS-090|C3|growth_time_series,C3,dataset/acquisition/acquired/DS-090/Hemp_growth/C3,path-derived,whole-plant,273,552,0.4946,205.9493,208.6176,209.6425,40.4235,38.5409,42.3688,207.9257,39.4749,5.7515,97.6586,0.0,0.5955,037c6713bb3c867a5932ed4715016b5c0b997a25ca231d7fef3e9fceaa9e471b,train,public-reference-or-acquired
DS-090,dataset/acquisition/acquired/DS-090/Hemp_growth/C3/ryb_C3_20241223_16_00.jpg,ryb_C3_20241223_16_00.jpg,growth_time_series,DS-090|C3|growth_time_series,C3,dataset/acquisition/acquired/DS-090/Hemp_growth/C3,path-derived,whole-plant,273,552,0.4946,212.5816,213.8682,214.247,40.7759,39.2072,42.1558,213.521,39.9706,5.4057,113.0178,0.0,0.6524,064c0fbf66fb6e32597ec69ee004013e50c08a3d68430da6eef5b004a44ba988,train,public-reference-or-acquired
DS-090,dataset/acquisition/acquired/DS-090/Hemp_growth/C3/ryb_C3_20241223_17_00.jpg,ryb_C3_20241223_17_00.jpg,growth_time_series,DS-090|C3|growth_time_series,C3,dataset/acquisition/acquired/DS-090/Hemp_growth/C3,path-derived,whole-plant,273,552,0.4946,219.5512,221.3249,220.5233,42.9796,40.9795,44.4011,220.6459,41.9142,5.4818,119.3608,0.0,0.6836,eb125ad17d46521f9a61a7ae3468f2d7be727481308cf94061883d1b83f27094,train,public-reference-or-acquired
DS-090,dataset/acquisition/acquired/DS-090/Hemp_growth/C3/ryb_C3_20241224_08_00.jpg,ryb_C3_20241224_08_00.jpg,growth_time_series,DS-090|C3|growth_time_series,C3,dataset/acquisition/acquired/DS-090/Hemp_growth/C3,path-derived,whole-plant,273,552,0.4946,227.0427,230.1599,229.0745,48.3951,45.2873,47.406,228.9823,46.3804,4.0122,145.1642,0.0,0.7588,40bbe88714e5cff688e5ed1cd6636476899485d92d7dfd1b4f310dd57c5f250d,train,public-reference-or-acquired
DS-090,dataset/acquisition/acquired/DS-090/Hemp_growth/C3/ryb_C3_20241224_09_00.jpg,ryb_C3_20241224_09_00.jpg,growth_time_series,DS-090|C3|growth_time_series,C3,dataset/acquisition/acquired/DS-090/Hemp_growth/C3,path-derived,whole-plant,273,552,0.4946,219.3941,223.6898,225.3299,51.1093,47.8538,50.0497,222.4629,48.9744,5.1516,164.4607,0.0,0.7129,036d5a2698ebb0bde069024485384f1c147218de4477b440f102258199f7bbd8,train,public-reference-or-acquired
DS-090,dataset/acquisition/acquired/DS-090/Hemp_growth/C3/ryb_C3_20241224_10_00.jpg,ryb_C3_20241224_10_00.jpg,growth_time_series,DS-090|C3|growth_time_series,C3,dataset/acquisition/acquired/DS-090/Hemp_growth/C3,path-derived,whole-plant,273,552,0.4946,222.2607,224.0366,223.3665,44.0266,41.3641,45.6178,223.4,42.5538,5.9991,177.3016,0.0,0.7485,03032c13b6c4b8f559d6fb65b0c38fb4550e07b463ce6c3f35409c0285d950a7,train,public-reference-or-acquired
DS-090,dataset/acquisition/acquired/DS-090/Hemp_growth/C3/ryb_C3_20241224_11_00.jpg,ryb_C3_20241224_11_00.jpg,growth_time_series,DS-090|C3|growth_time_series,C3,dataset/acquisition/acquired/DS-090/Hemp_growth/C3,path-derived,whole-plant,273,552,0.4946,232.5879,234.144,230.0582,44.8041,42.5167,47.5625,233.0717,43.6661,4.5447,166.9391,0.0,0.8312,171e1e3e30130ed9ba9ed1b12a6a85cf2ebb889f2d79664b3bd33289065743c0,train,public-reference-or-acquired
DS-090,dataset/acquisition/acquired/DS-090/Hemp_growth/C3/ryb_C3_20241224_12_00.jpg,ryb_C3_20241224_12_00.jpg,growth_time_series,DS-090|C3|growth_time_series,C3,dataset/acquisition/acquired/DS-090/Hemp_growth/C3,path-derived,whole-plant,273,552,0.4946,225.3046,227.9757,224.1971,44.0123,41.8615,48.0706,226.701,43.0654,5.5099,126.2271,0.0,0.7659,42eee1ba6ff9da201768b8b98eb4a03f40cebb2275b218742c8735f9720cf58a,train,public-reference-or-acquired
DS-090,dataset/acquisition/acquired/DS-090/Hemp_growth/C3/ryb_C3_20241224_13_00.jpg,ryb_C3_20241224_13_00.jpg,growth_time_series,DS-090|C3|growth_time_series,C3,dataset/acquisition/acquired/DS-090/Hemp_growth/C3,path-derived,whole-plant,273,552,0.4946,210.2283,212.7396,209.1651,37.2889,35.0792,41.9561,211.5755,36.3161,5.4311,93.3399,0.0,0.6326,b1ceaaf806901bb504c9218bad98a805ac56bf09b057d086d13edc496f804898,train,public-reference-or-acquired
DS-090,dataset/acquisition/acquired/DS-090/Hemp_growth/C3/ryb_C3_20241224_14_00.jpg,ryb_C3_20241224_14_00.jpg,growth_time_series,DS-090|C3|growth_time_series,C3,dataset/acquisition/acquired/DS-090/Hemp_growth/C3,path-derived,whole-plant,273,552,0.4946,212.9499,215.9465,210.4393,42.5239,40.3717,45.5209,214.4588,41.483,5.8308,121.6667,0.0,0.6548,9416e44a44bb1263a2ca976e22b00378078d804b811dea76bf237346659801a8,train,public-reference-or-acquired
DS-090,dataset/acquisition/acquired/DS-090/Hemp_growth/C3/ryb_C3_20241224_15_00.jpg,ryb_C3_20241224_15_00.jpg,growth_time_series,DS-090|C3|growth_time_series,C3,dataset/acquisition/acquired/DS-090/Hemp_growth/C3,path-derived,whole-plant,273,552,0.4946,209.6737,212.2608,211.7471,43.9086,41.1953,45.5693,211.4408,42.4221,5.625,145.0796,0.0,0.6306,5c0a72b19fef9ac19e56859c8e9d68075400bde8e0cd9aa9c9290e00c5a939f7,train,public-reference-or-acquired
DS-090,dataset/acquisition/acquired/DS-090/Hemp_growth/C3/ryb_C3_20241224_16_00.jpg,ryb_C3_20241224_16_00.jpg,growth_time_series,DS-090|C3|growth_time_series,C3,dataset/acquisition/acquired/DS-090/Hemp_growth/C3,path-derived,whole-plant,273,552,0.4946,211.1464,213.8349,213.2782,43.0319,41.1594,45.2664,212.9893,42.1284,5.8149,149.5291,0.0,0.6384,5a9a8b6cbb98c8133cfb4f4879a374bbb1d181aee8556e23c0553d671678fd44,train,public-reference-or-acquired
DS-090,dataset/acquisition/acquired/DS-090/Hemp_growth/C3/ryb_C3_20241224_17_00.jpg,ryb_C3_20241224_17_00.jpg,growth_time_series,DS-090|C3|growth_time_series,C3,dataset/acquisition/acquired/DS-090/Hemp_growth/C3,path-derived,whole-plant,273,552,0.4946,214.2365,216.7387,216.7476,43.549,41.975,45.4958,215.9855,42.7939,5.7485,150.4353,0.0,0.6476,e08c7482ddb92d9d25743fcf76abf195ebbba9a8e5680dabca89799e2555f576,train,public-reference-or-acquired
DS-090,dataset/acquisition/acquired/DS-090/Hemp_growth/C3/ryb_C3_20241225_08_00.jpg,ryb_C3_20241225_08_00.jpg,growth_time_series,DS-090|C3|growth_time_series,C3,dataset/acquisition/acquired/DS-090/Hemp_growth/C3,path-derived,whole-plant,273,552,0.4946,223.922,229.3278,228.01,50.0712,45.5898,47.7203,227.4569,47.0813,4.4037,177.4754,0.0,0.7476,08f3e99fe187dc6e20268b060aebd222110411135924754b3762d43cfe6e26c4,train,public-reference-or-acquired
DS-090,dataset/acquisition/acquired/DS-090/Hemp_growth/C3/ryb_C3_20241225_09_00.jpg,ryb_C3_20241225_09_00.jpg,growth_time_series,DS-090|C3|growth_time_series,C3,dataset/acquisition/acquired/DS-090/Hemp_growth/C3,path-derived,whole-plant,273,552,0.4946,216.1919,220.7805,222.1234,52.8286,49.2523,51.2956,219.4599,50.4528,5.3108,210.5348,0.0,0.6766,ea0d6cf2c614297b20482651d05fe4605c1264faca6d09a48ddd19949c8636d7,train,public-reference-or-acquired
DS-090,dataset/acquisition/acquired/DS-090/Hemp_growth/C3/ryb_C3_20241225_10_00.jpg,ryb_C3_20241225_10_00.jpg,growth_time_series,DS-090|C3|growth_time_series,C3,dataset/acquisition/acquired/DS-090/Hemp_growth/C3,path-derived,whole-plant,273,552,0.4946,212.2632,213.2402,212.3899,44.7593,41.1408,45.8154,212.8324,42.6508,6.3394,206.3796,0.0,0.6109,b6a1d3744a200cc1e5ff7696f14b0811cbdd1d96ac87f643b91a0fb2428aad50,train,public-reference-or-acquired
DS-090,dataset/acquisition/acquired/DS-090/Hemp_growth/C3/ryb_C3_20241225_11_00.jpg,ryb_C3_20241225_11_00.jpg,growth_time_series,DS-090|C3|growth_time_series,C3,dataset/acquisition/acquired/DS-090/Hemp_growth/C3,path-derived,whole-plant,273,552,0.4946,229.4768,231.3029,227.9996,45.2349,43.3389,48.0973,230.3084,44.3567,5.1594,200.9224,0.0,0.8161,0cb3b18813860d45e41cbf435341715d370282591763843759f017a52d51d842,train,public-reference-or-acquired
DS-090,dataset/acquisition/acquired/DS-090/Hemp_growth/C3/ryb_C3_20241225_12_00.jpg,ryb_C3_20241225_12_00.jpg,growth_time_series,DS-090|C3|growth_time_series,C3,dataset/acquisition/acquired/DS-090/Hemp_growth/C3,path-derived,whole-plant,273,552,0.4946,223.2574,226.0576,221.6061,44.5273,42.3145,48.7746,224.6911,43.567,5.6664,170.7475,0.0,0.7588,5dc42304d8a6f039a897536a5096dda5663a5789e7a785b45dee5b232a9906ba,train,public-reference-or-acquired
DS-090,dataset/acquisition/acquired/DS-090/Hemp_growth/C3/ryb_C3_20241225_13_00.jpg,ryb_C3_20241225_13_00.jpg,growth_time_series,DS-090|C3|growth_time_series,C3,dataset/acquisition/acquired/DS-090/Hemp_growth/C3,path-derived,whole-plant,273,552,0.4946,211.9874,214.4992,209.816,40.2277,37.6996,44.4337,213.2314,39.043,5.4386,131.9218,0.0,0.6444,d1e91186233d2217c858755584a44c6f27bad2446f8fa582d919a9795ad715fd,train,public-reference-or-acquired
DS-090,dataset/acquisition/acquired/DS-090/Hemp_growth/C3/ryb_C3_20241225_14_00.jpg,ryb_C3_20241225_14_00.jpg,growth_time_series,DS-090|C3|growth_time_series,C3,dataset/acquisition/acquired/DS-090/Hemp_growth/C3,path-derived,whole-plant,273,552,0.4946,211.8793,214.2639,210.6111,42.5555,40.5049,46.3579,213.1544,41.6564,5.8629,133.7001,0.0,0.6256,b1397f0595bae804256e7a95d7b16a559c6ad51799b219a54318e8d48d05f4ff,train,public-reference-or-acquired
DS-090,dataset/acquisition/acquired/DS-090/Hemp_growth/C3/ryb_C3_20241225_15_00.jpg,ryb_C3_20241225_15_00.jpg,growth_time_series,DS-090|C3|growth_time_series,C3,dataset/acquisition/acquired/DS-090/Hemp_growth/C3,path-derived,whole-plant,273,552,0.4946,226.7132,229.1842,224.8937,45.4973,42.7703,47.242,227.9441,44.0083,4.8203,174.6728,0.0,0.7475,742a6a9a2930fdb9b7f75bde73429ccc9d718a7d46ddad179020e99d5b905263,train,public-reference-or-acquired
DS-090,dataset/acquisition/acquired/DS-090/Hemp_growth/C3/ryb_C3_20241225_16_00.jpg,ryb_C3_20241225_16_00.jpg,growth_time_series,DS-090|C3|growth_time_series,C3,dataset/acquisition/acquired/DS-090/Hemp_growth/C3,path-derived,whole-plant,273,552,0.4946,206.6286,209.1385,209.5786,45.011,43.3185,46.7179,208.4386,44.1618,5.9769,170.3052,0.0,0.5973,8458ff4f583a29687b9bdbe2c56e542fdd7b37f06790969253865fdcf826bff2,train,public-reference-or-acquired
DS-090,dataset/acquisition/acquired/DS-090/Hemp_growth/C3/ryb_C3_20241225_17_00.jpg,ryb_C3_20241225_17_00.jpg,growth_time_series,DS-090|C3|growth_time_series,C3,dataset/acquisition/acquired/DS-090/Hemp_growth/C3,path-derived,whole-plant,273,552,0.4946,212.7794,214.4668,206.8811,44.019,42.8492,44.557,213.1086,43.3434,5.6938,170.354,0.0,0.6265,05a6cae3a4d4d4b6a83327ab0f7ce7199a858ae74a7ee273c934a9b09cba8b4b,train,public-reference-or-acquired
DS-090,dataset/acquisition/acquired/DS-090/Hemp_growth/C3/ryb_C3_20241226_08_00.jpg,ryb_C3_20241226_08_00.jpg,growth_time_series,DS-090|C3|growth_time_series,C3,dataset/acquisition/acquired/DS-090/Hemp_growth/C3,path-derived,whole-plant,273,552,0.4946,224.3832,226.9482,225.3433,48.9362,46.1359,48.3571,225.95,47.1691,4.5645,140.5928,0.0,0.7342,108f9e7e540974905550cd97ea270f77e1797cfb95cf53dd05ac295e73e71229,train,public-reference-or-acquired
DS-090,dataset/acquisition/acquired/DS-090/Hemp_growth/C3/ryb_C3_20241226_09_00.jpg,ryb_C3_20241226_09_00.jpg,growth_time_series,DS-090|C3|growth_time_series,C3,dataset/acquisition/acquired/DS-090/Hemp_growth/C3,path-derived,whole-plant,273,552,0.4946,245.2444,246.5332,243.4744,29.7109,29.0344,32.46,245.4294,29.4375,2.1121,61.484,0.0,0.9084,b21b201e09ca14c066b220098d7604bc06f26d6e40df5cd18d4c57ef1a4cbc46,train,public-reference-or-acquired
DS-090,dataset/acquisition/acquired/DS-090/Hemp_growth/C3/ryb_C3_20241226_10_00.jpg,ryb_C3_20241226_10_00.jpg,growth_time_series,DS-090|C3|growth_time_series,C3,dataset/acquisition/acquired/DS-090/Hemp_growth/C3,path-derived,whole-plant,273,552,0.4946,228.4041,231.4734,224.0804,45.0676,41.5334,48.1422,229.6218,43.1647,4.399,157.7345,0.0,0.7738,d9938ac953e7321d9d9c62b3cf94cc82ea2ee07a81a52590af645a1bdad40490,train,public-reference-or-acquired
DS-090,dataset/acquisition/acquired/DS-090/Hemp_growth/C3/ryb_C3_20241226_11_00.jpg,ryb_C3_20241226_11_00.jpg,growth_time_series,DS-090|C3|growth_time_series,C3,dataset/acquisition/acquired/DS-090/Hemp_growth/C3,path-derived,whole-plant,273,552,0.4946,221.3381,224.0827,216.9695,46.9803,44.1458,49.861,222.4533,45.5247,5.4818,168.4638,0.0,0.6648,ed8b8e95dcebf559b93145656099f65c263435c7fcc2bb5d7b466a3f9f26ecd9,train,public-reference-or-acquired
DS-090,dataset/acquisition/acquired/DS-090/Hemp_growth/C3/ryb_C3_20241226_12_00.jpg,ryb_C3_20241226_12_00.jpg,growth_time_series,DS-090|C3|growth_time_series,C3,dataset/acquisition/acquired/DS-090/Hemp_growth/C3,path-derived,whole-plant,273,552,0.4946,215.3418,217.2276,211.159,44.6569,40.9038,47.0461,215.9711,42.5785,5.7137,183.0829,0.0,0.6363,2eb4cb7d146c9e83825731a3c9ece1caae638cf4bfd248ed4d885bd7dbeb0699,train,public-reference-or-acquired
DS-090,dataset/acquisition/acquired/DS-090/Hemp_growth/C3/ryb_C3_20241226_13_00.jpg,ryb_C3_20241226_13_00.jpg,growth_time_series,DS-090|C3|growth_time_series,C3,dataset/acquisition/acquired/DS-090/Hemp_growth/C3,path-derived,whole-plant,273,552,0.4946,223.5523,226.778,220.0245,47.1111,43.874,50.122,225.0391,45.4196,5.3286,158.514,0.0,0.7051,2e4d0d75c6a009ffed8be5654b86f92c7ea84d6de2915659fe9d222fec91cf63,train,public-reference-or-acquired
DS-090,dataset/acquisition/acquired/DS-090/Hemp_growth/C3/ryb_C3_20241226_14_00.jpg,ryb_C3_20241226_14_00.jpg,growth_time_series,DS-090|C3|growth_time_series,C3,dataset/acquisition/acquired/DS-090/Hemp_growth/C3,path-derived,whole-plant,273,552,0.4946,230.3357,233.0085,225.9709,43.7667,40.7006,47.1471,231.307,42.19,4.3352,135.43,0.0,0.799,a7df439ec89dc9b9ad62c215b5cf8dfe4f9c3e6d5ed62f31846ac714e8112664,train,public-reference-or-acquired
DS-090,dataset/acquisition/acquired/DS-090/Hemp_growth/C3/ryb_C3_20241226_15_00.jpg,ryb_C3_20241226_15_00.jpg,growth_time_series,DS-090|C3|growth_time_series,C3,dataset/acquisition/acquired/DS-090/Hemp_growth/C3,path-derived,whole-plant,273,552,0.4946,205.2906,208.401,206.8459,44.7509,42.6583,47.4391,207.2929,43.7647,5.9739,170.5699,0.0,0.5743,cbc596fdefada7e79f64b6fa3c117f5762fe404c1e60d86686d48762525dfde6,train,public-reference-or-acquired
DS-090,dataset/acquisition/acquired/DS-090/Hemp_growth/C3/ryb_C3_20241226_16_00.jpg,ryb_C3_20241226_16_00.jpg,growth_time_series,DS-090|C3|growth_time_series,C3,dataset/acquisition/acquired/DS-090/Hemp_growth/C3,path-derived,whole-plant,273,552,0.4946,210.6399,211.7002,206.9115,46.5302,43.8832,46.7005,210.829,44.9356,6.122,202.9095,0.0,0.615,d82abcbd72b2ccd9a044ea15567d2a59616a4c81b5718b94ca57e1919c539224,train,public-reference-or-acquired
DS-090,dataset/acquisition/acquired/DS-090/Hemp_growth/C3/ryb_C3_20241226_17_00.jpg,ryb_C3_20241226_17_00.jpg,growth_time_series,DS-090|C3|growth_time_series,C3,dataset/acquisition/acquired/DS-090/Hemp_growth/C3,path-derived,whole-plant,273,552,0.4946,214.0592,216.2806,209.6434,49.1354,47.2263,49.73,214.852,48.0335,5.8159,212.2688,0.0,0.6383,e3f8c81c7d560a20dfd57e86c67dfd5615693bf9cef42031b60824e271912962,train,public-reference-or-acquired
DS-090,dataset/acquisition/acquired/DS-090/Hemp_growth/C3/ryb_C3_20241227_08_00.jpg,ryb_C3_20241227_08_00.jpg,growth_time_series,DS-090|C3|growth_time_series,C3,dataset/acquisition/acquired/DS-090/Hemp_growth/C3,path-derived,whole-plant,273,552,0.4946,246.5289,246.5289,246.5289,37.3074,37.3074,37.3074,246.0336,37.3035,0.8111,31.7442,0.0,0.9448,2734d6f464d14a19d8fdf301246859d6c2e74e94bdcc6758497615c443c92227,train,public-reference-or-acquired
DS-090,dataset/acquisition/acquired/DS-090/Hemp_growth/C3/ryb_C3_20241227_09_00.jpg,ryb_C3_20241227_09_00.jpg,growth_time_series,DS-090|C3|growth_time_series,C3,dataset/acquisition/acquired/DS-090/Hemp_growth/C3,path-derived,whole-plant,273,552,0.4946,231.6184,233.5113,228.9075,45.8367,43.6337,48.0729,232.2265,44.6999,3.7843,200.9085,0.0,0.8116,57cb7b61dda26ddb5f56df983137673fc4a067ed64d091ce249ff03c85fb2bb9,train,public-reference-or-acquired
DS-090,dataset/acquisition/acquired/DS-090/Hemp_growth/C3/ryb_C3_20241227_10_00.jpg,ryb_C3_20241227_10_00.jpg,growth_time_series,DS-090|C3|growth_time_series,C3,dataset/acquisition/acquired/DS-090/Hemp_growth/C3,path-derived,whole-plant,273,552,0.4946,228.1528,230.981,224.6958,46.7642,43.3697,49.3838,229.302,44.9239,4.3315,205.545,0.0,0.7811,8187a2831cb43ef4daef98e027360d771b3226af548abdf18cacb17931165398,train,public-reference-or-acquired
DS-090,dataset/acquisition/acquired/DS-090/Hemp_growth/C3/ryb_C3_20241227_11_00.jpg,ryb_C3_20241227_11_00.jpg,growth_time_series,DS-090|C3|growth_time_series,C3,dataset/acquisition/acquired/DS-090/Hemp_growth/C3,path-derived,whole-plant,273,552,0.4946,223.1352,226.427,218.8794,48.5419,45.1919,51.2341,224.5602,46.7462,5.0502,206.3539,0.0,0.7187,01147bf1fa25e5ca9e87234ebd069d41b3bc3d96cafd03de19111623e38b9e51,train,public-reference-or-acquired
DS-090,dataset/acquisition/acquired/DS-090/Hemp_growth/C3/ryb_C3_20241227_12_00.jpg,ryb_C3_20241227_12_00.jpg,growth_time_series,DS-090|C3|growth_time_series,C3,dataset/acquisition/acquired/DS-090/Hemp_growth/C3,path-derived,whole-plant,273,552,0.4946,215.6038,219.1439,213.5832,46.9524,43.8909,49.765,217.4585,45.3401,5.9146,191.7848,0.0,0.625,1fe56f2133dedc852006842451b0652ca61dff3d3dac769fa462c174a64f7d10,train,public-reference-or-acquired
DS-090,dataset/acquisition/acquired/DS-090/Hemp_growth/C3/ryb_C3_20241227_13_00.jpg,ryb_C3_20241227_13_00.jpg,growth_time_series,DS-090|C3|growth_time_series,C3,dataset/acquisition/acquired/DS-090/Hemp_growth/C3,path-derived,whole-plant,273,552,0.4946,227.1411,230.4199,224.7983,46.5028,43.1299,48.5961,228.7011,44.6252,4.3473,203.2054,0.0,0.7781,3e76c110a8ebb63b0a1c2b075e853cef8f365581008e8d5cca534ebf97cad2fe,train,public-reference-or-acquired
DS-090,dataset/acquisition/acquired/DS-090/Hemp_growth/C3/ryb_C3_20241227_14_00.jpg,ryb_C3_20241227_14_00.jpg,growth_time_series,DS-090|C3|growth_time_series,C3,dataset/acquisition/acquired/DS-090/Hemp_growth/C3,path-derived,whole-plant,273,552,0.4946,214.7114,218.7396,214.0235,47.6023,45.0148,51.0019,217.0076,46.35,6.0007,204.2837,0.0,0.621,625daa41cd238f7790128a9ff060b5b4a40b74620a9298be4579810d93d5d872,train,public-reference-or-acquired
DS-090,dataset/acquisition/acquired/DS-090/Hemp_growth/C3/ryb_C3_20241227_15_00.jpg,ryb_C3_20241227_15_00.jpg,growth_time_series,DS-090|C3|growth_time_series,C3,dataset/acquisition/acquired/DS-090/Hemp_growth/C3,path-derived,whole-plant,273,552,0.4946,219.507,221.5922,214.9639,47.8803,45.5227,50.8591,220.2114,46.7413,5.7627,209.9554,0.0,0.6618,1680312e86a82a3a526af8287c7ae660f38088f5975db61427e7ff176b595e87,train,public-reference-or-acquired
DS-090,dataset/acquisition/acquired/DS-090/Hemp_growth/C3/ryb_C3_20241227_16_00.jpg,ryb_C3_20241227_16_00.jpg,growth_time_series,DS-090|C3|growth_time_series,C3,dataset/acquisition/acquired/DS-090/Hemp_growth/C3,path-derived,whole-plant,273,552,0.4946,213.9331,217.1876,210.5537,47.2941,44.3345,50.4047,215.4577,45.7859,6.0732,208.9122,0.0,0.6218,d6f3b44d76f68880ce9900f4b5d6e086236b78a5dff8a5cebe805f5272715e4e,train,public-reference-or-acquired
DS-090,dataset/acquisition/acquired/DS-090/Hemp_growth/C3/ryb_C3_20241227_17_00.jpg,ryb_C3_20241227_17_00.jpg,growth_time_series,DS-090|C3|growth_time_series,C3,dataset/acquisition/acquired/DS-090/Hemp_growth/C3,path-derived,whole-plant,273,552,0.4946,207.7441,211.1074,211.3157,47.4431,45.4286,49.3168,210.1326,46.4149,6.1389,225.8827,0.0,0.5897,b16e59d2a47d14a0fb8c8e854020a1daea4dc433b251c88f310a8de568a1e035,train,public-reference-or-acquired
DS-090,dataset/acquisition/acquired/DS-090/Hemp_growth/C3/ryb_C3_20241228_08_00.jpg,ryb_C3_20241228_08_00.jpg,growth_time_series,DS-090|C3|growth_time_series,C3,dataset/acquisition/acquired/DS-090/Hemp_growth/C3,path-derived,whole-plant,273,552,0.4946,246.8343,246.8343,246.8343,36.5031,36.5031,36.5031,246.3318,36.5009,0.723,32.6465,0.0,0.9456,5a08277833d1c368969b79311f0eb5b6101867ed7edeb74ae9e2fedf8e1859b5,train,public-reference-or-acquired
DS-090,dataset/acquisition/acquired/DS-090/Hemp_growth/C3/ryb_C3_20241228_09_00.jpg,ryb_C3_20241228_09_00.jpg,growth_time_series,DS-090|C3|growth_time_series,C3,dataset/acquisition/acquired/DS-090/Hemp_growth/C3,path-derived,whole-plant,273,552,0.4946,244.5877,245.8874,242.6357,30.8862,29.9573,33.6068,244.7605,30.4525,2.273,69.8667,0.0,0.9064,676696f208dc4fce61c177cb4a45bbd157bf3d2614041637b4543bae48bc696a,train,public-reference-or-acquired
DS-090,dataset/acquisition/acquired/DS-090/Hemp_growth/C3/ryb_C3_20241228_10_00.jpg,ryb_C3_20241228_10_00.jpg,growth_time_series,DS-090|C3|growth_time_series,C3,dataset/acquisition/acquired/DS-090/Hemp_growth/C3,path-derived,whole-plant,273,552,0.4946,224.927,227.8021,221.759,47.3434,44.307,49.6471,226.2155,45.6957,4.8646,221.0321,0.0,0.749,6deaa4b75d5e5bd3dba29c5f660cd81a3b47dfeac6dd008dfc051faea89a4963,train,public-reference-or-acquired
DS-090,dataset/acquisition/acquired/DS-090/Hemp_growth/C3/ryb_C3_20241228_11_00.jpg,ryb_C3_20241228_11_00.jpg,growth_time_series,DS-090|C3|growth_time_series,C3,dataset/acquisition/acquired/DS-090/Hemp_growth/C3,path-derived,whole-plant,273,552,0.4946,211.0891,214.9781,210.3146,46.3448,43.8251,49.4185,213.2784,45.108,5.8692,223.2552,0.0,0.6143,c345f228c5d286be1bba02dae183a1d1605d404ca6656888b8188ab688fa045a,train,public-reference-or-acquired
DS-090,dataset/acquisition/acquired/DS-090/Hemp_growth/C3/ryb_C3_20241228_12_00.jpg,ryb_C3_20241228_12_00.jpg,growth_time_series,DS-090|C3|growth_time_series,C3,dataset/acquisition/acquired/DS-090/Hemp_growth/C3,path-derived,whole-plant,273,552,0.4946,218.0684,221.1558,215.619,50.0034,46.9565,51.8535,219.6157,48.3269,5.7982,239.6734,0.0,0.6656,9218ff3e68d10b5459300ce9dd9774d139aaca7f73585a6bfd8216e1cec5818f,train,public-reference-or-acquired
DS-090,dataset/acquisition/acquired/DS-090/Hemp_growth/C3/ryb_C3_20241228_13_00.jpg,ryb_C3_20241228_13_00.jpg,growth_time_series,DS-090|C3|growth_time_series,C3,dataset/acquisition/acquired/DS-090/Hemp_growth/C3,path-derived,whole-plant,273,552,0.4946,213.4775,216.7171,210.7872,47.6839,44.7563,50.812,215.0762,46.1963,6.058,217.7711,0.0,0.6179,340b94b7a821e43d0041593336e0fc86f96eb3129f0e50fa5436d828600ae590,train,public-reference-or-acquired
DS-090,dataset/acquisition/acquired/DS-090/Hemp_growth/C3/ryb_C3_20241228_14_00.jpg,ryb_C3_20241228_14_00.jpg,growth_time_series,DS-090|C3|growth_time_series,C3,dataset/acquisition/acquired/DS-090/Hemp_growth/C3,path-derived,whole-plant,273,552,0.4946,206.0471,211.0549,204.6222,46.2868,43.4126,48.8175,208.8224,44.7775,6.2404,182.2473,0.0,0.57,3ee9cf1f4086d827dda0d391201eadf59df42a414a1789e0e8424379a4a9eb5b,train,public-reference-or-acquired
DS-090,dataset/acquisition/acquired/DS-090/Hemp_growth/C3/ryb_C3_20241228_15_00.jpg,ryb_C3_20241228_15_00.jpg,growth_time_series,DS-090|C3|growth_time_series,C3,dataset/acquisition/acquired/DS-090/Hemp_growth/C3,path-derived,whole-plant,273,552,0.4946,218.8522,222.1914,217.7858,50.153,46.9691,51.6635,220.6886,48.3718,5.4021,248.0246,0.0,0.6784,db1fc939bb724357b020886e9a4c70b1d0ecc59a9c746405a56963b1ac9ac48b,train,public-reference-or-acquired
DS-090,dataset/acquisition/acquired/DS-090/Hemp_growth/C3/ryb_C3_20241228_17_00.jpg,ryb_C3_20241228_17_00.jpg,growth_time_series,DS-090|C3|growth_time_series,C3,dataset/acquisition/acquired/DS-090/Hemp_growth/C3,path-derived,whole-plant,273,552,0.4946,206.995,208.2599,204.3818,49.0687,45.9855,50.0433,207.444,47.3014,6.232,259.998,0.0,0.5836,3a9a2ff9484c6ae033d34a519f8338ed39b709ce07786410e59a570c3448fa62,train,public-reference-or-acquired
DS-090,dataset/acquisition/acquired/DS-090/Hemp_growth/C3/ryb_C3_20241229_10_00.jpg,ryb_C3_20241229_10_00.jpg,growth_time_series,DS-090|C3|growth_time_series,C3,dataset/acquisition/acquired/DS-090/Hemp_growth/C3,path-derived,whole-plant,273,552,0.4946,214.3116,218.0315,213.198,52.4795,48.8767,53.9002,216.3505,50.4367,6.1413,327.0672,0.0,0.7038,911ff9aa775ad3fdea4587be46667bb9044564116dc7e1966a9d220db8e75cab,train,public-reference-or-acquired
DS-090,dataset/acquisition/acquired/DS-090/Hemp_growth/C3/ryb_C3_20241229_11_00.jpg,ryb_C3_20241229_11_00.jpg,growth_time_series,DS-090|C3|growth_time_series,C3,dataset/acquisition/acquired/DS-090/Hemp_growth/C3,path-derived,whole-plant,273,552,0.4946,221.2085,224.7193,218.1391,53.0399,49.369,55.3846,222.8708,51.0455,5.1158,281.9738,0.0,0.7484,bf1b3e99fb54a63469642a30944ff7c8d15c3abfefa2aca9506a054cebf5c478,train,public-reference-or-acquired
DS-090,dataset/acquisition/acquired/DS-090/Hemp_growth/C3/ryb_C3_20241229_13_00.jpg,ryb_C3_20241229_13_00.jpg,growth_time_series,DS-090|C3|growth_time_series,C3,dataset/acquisition/acquired/DS-090/Hemp_growth/C3,path-derived,whole-plant,273,552,0.4946,208.3297,214.1404,208.6095,47.4352,43.7267,51.9853,211.7655,45.5926,6.315,237.4595,0.0,0.6509,99d4fbb0eae263d06c7a65941088c7622c7dbe84aab4f92a5013d9356c7ebaf7,train,public-reference-or-acquired
DS-090,dataset/acquisition/acquired/DS-090/Hemp_growth/C3/ryb_C3_20241229_14_00.jpg,ryb_C3_20241229_14_00.jpg,growth_time_series,DS-090|C3|growth_time_series,C3,dataset/acquisition/acquired/DS-090/Hemp_growth/C3,path-derived,whole-plant,273,552,0.4946,206.4822,209.4003,202.5792,47.0108,43.6644,50.6547,207.7646,45.3278,6.2349,199.1346,0.0,0.5714,b0a0b4d4dc7268e8b16d78c6deccde6464049bb97abaabb915923d339eea0ceb,train,public-reference-or-acquired
DS-090,dataset/acquisition/acquired/DS-090/Hemp_growth/C3/ryb_C3_20241229_16_00.jpg,ryb_C3_20241229_16_00.jpg,growth_time_series,DS-090|C3|growth_time_series,C3,dataset/acquisition/acquired/DS-090/Hemp_growth/C3,path-derived,whole-plant,273,552,0.4946,202.9223,205.9215,201.3944,51.1507,48.1075,53.1432,204.5247,49.521,6.2821,306.0685,0.0,0.548,44753893fcde4a690d85e4aac5a53b880b4adab669d3fca81e685dcf7f945dc6,train,public-reference-or-acquired
DS-090,dataset/acquisition/acquired/DS-090/Hemp_growth/C3/ryb_C3_20241229_17_00.jpg,ryb_C3_20241229_17_00.jpg,growth_time_series,DS-090|C3|growth_time_series,C3,dataset/acquisition/acquired/DS-090/Hemp_growth/C3,path-derived,whole-plant,273,552,0.4946,205.1287,208.6457,205.7794,52.3678,49.8195,54.121,207.2683,51.0123,6.4918,306.4589,0.0,0.5727,70c4738075263acdfb4257c5fb47b7977f12f96c01e95f690e59e39ca3359191,train,public-reference-or-acquired
DS-090,dataset/acquisition/acquired/DS-090/Hemp_growth/C3/ryb_C3_20241230_10_00.jpg,ryb_C3_20241230_10_00.jpg,growth_time_series,DS-090|C3|growth_time_series,C3,dataset/acquisition/acquired/DS-090/Hemp_growth/C3,path-derived,whole-plant,273,552,0.4946,213.606,217.77,214.0744,53.6311,50.0812,54.8877,216.0881,51.6031,6.0194,366.9325,0.0,0.6953,d76a51aed45869f1d6827014c555428b08735dda474f203deccfee09fcb74343,train,public-reference-or-acquired
DS-090,dataset/acquisition/acquired/DS-090/Hemp_growth/C3/ryb_C3_20241230_14_00.jpg,ryb_C3_20241230_14_00.jpg,growth_time_series,DS-090|C3|growth_time_series,C3,dataset/acquisition/acquired/DS-090/Hemp_growth/C3,path-derived,whole-plant,273,552,0.4946,217.6997,222.5787,214.7605,51.1148,46.8315,52.9471,220.2176,48.6671,5.512,280.1402,0.0,0.6976,607b9846ca8d42ae391ce720a372e63aa36bd289c269ee2f3a7569b02b4787f4,train,public-reference-or-acquired
DS-090,dataset/acquisition/acquired/DS-090/Hemp_growth/C3/ryb_C3_20241230_15_00.jpg,ryb_C3_20241230_15_00.jpg,growth_time_series,DS-090|C3|growth_time_series,C3,dataset/acquisition/acquired/DS-090/Hemp_growth/C3,path-derived,whole-plant,273,552,0.4946,204.472,208.4991,200.9993,49.7792,46.2186,52.7071,206.4402,47.9002,6.4194,282.0077,0.0,0.5459,bdfa6df5aa6d18206d023edd4d8477def95070e864392f2c8dc5f5c7afdbb957,train,public-reference-or-acquired
DS-090,dataset/acquisition/acquired/DS-090/Hemp_growth/C3/ryb_C3_20241230_17_00.jpg,ryb_C3_20241230_17_00.jpg,growth_time_series,DS-090|C3|growth_time_series,C3,dataset/acquisition/acquired/DS-090/Hemp_growth/C3,path-derived,whole-plant,273,552,0.4946,204.5787,207.0876,203.7212,49.4743,46.7877,50.7871,205.955,47.9858,6.4109,283.8954,0.0,0.5488,edc4af11369a2f5ae4c57ca81cb01dbb85346b075b032117b49588e62cee5f76,train,public-reference-or-acquired
DS-090,dataset/acquisition/acquired/DS-090/Hemp_growth/C3/ryb_C3_20241231_08_00.jpg,ryb_C3_20241231_08_00.jpg,growth_time_series,DS-090|C3|growth_time_series,C3,dataset/acquisition/acquired/DS-090/Hemp_growth/C3,path-derived,whole-plant,273,552,0.4946,246.6736,246.6736,246.6736,36.2223,36.2223,36.2223,246.1966,36.2191,0.9964,39.3927,0.0,0.9453,77351aebcce549efbce242718f0a09f0664dde66a7440e7ce03b80b5932fd585,train,public-reference-or-acquired
DS-090,dataset/acquisition/acquired/DS-090/Hemp_growth/C3/ryb_C3_20241231_10_00.jpg,ryb_C3_20241231_10_00.jpg,growth_time_series,DS-090|C3|growth_time_series,C3,dataset/acquisition/acquired/DS-090/Hemp_growth/C3,path-derived,whole-plant,273,552,0.4946,209.8905,214.1176,211.3243,53.9552,50.6982,55.6259,212.5267,52.155,6.4016,400.5151,0.0,0.6661,28916355ac84e66e360d7a19eba8ab35a4174a405ee3ca4af78a3b6c6b6eaa2b,train,public-reference-or-acquired
DS-090,dataset/acquisition/acquired/DS-090/Hemp_growth/C3/ryb_C3_20241231_12_00.jpg,ryb_C3_20241231_12_00.jpg,growth_time_series,DS-090|C3|growth_time_series,C3,dataset/acquisition/acquired/DS-090/Hemp_growth/C3,path-derived,whole-plant,273,552,0.4946,207.1438,210.5074,204.0481,51.3307,47.7587,54.2565,208.7678,49.463,6.4909,297.6679,0.0,0.6358,7fb12da925af35dea9ed3de11b777be67925b681cbd7cc5cd57e3869cc19c4e8,train,public-reference-or-acquired
DS-090,dataset/acquisition/acquired/DS-090/Hemp_growth/C3/ryb_C3_20241231_14_00.jpg,ryb_C3_20241231_14_00.jpg,growth_time_series,DS-090|C3|growth_time_series,C3,dataset/acquisition/acquired/DS-090/Hemp_growth/C3,path-derived,whole-plant,273,552,0.4946,202.7809,206.8481,201.7825,51.7511,47.5917,54.8497,205.0486,49.5517,6.5321,339.425,0.0,0.5441,cddcf8676e2d4880c8902217d1237dc65bb883e96e9ca0ef342d0b5da6d58dd7,train,public-reference-or-acquired
DS-090,dataset/acquisition/acquired/DS-090/Hemp_growth/C3/ryb_C3_20241231_15_00.jpg,ryb_C3_20241231_15_00.jpg,growth_time_series,DS-090|C3|growth_time_series,C3,dataset/acquisition/acquired/DS-090/Hemp_growth/C3,path-derived,whole-plant,273,552,0.4946,203.7291,207.6007,205.1301,51.1299,48.2956,53.1,206.1527,49.6258,6.7089,268.6862,0.0,0.5552,7a97b94a912bc19cb2291e2cfc2c588b08d8b63a67829b8a3a446e75e20c1cb7,train,public-reference-or-acquired
DS-090,dataset/acquisition/acquired/DS-090/Hemp_growth/C3/ryb_C3_20241231_16_00.jpg,ryb_C3_20241231_16_00.jpg,growth_time_series,DS-090|C3|growth_time_series,C3,dataset/acquisition/acquired/DS-090/Hemp_growth/C3,path-derived,whole-plant,273,552,0.4946,220.9331,225.1399,215.3805,49.7696,45.2578,52.7145,222.7254,47.2849,5.3539,298.628,0.0,0.72,8111125ba81fff9b8586a6806568f0038b5195bf0232aec0e4bfbf21a6a572e5,train,public-reference-or-acquired
DS-090,dataset/acquisition/acquired/DS-090/Hemp_growth/C4/ryb_C4_20241212_13_40.jpg,ryb_C4_20241212_13_40.jpg,growth_time_series,DS-090|C4|growth_time_series,C4,dataset/acquisition/acquired/DS-090/Hemp_growth/C4,path-derived,whole-plant,273,552,0.4946,220.6772,221.6193,224.0495,27.4558,27.0706,28.9479,221.6248,27.3766,4.5209,14.2707,0.0,0.7494,37be7e50928101248ffcaf2f005a75bb749088e3a630146718125da6a1b5f038,train,public-reference-or-acquired
DS-090,dataset/acquisition/acquired/DS-090/Hemp_growth/C4/ryb_C4_20241212_14_00.jpg,ryb_C4_20241212_14_00.jpg,growth_time_series,DS-090|C4|growth_time_series,C4,dataset/acquisition/acquired/DS-090/Hemp_growth/C4,path-derived,whole-plant,273,552,0.4946,233.4835,234.5584,230.787,29.59,29.6535,29.6323,233.8319,29.6181,4.803,16.5023,0.0,0.8883,8df0a80fb42d96e716a96917950d5e02645e8a4296a259967ae1a987e168a362,train,public-reference-or-acquired
DS-090,dataset/acquisition/acquired/DS-090/Hemp_growth/C4/ryb_C4_20241212_15_00.jpg,ryb_C4_20241212_15_00.jpg,growth_time_series,DS-090|C4|growth_time_series,C4,dataset/acquisition/acquired/DS-090/Hemp_growth/C4,path-derived,whole-plant,273,552,0.4946,220.1585,220.2456,220.3992,29.123,28.7687,28.9463,220.2212,28.8881,4.7341,18.2956,0.0,0.7159,99bbb39ada9dee80bd1f518ab4771000662c432eb5646add56102309a20fc901,train,public-reference-or-acquired
DS-090,dataset/acquisition/acquired/DS-090/Hemp_growth/C4/ryb_C4_20241212_16_00.jpg,ryb_C4_20241212_16_00.jpg,growth_time_series,DS-090|C4|growth_time_series,C4,dataset/acquisition/acquired/DS-090/Hemp_growth/C4,path-derived,whole-plant,273,552,0.4946,239.9717,240.7885,242.5671,32.03,31.5623,31.0236,240.7143,31.6305,4.3355,23.2244,0.0,0.9142,0834bd5d0459e2250920f31d7ff939391c2765382c8fc649aae219e5118b7562,train,public-reference-or-acquired
DS-090,dataset/acquisition/acquired/DS-090/Hemp_growth/C4/ryb_C4_20241212_17_00.jpg,ryb_C4_20241212_17_00.jpg,growth_time_series,DS-090|C4|growth_time_series,C4,dataset/acquisition/acquired/DS-090/Hemp_growth/C4,path-derived,whole-plant,273,552,0.4946,225.59,225.9668,224.7074,30.7062,30.8636,30.0402,225.7432,30.7048,5.263,23.4032,0.0,0.8065,eb43563c13410ee40e9811d7cc5038ac24725b582e6141afd998d62982d93388,train,public-reference-or-acquired
DS-090,dataset/acquisition/acquired/DS-090/Hemp_growth/C4/ryb_C4_20241213_08_00.jpg,ryb_C4_20241213_08_00.jpg,growth_time_series,DS-090|C4|growth_time_series,C4,dataset/acquisition/acquired/DS-090/Hemp_growth/C4,path-derived,whole-plant,273,552,0.4946,245.6592,246.2399,246.0205,31.0777,30.8301,30.8787,245.6997,30.9029,2.2006,30.1215,0.0,0.9323,f866c18ed0a8861969568dcac08c4f87f31712f3b7344ab9d0147bbd530c2a0d,train,public-reference-or-acquired
DS-090,dataset/acquisition/acquired/DS-090/Hemp_growth/C4/ryb_C4_20241213_09_00.jpg,ryb_C4_20241213_09_00.jpg,growth_time_series,DS-090|C4|growth_time_series,C4,dataset/acquisition/acquired/DS-090/Hemp_growth/C4,path-derived,whole-plant,273,552,0.4946,239.7159,241.4709,240.7175,31.1425,31.202,31.2633,240.8531,31.1832,4.3846,24.8553,0.0,0.9197,199fcc04effef2c81766187d4395b09876f500cfa444585ac8d344929ae6b576,train,public-reference-or-acquired
DS-090,dataset/acquisition/acquired/DS-090/Hemp_growth/C4/ryb_C4_20241213_10_00.jpg,ryb_C4_20241213_10_00.jpg,growth_time_series,DS-090|C4|growth_time_series,C4,dataset/acquisition/acquired/DS-090/Hemp_growth/C4,path-derived,whole-plant,273,552,0.4946,241.0023,243.1995,244.611,31.2799,31.1141,31.0003,242.6247,31.1302,3.9319,28.131,0.0,0.9278,531d84a8485dd70aae1f965f822b05b0bb4d06b24cdb088e573970ce77acbbd0,train,public-reference-or-acquired
DS-090,dataset/acquisition/acquired/DS-090/Hemp_growth/C4/ryb_C4_20241213_11_00.jpg,ryb_C4_20241213_11_00.jpg,growth_time_series,DS-090|C4|growth_time_series,C4,dataset/acquisition/acquired/DS-090/Hemp_growth/C4,path-derived,whole-plant,273,552,0.4946,241.8341,242.8126,240.2747,31.215,31.1908,31.9865,242.2002,31.2704,3.9499,33.439,0.0,0.9272,239a1c0f3d61ad61eb8a115f236e5f577b75bbe3f3ed8c2adc036a03482e46ba,train,public-reference-or-acquired
DS-090,dataset/acquisition/acquired/DS-090/Hemp_growth/C4/ryb_C4_20241213_12_00.jpg,ryb_C4_20241213_12_00.jpg,growth_time_series,DS-090|C4|growth_time_series,C4,dataset/acquisition/acquired/DS-090/Hemp_growth/C4,path-derived,whole-plant,273,552,0.4946,230.9709,230.8605,231.8748,30.255,30.2268,31.5533,231.0024,30.3336,5.0915,27.2408,0.0,0.8962,5e6b0a6a556f0636b29c837d5a88aeca364444e64ee3d99085c231157a6b0a39,train,public-reference-or-acquired
DS-090,dataset/acquisition/acquired/DS-090/Hemp_growth/C4/ryb_C4_20241213_13_00.jpg,ryb_C4_20241213_13_00.jpg,growth_time_series,DS-090|C4|growth_time_series,C4,dataset/acquisition/acquired/DS-090/Hemp_growth/C4,path-derived,whole-plant,273,552,0.4946,239.016,239.1076,238.4334,31.3932,31.5804,32.108,238.9973,31.5644,4.608,25.6933,0.0,0.9118,b7e17364c509a496f45365b2fc3fc7747e586391b858dfb583b7b55dd0b78c2c,train,public-reference-or-acquired
DS-090,dataset/acquisition/acquired/DS-090/Hemp_growth/C4/ryb_C4_20241213_14_00.jpg,ryb_C4_20241213_14_00.jpg,growth_time_series,DS-090|C4|growth_time_series,C4,dataset/acquisition/acquired/DS-090/Hemp_growth/C4,path-derived,whole-plant,273,552,0.4946,234.8528,235.0654,234.6164,30.406,29.968,30.7641,234.9879,30.1803,4.5568,22.4353,0.0,0.8941,2ae0e40c8891ff3e5eda10790a10fee8144c2b9308b9a9ad788902a8f8179a1c,train,public-reference-or-acquired
DS-090,dataset/acquisition/acquired/DS-090/Hemp_growth/C4/ryb_C4_20241213_15_00.jpg,ryb_C4_20241213_15_00.jpg,growth_time_series,DS-090|C4|growth_time_series,C4,dataset/acquisition/acquired/DS-090/Hemp_growth/C4,path-derived,whole-plant,273,552,0.4946,232.814,233.6453,236.5323,30.8184,30.6966,32.1179,233.7476,30.8799,5.1382,23.7451,0.0,0.8795,0742d6d776d1a7d595024be3a24abf05cb90bdcad2c7360fd7c0a1e3a0445309,train,public-reference-or-acquired
DS-090,dataset/acquisition/acquired/DS-090/Hemp_growth/C4/ryb_C4_20241213_16_00.jpg,ryb_C4_20241213_16_00.jpg,growth_time_series,DS-090|C4|growth_time_series,C4,dataset/acquisition/acquired/DS-090/Hemp_growth/C4,path-derived,whole-plant,273,552,0.4946,221.1115,227.0086,228.7193,29.9262,31.4953,31.3677,225.4355,30.9562,5.2397,24.5164,0.0,0.8029,40e178f6523190f2cad57cf8b5daad6705232ad9c7a5a80d0d09b98bf6980fe4,train,public-reference-or-acquired
DS-090,dataset/acquisition/acquired/DS-090/Hemp_growth/C4/ryb_C4_20241213_17_00.jpg,ryb_C4_20241213_17_00.jpg,growth_time_series,DS-090|C4|growth_time_series,C4,dataset/acquisition/acquired/DS-090/Hemp_growth/C4,path-derived,whole-plant,273,552,0.4946,219.78,222.0119,221.6056,29.8872,29.916,30.225,221.3002,29.9336,5.1291,24.8266,0.0,0.7674,f91d4ae2b98a416e329d738a750414cf7573fb01a00868ed1c43ec9ff33687cc,train,public-reference-or-acquired
DS-090,dataset/acquisition/acquired/DS-090/Hemp_growth/C4/ryb_C4_20241214_08_00.jpg,ryb_C4_20241214_08_00.jpg,growth_time_series,DS-090|C4|growth_time_series,C4,dataset/acquisition/acquired/DS-090/Hemp_growth/C4,path-derived,whole-plant,273,552,0.4946,240.89,241.6825,243.0687,35.194,34.186,33.384,241.4098,34.3814,3.3208,36.032,0.0,0.9018,7d82c3483fc59f8d69cfe5800c4557c393f85fc3fd4ebbe692fc217d1992383d,train,public-reference-or-acquired
DS-090,dataset/acquisition/acquired/DS-090/Hemp_growth/C4/ryb_C4_20241214_09_00.jpg,ryb_C4_20241214_09_00.jpg,growth_time_series,DS-090|C4|growth_time_series,C4,dataset/acquisition/acquired/DS-090/Hemp_growth/C4,path-derived,whole-plant,273,552,0.4946,237.7322,239.1443,241.2292,35.4557,34.3707,33.5659,238.7087,34.5483,3.8972,48.1832,0.0,0.8493,6d7603fcbf84040811bee8eaa7425cdcfd62cdd9af744b3ded57a2016aea6979,train,public-reference-or-acquired
DS-090,dataset/acquisition/acquired/DS-090/Hemp_growth/C4/ryb_C4_20241214_10_00.jpg,ryb_C4_20241214_10_00.jpg,growth_time_series,DS-090|C4|growth_time_series,C4,dataset/acquisition/acquired/DS-090/Hemp_growth/C4,path-derived,whole-plant,273,552,0.4946,222.7565,226.5759,229.751,31.9324,32.2822,32.9274,225.8044,32.1967,5.3585,38.5943,0.0,0.8436,3bae6fc3f62e7a1a780f9abc7c27a4bcc805dced87c91c15d62bad06b2d26195,train,public-reference-or-acquired
DS-090,dataset/acquisition/acquired/DS-090/Hemp_growth/C4/ryb_C4_20241214_11_00.jpg,ryb_C4_20241214_11_00.jpg,growth_time_series,DS-090|C4|growth_time_series,C4,dataset/acquisition/acquired/DS-090/Hemp_growth/C4,path-derived,whole-plant,273,552,0.4946,233.9615,235.0026,235.52,31.7466,31.9657,33.1876,234.8109,32.0156,4.8517,36.3545,0.0,0.897,48a76d80736a3690882dc38483714a19e4114a76c06723431ee283f6bfa42d49,train,public-reference-or-acquired
DS-090,dataset/acquisition/acquired/DS-090/Hemp_growth/C4/ryb_C4_20241214_12_00.jpg,ryb_C4_20241214_12_00.jpg,growth_time_series,DS-090|C4|growth_time_series,C4,dataset/acquisition/acquired/DS-090/Hemp_growth/C4,path-derived,whole-plant,273,552,0.4946,235.8177,237.92,240.3643,31.4389,31.3767,32.8375,237.5738,31.5217,4.9316,31.1453,0.0,0.9084,00cea1d9db7ac12c691e4112bb353b8ab7206b7df44f42e3ab4c068bfbb89b69,train,public-reference-or-acquired
DS-090,dataset/acquisition/acquired/DS-090/Hemp_growth/C4/ryb_C4_20241214_13_00.jpg,ryb_C4_20241214_13_00.jpg,growth_time_series,DS-090|C4|growth_time_series,C4,dataset/acquisition/acquired/DS-090/Hemp_growth/C4,path-derived,whole-plant,273,552,0.4946,238.4937,240.4498,241.7098,30.1131,29.9744,31.9769,239.9754,30.1931,4.4794,21.5992,0.0,0.9044,ea9e26531cbe1baa2828a543de0b8533d609219653c42c0b24e57ed5cd45a750,train,public-reference-or-acquired
DS-090,dataset/acquisition/acquired/DS-090/Hemp_growth/C4/ryb_C4_20241214_14_00.jpg,ryb_C4_20241214_14_00.jpg,growth_time_series,DS-090|C4|growth_time_series,C4,dataset/acquisition/acquired/DS-090/Hemp_growth/C4,path-derived,whole-plant,273,552,0.4946,229.452,230.5905,229.968,30.5519,30.1066,30.9016,230.1696,30.3081,4.8423,20.2929,0.0,0.8458,e50cd87804e242eff937eb9765c7ade55a3516bd8b215f7bd604ef9a2dcfc3db,train,public-reference-or-acquired
DS-090,dataset/acquisition/acquired/DS-090/Hemp_growth/C4/ryb_C4_20241214_15_00.jpg,ryb_C4_20241214_15_00.jpg,growth_time_series,DS-090|C4|growth_time_series,C4,dataset/acquisition/acquired/DS-090/Hemp_growth/C4,path-derived,whole-plant,273,552,0.4946,222.0045,223.1167,226.1852,30.4043,30.0879,31.1002,223.1385,30.2888,5.2688,23.6507,0.0,0.7672,785702ffc4bc86d99221cd45969ba5dfde72829bcf3f774dfbcd6dd1930e842b,train,public-reference-or-acquired
DS-090,dataset/acquisition/acquired/DS-090/Hemp_growth/C4/ryb_C4_20241214_16_00.jpg,ryb_C4_20241214_16_00.jpg,growth_time_series,DS-090|C4|growth_time_series,C4,dataset/acquisition/acquired/DS-090/Hemp_growth/C4,path-derived,whole-plant,273,552,0.4946,225.3588,226.7778,229.8858,31.5064,30.7133,31.4837,226.7179,31.023,5.0517,27.9986,0.0,0.8423,baa81f9a60d68a9ddf210d06982c909aabe05dfd0f23b0eec7a41f9b23cd1e2d,train,public-reference-or-acquired
DS-090,dataset/acquisition/acquired/DS-090/Hemp_growth/C4/ryb_C4_20241214_17_00.jpg,ryb_C4_20241214_17_00.jpg,growth_time_series,DS-090|C4|growth_time_series,C4,dataset/acquisition/acquired/DS-090/Hemp_growth/C4,path-derived,whole-plant,273,552,0.4946,225.3915,226.5567,229.8153,31.7248,31.4523,32.153,226.5781,31.6074,5.081,31.349,0.0,0.8376,d57f820a6bae21b6743df472eb736887d2f49369ce49942cf65c854957495a35,train,public-reference-or-acquired
DS-090,dataset/acquisition/acquired/DS-090/Hemp_growth/C4/ryb_C4_20241215_08_00.jpg,ryb_C4_20241215_08_00.jpg,growth_time_series,DS-090|C4|growth_time_series,C4,dataset/acquisition/acquired/DS-090/Hemp_growth/C4,path-derived,whole-plant,273,552,0.4946,240.3027,241.4662,242.4021,35.5647,34.3842,33.7326,241.0129,34.6441,3.2855,35.5172,0.0,0.8945,1faaf687a606f7eea86a5be64a75dfb3840d9ba55e30318d6de4bba78310310f,train,public-reference-or-acquired
DS-090,dataset/acquisition/acquired/DS-090/Hemp_growth/C4/ryb_C4_20241215_09_00.jpg,ryb_C4_20241215_09_00.jpg,growth_time_series,DS-090|C4|growth_time_series,C4,dataset/acquisition/acquired/DS-090/Hemp_growth/C4,path-derived,whole-plant,273,552,0.4946,237.3839,238.9918,240.662,36.0596,34.4581,34.0008,238.4365,34.838,3.8232,44.758,0.0,0.8435,f7c86725b86ca2b4eb59807ebdf9787d752b3e07bc218ea74f60f8ee8a187dfb,train,public-reference-or-acquired
DS-090,dataset/acquisition/acquired/DS-090/Hemp_growth/C4/ryb_C4_20241215_10_00.jpg,ryb_C4_20241215_10_00.jpg,growth_time_series,DS-090|C4|growth_time_series,C4,dataset/acquisition/acquired/DS-090/Hemp_growth/C4,path-derived,whole-plant,273,552,0.4946,227.9812,228.6001,231.8473,33.6988,33.0204,34.4768,228.7553,33.368,5.3132,39.7966,0.0,0.8406,86efd1e4a476157410f31ee8a80e792259184c399bd9955a7ac99d4a60ca0c3c,train,public-reference-or-acquired
DS-090,dataset/acquisition/acquired/DS-090/Hemp_growth/C4/ryb_C4_20241215_11_00.jpg,ryb_C4_20241215_11_00.jpg,growth_time_series,DS-090|C4|growth_time_series,C4,dataset/acquisition/acquired/DS-090/Hemp_growth/C4,path-derived,whole-plant,273,552,0.4946,228.7332,230.0852,233.1179,31.6122,31.094,32.6997,229.9693,31.4181,4.4775,37.3516,0.0,0.8575,86008d6abc9f7560961e5bfecd1bafab4a3e0726570d961f6fa8295f85441b3a,train,public-reference-or-acquired
DS-090,dataset/acquisition/acquired/DS-090/Hemp_growth/C4/ryb_C4_20241215_12_00.jpg,ryb_C4_20241215_12_00.jpg,growth_time_series,DS-090|C4|growth_time_series,C4,dataset/acquisition/acquired/DS-090/Hemp_growth/C4,path-derived,whole-plant,273,552,0.4946,228.1424,228.8195,227.1199,31.021,30.7141,32.6935,228.4269,30.9996,5.5224,33.5297,0.0,0.8667,17169aed749b1aa0c02c4d9164442da5a7dafb312ae5b59477fe46423d6b67cd,train,public-reference-or-acquired
DS-090,dataset/acquisition/acquired/DS-090/Hemp_growth/C4/ryb_C4_20241215_13_00.jpg,ryb_C4_20241215_13_00.jpg,growth_time_series,DS-090|C4|growth_time_series,C4,dataset/acquisition/acquired/DS-090/Hemp_growth/C4,path-derived,whole-plant,273,552,0.4946,220.2632,225.0512,228.3234,27.5228,27.5355,30.6167,224.0064,27.8059,4.5028,23.5165,0.0,0.8379,001c48aed7648052e6279c0ebc07a9832458e7454771ca7e0ac1df0895252f3a,train,public-reference-or-acquired
DS-090,dataset/acquisition/acquired/DS-090/Hemp_growth/C4/ryb_C4_20241215_14_00.jpg,ryb_C4_20241215_14_00.jpg,growth_time_series,DS-090|C4|growth_time_series,C4,dataset/acquisition/acquired/DS-090/Hemp_growth/C4,path-derived,whole-plant,273,552,0.4946,215.6223,216.9859,220.5467,29.0899,28.4243,29.8926,216.9586,28.7765,5.0921,22.8922,0.0,0.673,52f963f5cdd9f6f8931c7f8d1285b7ad3e9562179d6dba89527a7ab3db0c6f4a,train,public-reference-or-acquired
DS-090,dataset/acquisition/acquired/DS-090/Hemp_growth/C4/ryb_C4_20241215_15_00.jpg,ryb_C4_20241215_15_00.jpg,growth_time_series,DS-090|C4|growth_time_series,C4,dataset/acquisition/acquired/DS-090/Hemp_growth/C4,path-derived,whole-plant,273,552,0.4946,213.1833,214.3498,217.4446,29.9644,29.6097,30.7771,214.3418,29.8398,5.2688,26.7122,0.0,0.606,739aeace889c612c8f08e2e62f0e628fa13760ddbc02c71f77d54a975d6ff7dc,train,public-reference-or-acquired
DS-090,dataset/acquisition/acquired/DS-090/Hemp_growth/C4/ryb_C4_20241215_17_00.jpg,ryb_C4_20241215_17_00.jpg,growth_time_series,DS-090|C4|growth_time_series,C4,dataset/acquisition/acquired/DS-090/Hemp_growth/C4,path-derived,whole-plant,273,552,0.4946,217.0204,218.4377,222.513,31.9746,31.3452,31.8132,218.4633,31.5754,5.3986,30.516,0.0,0.7223,b7cda9aee5d246329556ad3af1c1ac791dc28e06ff27a804bc3074db15f5a70c,train,public-reference-or-acquired
DS-090,dataset/acquisition/acquired/DS-090/Hemp_growth/C4/ryb_C4_20241216_08_00.jpg,ryb_C4_20241216_08_00.jpg,growth_time_series,DS-090|C4|growth_time_series,C4,dataset/acquisition/acquired/DS-090/Hemp_growth/C4,path-derived,whole-plant,273,552,0.4946,241.2574,241.8705,242.1202,34.8106,34.1747,34.0942,241.4634,34.3449,2.9601,42.4737,0.0,0.8985,336cfdb8f7be59c0bc2dd936da6501689e23adad03c364175e51a201035d17b8,train,public-reference-or-acquired
DS-090,dataset/acquisition/acquired/DS-090/Hemp_growth/C4/ryb_C4_20241216_09_00.jpg,ryb_C4_20241216_09_00.jpg,growth_time_series,DS-090|C4|growth_time_series,C4,dataset/acquisition/acquired/DS-090/Hemp_growth/C4,path-derived,whole-plant,273,552,0.4946,232.185,234.036,235.3242,38.8239,37.9999,37.399,233.4197,38.1261,4.6668,56.385,0.0,0.8034,a4e4b34e8399d1e96558ecd1a8ede81b3ea06b6e9afa0c960d1b8e65fa9c1629,train,public-reference-or-acquired
DS-090,dataset/acquisition/acquired/DS-090/Hemp_growth/C4/ryb_C4_20241216_10_00.jpg,ryb_C4_20241216_10_00.jpg,growth_time_series,DS-090|C4|growth_time_series,C4,dataset/acquisition/acquired/DS-090/Hemp_growth/C4,path-derived,whole-plant,273,552,0.4946,221.9776,222.1754,222.8193,32.4079,32.0055,33.5024,222.219,32.264,5.4419,39.7175,0.0,0.7782,fed0d7a5cfbfc00abc7a62b3c9416e7aa5b8c4768364451bc6b75d97c13da09f,train,public-reference-or-acquired
DS-090,dataset/acquisition/acquired/DS-090/Hemp_growth/C4/ryb_C4_20241216_11_00.jpg,ryb_C4_20241216_11_00.jpg,growth_time_series,DS-090|C4|growth_time_series,C4,dataset/acquisition/acquired/DS-090/Hemp_growth/C4,path-derived,whole-plant,273,552,0.4946,235.0111,236.0563,239.6,32.1759,31.811,33.5185,236.1758,32.0994,4.5834,41.1164,0.0,0.8868,5deace64e11312752f99bd3937359ca1a1937e378884f9d63214cc5e45acbeac,train,public-reference-or-acquired
DS-090,dataset/acquisition/acquired/DS-090/Hemp_growth/C4/ryb_C4_20241216_12_00.jpg,ryb_C4_20241216_12_00.jpg,growth_time_series,DS-090|C4|growth_time_series,C4,dataset/acquisition/acquired/DS-090/Hemp_growth/C4,path-derived,whole-plant,273,552,0.4946,233.5194,236.1676,237.494,31.3548,31.1549,33.253,235.5474,31.4038,5.1462,35.1469,0.0,0.8884,043bf0d83c586feff285022b91f982f3e0419adac9f69d8d2afd2ba9974159bf,train,public-reference-or-acquired
DS-090,dataset/acquisition/acquired/DS-090/Hemp_growth/C4/ryb_C4_20241216_13_00.jpg,ryb_C4_20241216_13_00.jpg,growth_time_series,DS-090|C4|growth_time_series,C4,dataset/acquisition/acquired/DS-090/Hemp_growth/C4,path-derived,whole-plant,273,552,0.4946,220.4302,221.1331,222.7589,27.5715,27.0187,30.4223,221.111,27.5286,4.4061,22.921,0.0,0.7777,86fd853597623ef81c918d0873789bb0f76feb32bccd15260c9c45ba9e89c415,train,public-reference-or-acquired
DS-090,dataset/acquisition/acquired/DS-090/Hemp_growth/C4/ryb_C4_20241216_14_00.jpg,ryb_C4_20241216_14_00.jpg,growth_time_series,DS-090|C4|growth_time_series,C4,dataset/acquisition/acquired/DS-090/Hemp_growth/C4,path-derived,whole-plant,273,552,0.4946,231.561,232.8994,235.4404,31.2235,30.5038,32.4888,232.8362,30.9248,5.1381,24.2372,0.0,0.845,9ebdbba9ff1442b627130c0b24e52a56af11789894e731bfc347a5c96af82a08,train,public-reference-or-acquired
DS-090,dataset/acquisition/acquired/DS-090/Hemp_growth/C4/ryb_C4_20241216_15_00.jpg,ryb_C4_20241216_15_00.jpg,growth_time_series,DS-090|C4|growth_time_series,C4,dataset/acquisition/acquired/DS-090/Hemp_growth/C4,path-derived,whole-plant,273,552,0.4946,217.4401,217.5428,219.7106,30.6746,29.994,31.2533,217.769,30.3288,5.0302,26.7218,0.0,0.6995,d818adfab2eb232064bcc0311675e1d95902673ca190a8deb87b518514544fc8,train,public-reference-or-acquired
DS-090,dataset/acquisition/acquired/DS-090/Hemp_growth/C4/ryb_C4_20241216_16_00.jpg,ryb_C4_20241216_16_00.jpg,growth_time_series,DS-090|C4|growth_time_series,C4,dataset/acquisition/acquired/DS-090/Hemp_growth/C4,path-derived,whole-plant,273,552,0.4946,213.1733,216.8568,219.2957,30.1527,31.1004,31.286,216.026,30.785,5.3575,31.2097,0.0,0.6483,ebc8c2f5aac778f735fc6cdba16dd024115865d0c25649af09bfcbeb06f829a2,train,public-reference-or-acquired
DS-090,dataset/acquisition/acquired/DS-090/Hemp_growth/C4/ryb_C4_20241216_17_00.jpg,ryb_C4_20241216_17_00.jpg,growth_time_series,DS-090|C4|growth_time_series,C4,dataset/acquisition/acquired/DS-090/Hemp_growth/C4,path-derived,whole-plant,273,552,0.4946,221.5114,223.5143,224.189,32.2728,32.0803,32.2117,222.9971,32.1374,5.5312,33.9636,0.0,0.7676,555499890b1ec0c7be4cc23f92ff467d53fceb0e7dfea0509b516cdd3722f980,train,public-reference-or-acquired
DS-090,dataset/acquisition/acquired/DS-090/Hemp_growth/C4/ryb_C4_20241217_08_00.jpg,ryb_C4_20241217_08_00.jpg,growth_time_series,DS-090|C4|growth_time_series,C4,dataset/acquisition/acquired/DS-090/Hemp_growth/C4,path-derived,whole-plant,273,552,0.4946,241.3418,241.6208,240.523,33.0805,32.7311,33.8788,241.2552,32.9528,3.3831,27.3547,0.0,0.8874,6a555304927de76963677656ec5636038cd6a6110ad7fb605736ee3bf6a1cbd9,train,public-reference-or-acquired
DS-090,dataset/acquisition/acquired/DS-090/Hemp_growth/C4/ryb_C4_20241217_09_00.jpg,ryb_C4_20241217_09_00.jpg,growth_time_series,DS-090|C4|growth_time_series,C4,dataset/acquisition/acquired/DS-090/Hemp_growth/C4,path-derived,whole-plant,273,552,0.4946,243.4586,243.1825,240.7424,31.5723,31.3426,33.4619,242.737,31.618,3.2143,37.2373,0.0,0.8954,d114ec6a51b25a95ad849f19265dfa5999e6eb8c51bccae11bbfa7e0791d0dfd,train,public-reference-or-acquired
DS-090,dataset/acquisition/acquired/DS-090/Hemp_growth/C4/ryb_C4_20241217_10_00.jpg,ryb_C4_20241217_10_00.jpg,growth_time_series,DS-090|C4|growth_time_series,C4,dataset/acquisition/acquired/DS-090/Hemp_growth/C4,path-derived,whole-plant,273,552,0.4946,240.4798,241.5185,242.0621,32.4754,31.813,32.556,241.1403,32.0706,3.9735,36.3643,0.0,0.8875,8ae0363b03658d185628e31351de56722501020f11f8194d114e0175d222ddeb,train,public-reference-or-acquired
DS-090,dataset/acquisition/acquired/DS-090/Hemp_growth/C4/ryb_C4_20241217_11_00.jpg,ryb_C4_20241217_11_00.jpg,growth_time_series,DS-090|C4|growth_time_series,C4,dataset/acquisition/acquired/DS-090/Hemp_growth/C4,path-derived,whole-plant,273,552,0.4946,242.3851,242.2197,239.5634,31.8679,31.5862,33.3193,241.8146,31.8487,3.7825,37.2161,0.0,0.8914,6fbd92e43c4a1b80e86c602bb289374993b6b4e8aff26a1641068218fbfecfd9,train,public-reference-or-acquired
DS-090,dataset/acquisition/acquired/DS-090/Hemp_growth/C4/ryb_C4_20241217_12_00.jpg,ryb_C4_20241217_12_00.jpg,growth_time_series,DS-090|C4|growth_time_series,C4,dataset/acquisition/acquired/DS-090/Hemp_growth/C4,path-derived,whole-plant,273,552,0.4946,219.5205,221.2429,221.3436,30.5503,30.5563,32.2323,220.741,30.7268,5.0324,38.9634,0.0,0.7703,4db04dcfd7c056b3266f96ebbcf4de929ecf620d2a0c1efb6d9cec057ad100d3,train,public-reference-or-acquired
DS-090,dataset/acquisition/acquired/DS-090/Hemp_growth/C4/ryb_C4_20241217_13_00.jpg,ryb_C4_20241217_13_00.jpg,growth_time_series,DS-090|C4|growth_time_series,C4,dataset/acquisition/acquired/DS-090/Hemp_growth/C4,path-derived,whole-plant,273,552,0.4946,218.8606,220.8845,225.2054,28.6036,27.8629,31.2147,220.7618,28.4163,4.766,25.9017,0.0,0.7752,94a42bae6c4fbea74987b2d86792cf10077f4848ff8095a08d9eace0199534f7,train,public-reference-or-acquired
DS-090,dataset/acquisition/acquired/DS-090/Hemp_growth/C4/ryb_C4_20241217_14_00.jpg,ryb_C4_20241217_14_00.jpg,growth_time_series,DS-090|C4|growth_time_series,C4,dataset/acquisition/acquired/DS-090/Hemp_growth/C4,path-derived,whole-plant,273,552,0.4946,218.9178,219.1115,219.5679,30.6648,30.1072,31.978,219.0758,30.4686,4.6492,33.7986,0.0,0.74,d4c7f236ce28488c7172ff01dada3be2e975b7f8514fa2c03de7ccbef5983557,train,public-reference-or-acquired
DS-090,dataset/acquisition/acquired/DS-090/Hemp_growth/C4/ryb_C4_20241217_15_00.jpg,ryb_C4_20241217_15_00.jpg,growth_time_series,DS-090|C4|growth_time_series,C4,dataset/acquisition/acquired/DS-090/Hemp_growth/C4,path-derived,whole-plant,273,552,0.4946,237.9333,238.2601,237.4835,32.6884,32.2122,33.5306,238.0666,32.4751,4.644,34.2941,0.0,0.8703,79dc39828e08552c3b09d822444c9fa84e95453cab37fe6d4451b7e5088d38ce,train,public-reference-or-acquired
DS-090,dataset/acquisition/acquired/DS-090/Hemp_growth/C4/ryb_C4_20241217_16_00.jpg,ryb_C4_20241217_16_00.jpg,growth_time_series,DS-090|C4|growth_time_series,C4,dataset/acquisition/acquired/DS-090/Hemp_growth/C4,path-derived,whole-plant,273,552,0.4946,228.947,230.0326,229.1276,33.6544,33.233,34.3908,229.5915,33.47,5.38,37.3207,0.0,0.7984,23add54ec56ed6d653610e15a01910d08317239a4be7b99080b384ecc482ac06,train,public-reference-or-acquired
DS-090,dataset/acquisition/acquired/DS-090/Hemp_growth/C4/ryb_C4_20241217_17_00.jpg,ryb_C4_20241217_17_00.jpg,growth_time_series,DS-090|C4|growth_time_series,C4,dataset/acquisition/acquired/DS-090/Hemp_growth/C4,path-derived,whole-plant,273,552,0.4946,220.4892,220.4679,223.9814,31.8245,30.9221,33.0604,220.8657,31.4178,5.0576,36.5753,0.0,0.7543,04b021747d2cb3c9cfe23b31fd3e31a49df04e8cd49d2890c2631e89aaf54e60,train,public-reference-or-acquired
DS-090,dataset/acquisition/acquired/DS-090/Hemp_growth/C4/ryb_C4_20241218_08_00.jpg,ryb_C4_20241218_08_00.jpg,growth_time_series,DS-090|C4|growth_time_series,C4,dataset/acquisition/acquired/DS-090/Hemp_growth/C4,path-derived,whole-plant,273,552,0.4946,241.9451,242.7875,242.3082,33.4407,32.5816,32.9628,242.2242,32.8687,2.9034,48.181,0.0,0.9047,ff0e65e452028728af6b3ce083d32b2a96a1a9cb9b97cb0799042679f12e291f,train,public-reference-or-acquired
DS-090,dataset/acquisition/acquired/DS-090/Hemp_growth/C4/ryb_C4_20241218_09_00.jpg,ryb_C4_20241218_09_00.jpg,growth_time_series,DS-090|C4|growth_time_series,C4,dataset/acquisition/acquired/DS-090/Hemp_growth/C4,path-derived,whole-plant,273,552,0.4946,232.1609,233.5035,232.9022,37.4989,36.5785,36.4649,232.9561,36.7776,5.3106,55.5176,0.0,0.7974,20c3403b0a01f5257289ab8291f020c4dc58a971855ea523c1a7416d485eecb6,train,public-reference-or-acquired
DS-090,dataset/acquisition/acquired/DS-090/Hemp_growth/C4/ryb_C4_20241218_10_00.jpg,ryb_C4_20241218_10_00.jpg,growth_time_series,DS-090|C4|growth_time_series,C4,dataset/acquisition/acquired/DS-090/Hemp_growth/C4,path-derived,whole-plant,273,552,0.4946,224.5694,225.7185,228.2032,33.9258,33.4468,34.8022,225.633,33.7239,5.4842,54.6431,0.0,0.767,cf10f61d202f80c648ec828e23666165aeda43ae79daa227969f3c6e29129db1,train,public-reference-or-acquired
DS-090,dataset/acquisition/acquired/DS-090/Hemp_growth/C4/ryb_C4_20241218_11_00.jpg,ryb_C4_20241218_11_00.jpg,growth_time_series,DS-090|C4|growth_time_series,C4,dataset/acquisition/acquired/DS-090/Hemp_growth/C4,path-derived,whole-plant,273,552,0.4946,243.9254,244.299,243.1077,32.055,31.5576,32.9946,243.7278,31.8447,2.4505,57.3452,0.0,0.9073,557171b13dc700856d026b75bbbf7834f1d56b33f0f24bca626471e7413bfb80,train,public-reference-or-acquired
DS-090,dataset/acquisition/acquired/DS-090/Hemp_growth/C4/ryb_C4_20241218_12_00.jpg,ryb_C4_20241218_12_00.jpg,growth_time_series,DS-090|C4|growth_time_series,C4,dataset/acquisition/acquired/DS-090/Hemp_growth/C4,path-derived,whole-plant,273,552,0.4946,242.1033,242.7196,239.9563,32.3633,31.4272,34.1151,242.0017,31.9776,3.3344,50.3456,0.0,0.9034,ac534ca2a48b39c6c3f4bc041d8a6d579401b8bc3ad3e30132fb197d5d683252,train,public-reference-or-acquired
DS-090,dataset/acquisition/acquired/DS-090/Hemp_growth/C4/ryb_C4_20241218_13_00.jpg,ryb_C4_20241218_13_00.jpg,growth_time_series,DS-090|C4|growth_time_series,C4,dataset/acquisition/acquired/DS-090/Hemp_growth/C4,path-derived,whole-plant,273,552,0.4946,215.7559,217.5656,218.9703,28.4312,27.3828,31.1651,217.1529,28.0697,5.0252,30.5625,0.0,0.707,24de59446ea62e5a625d5380f8f73793318c42c632852989f8323294c23e5f10,train,public-reference-or-acquired
DS-090,dataset/acquisition/acquired/DS-090/Hemp_growth/C4/ryb_C4_20241218_14_00.jpg,ryb_C4_20241218_14_00.jpg,growth_time_series,DS-090|C4|growth_time_series,C4,dataset/acquisition/acquired/DS-090/Hemp_growth/C4,path-derived,whole-plant,273,552,0.4946,227.8461,229.565,231.7983,31.5281,30.3235,32.7555,229.2862,30.9315,5.2059,31.2615,0.0,0.8151,6130165dc4c6ee674b819c40642cea245bb0969ee4b108c9d19c7e5add8549ce,train,public-reference-or-acquired
DS-090,dataset/acquisition/acquired/DS-090/Hemp_growth/C4/ryb_C4_20241218_15_00.jpg,ryb_C4_20241218_15_00.jpg,growth_time_series,DS-090|C4|growth_time_series,C4,dataset/acquisition/acquired/DS-090/Hemp_growth/C4,path-derived,whole-plant,273,552,0.4946,239.5461,240.2844,238.2306,32.3951,31.538,33.1645,239.741,31.9507,3.7263,42.084,0.0,0.8724,29f46d92894f11b0107ff940f488baaffc1604e0d8d66dc8dda073154f85efaf,train,public-reference-or-acquired
DS-090,dataset/acquisition/acquired/DS-090/Hemp_growth/C4/ryb_C4_20241218_16_00.jpg,ryb_C4_20241218_16_00.jpg,growth_time_series,DS-090|C4|growth_time_series,C4,dataset/acquisition/acquired/DS-090/Hemp_growth/C4,path-derived,whole-plant,273,552,0.4946,223.6391,224.3403,226.1422,31.7628,31.1392,33.8437,224.4097,31.6019,5.0338,39.3068,0.0,0.7702,5ee762083b86b9d9db2df78c173d501792bc9d0c0ea9a1f67222b244440c59ce,train,public-reference-or-acquired
DS-090,dataset/acquisition/acquired/DS-090/Hemp_growth/C4/ryb_C4_20241218_17_00.jpg,ryb_C4_20241218_17_00.jpg,growth_time_series,DS-090|C4|growth_time_series,C4,dataset/acquisition/acquired/DS-090/Hemp_growth/C4,path-derived,whole-plant,273,552,0.4946,220.2291,221.8001,223.645,32.3274,31.5807,33.4896,221.5585,31.9974,5.4343,41.8119,0.0,0.7306,54346d27875d9f03e7519bddb191b771c3dfedb55a7b7fe49ee3d1b4bc4f093b,train,public-reference-or-acquired
DS-090,dataset/acquisition/acquired/DS-090/Hemp_growth/C4/ryb_C4_20241219_08_00.jpg,ryb_C4_20241219_08_00.jpg,growth_time_series,DS-090|C4|growth_time_series,C4,dataset/acquisition/acquired/DS-090/Hemp_growth/C4,path-derived,whole-plant,273,552,0.4946,241.2814,241.2896,239.5833,32.2161,31.9589,33.0555,240.891,32.1405,3.3576,23.523,0.0,0.8793,ca330dc1ed191af3863faebaf7aa89749848548a57c695b5216ce39d41dfafda,train,public-reference-or-acquired
DS-090,dataset/acquisition/acquired/DS-090/Hemp_growth/C4/ryb_C4_20241219_09_00.jpg,ryb_C4_20241219_09_00.jpg,growth_time_series,DS-090|C4|growth_time_series,C4,dataset/acquisition/acquired/DS-090/Hemp_growth/C4,path-derived,whole-plant,273,552,0.4946,231.9583,233.2745,234.4907,35.4113,34.4764,35.8374,233.0427,34.8824,5.2845,51.7334,0.0,0.8195,36c2942c568edeba39f6dafdb63ae2f797bff57897479701d31c85b95edad5a8,train,public-reference-or-acquired
DS-090,dataset/acquisition/acquired/DS-090/Hemp_growth/C4/ryb_C4_20241219_10_00.jpg,ryb_C4_20241219_10_00.jpg,growth_time_series,DS-090|C4|growth_time_series,C4,dataset/acquisition/acquired/DS-090/Hemp_growth/C4,path-derived,whole-plant,273,552,0.4946,219.8905,221.5505,223.7162,31.6151,30.9923,33.0357,221.3423,31.3837,5.205,37.9988,0.0,0.7158,e9231c4c7627044504d60c411d739ee2d8ce6b3ebccb1696f89cb4a62fa69c12,train,public-reference-or-acquired
DS-090,dataset/acquisition/acquired/DS-090/Hemp_growth/C4/ryb_C4_20241219_11_00.jpg,ryb_C4_20241219_11_00.jpg,growth_time_series,DS-090|C4|growth_time_series,C4,dataset/acquisition/acquired/DS-090/Hemp_growth/C4,path-derived,whole-plant,273,552,0.4946,231.0821,231.44,228.4136,31.9709,31.1456,33.3679,230.993,31.6096,5.2302,46.6408,0.0,0.8386,6826e88f0c92a45b4dd258b8c14962fe73cc01e7ca6236f01281b76737d924be,train,public-reference-or-acquired
DS-090,dataset/acquisition/acquired/DS-090/Hemp_growth/C4/ryb_C4_20241219_12_00.jpg,ryb_C4_20241219_12_00.jpg,growth_time_series,DS-090|C4|growth_time_series,C4,dataset/acquisition/acquired/DS-090/Hemp_growth/C4,path-derived,whole-plant,273,552,0.4946,229.4746,229.8891,228.3,32.167,31.4757,33.4029,229.5701,31.8751,4.9213,50.33,0.0,0.8264,bac528ef0470c56cb24f1e920e76d08b821e7b573249c6108313316844a2d07e,train,public-reference-or-acquired
DS-090,dataset/acquisition/acquired/DS-090/Hemp_growth/C4/ryb_C4_20241219_13_00.jpg,ryb_C4_20241219_13_00.jpg,growth_time_series,DS-090|C4|growth_time_series,C4,dataset/acquisition/acquired/DS-090/Hemp_growth/C4,path-derived,whole-plant,273,552,0.4946,237.0888,237.3208,235.4495,32.2162,31.1695,33.535,237.047,31.7088,5.1145,44.5682,0.0,0.8608,4e34f92526db0cf489203a836ac59ba57c26f75019b1e9b4de97c7a39f2e5f96,train,public-reference-or-acquired
DS-090,dataset/acquisition/acquired/DS-090/Hemp_growth/C4/ryb_C4_20241219_14_00.jpg,ryb_C4_20241219_14_00.jpg,growth_time_series,DS-090|C4|growth_time_series,C4,dataset/acquisition/acquired/DS-090/Hemp_growth/C4,path-derived,whole-plant,273,552,0.4946,213.3396,217.8222,219.0249,30.2309,30.3501,32.33,216.5729,30.4663,5.2526,43.2796,0.0,0.676,aa5c1305d317f95deed4cc139467a7b37e0dbb2fec940970ef783ca3759a24f9,train,public-reference-or-acquired
DS-090,dataset/acquisition/acquired/DS-090/Hemp_growth/C4/ryb_C4_20241219_15_00.jpg,ryb_C4_20241219_15_00.jpg,growth_time_series,DS-090|C4|growth_time_series,C4,dataset/acquisition/acquired/DS-090/Hemp_growth/C4,path-derived,whole-plant,273,552,0.4946,226.3916,227.0462,228.6607,32.92,31.9263,33.7485,226.9783,32.4035,5.0081,48.129,0.0,0.7881,00079a146ed62ab299ce3b40841d9adb47700776d6fcc8bcf4e83ae186832e61,train,public-reference-or-acquired
DS-090,dataset/acquisition/acquired/DS-090/Hemp_growth/C4/ryb_C4_20241219_16_00.jpg,ryb_C4_20241219_16_00.jpg,growth_time_series,DS-090|C4|growth_time_series,C4,dataset/acquisition/acquired/DS-090/Hemp_growth/C4,path-derived,whole-plant,273,552,0.4946,222.7666,223.3434,218.6523,32.2284,31.7053,32.6104,222.6724,31.9388,5.2501,48.8268,0.0,0.7378,8c2b207d7ce3fa3cfb7c2a5f5e8f3a7407b41d74a617549e1dd8f4c19c2d4e55,train,public-reference-or-acquired
DS-090,dataset/acquisition/acquired/DS-090/Hemp_growth/C4/ryb_C4_20241219_17_00.jpg,ryb_C4_20241219_17_00.jpg,growth_time_series,DS-090|C4|growth_time_series,C4,dataset/acquisition/acquired/DS-090/Hemp_growth/C4,path-derived,whole-plant,273,552,0.4946,217.281,218.4324,219.7395,31.6488,30.8949,33.2136,218.2131,31.3541,5.249,45.5366,0.0,0.6933,884e01df071cc46c0fc72ab2fc5e228470ab85d00a881ae50c83194895019c5b,train,public-reference-or-acquired
DS-090,dataset/acquisition/acquired/DS-090/Hemp_growth/C4/ryb_C4_20241220_08_00.jpg,ryb_C4_20241220_08_00.jpg,growth_time_series,DS-090|C4|growth_time_series,C4,dataset/acquisition/acquired/DS-090/Hemp_growth/C4,path-derived,whole-plant,273,552,0.4946,238.6541,239.967,240.0827,36.1747,34.6926,34.8469,239.3897,35.1274,3.3948,70.7786,0.0,0.8769,bc1f4e21ad440f3f0a58dd738123648e3dde404788eba747128f5d4d91227abb,train,public-reference-or-acquired
DS-090,dataset/acquisition/acquired/DS-090/Hemp_growth/C4/ryb_C4_20241220_09_00.jpg,ryb_C4_20241220_09_00.jpg,growth_time_series,DS-090|C4|growth_time_series,C4,dataset/acquisition/acquired/DS-090/Hemp_growth/C4,path-derived,whole-plant,273,552,0.4946,227.8963,229.4601,231.0581,40.0574,39.0449,38.6841,229.0612,39.2471,5.1923,93.765,0.0,0.7499,cf2632867580d606955f873b9da6fe0935b3102b55aabb2ad65ddec2d453a4db,train,public-reference-or-acquired
DS-090,dataset/acquisition/acquired/DS-090/Hemp_growth/C4/ryb_C4_20241220_10_00.jpg,ryb_C4_20241220_10_00.jpg,growth_time_series,DS-090|C4|growth_time_series,C4,dataset/acquisition/acquired/DS-090/Hemp_growth/C4,path-derived,whole-plant,273,552,0.4946,220.1258,221.7496,224.5219,35.3933,34.344,36.1184,221.5779,34.828,5.5872,75.9283,0.0,0.7094,93dd3eaefe49b04cb414a7cafb8f9459f6985d96aa424ad75e04e127872f27dd,train,public-reference-or-acquired
DS-090,dataset/acquisition/acquired/DS-090/Hemp_growth/C4/ryb_C4_20241220_11_00.jpg,ryb_C4_20241220_11_00.jpg,growth_time_series,DS-090|C4|growth_time_series,C4,dataset/acquisition/acquired/DS-090/Hemp_growth/C4,path-derived,whole-plant,273,552,0.4946,224.0322,227.6585,228.9642,33.3684,32.547,35.1691,226.7104,33.0306,5.1663,56.744,0.0,0.7792,38c2b789ab2f32de7676837fe4fe0ac15887819835ea58edb55e5f641d0f806c,train,public-reference-or-acquired
DS-090,dataset/acquisition/acquired/DS-090/Hemp_growth/C4/ryb_C4_20241220_12_00.jpg,ryb_C4_20241220_12_00.jpg,growth_time_series,DS-090|C4|growth_time_series,C4,dataset/acquisition/acquired/DS-090/Hemp_growth/C4,path-derived,whole-plant,273,552,0.4946,225.0715,226.3167,225.0218,32.8858,31.954,35.7006,225.7729,32.6067,5.6981,55.37,0.0,0.8026,bc5189570fd03dcf4fa23751deb5ced8c8fd1e76d816e605b9a408fb38dce117,train,public-reference-or-acquired
DS-090,dataset/acquisition/acquired/DS-090/Hemp_growth/C4/ryb_C4_20241220_13_00.jpg,ryb_C4_20241220_13_00.jpg,growth_time_series,DS-090|C4|growth_time_series,C4,dataset/acquisition/acquired/DS-090/Hemp_growth/C4,path-derived,whole-plant,273,552,0.4946,213.4122,218.2671,219.2944,28.0528,27.48,31.915,216.9019,28.027,5.046,36.8408,0.0,0.668,db11361c6f41e20d3d929ed6faba626860cbf85be6c80a470f859924f8b8d62e,train,public-reference-or-acquired
DS-090,dataset/acquisition/acquired/DS-090/Hemp_growth/C4/ryb_C4_20241220_14_00.jpg,ryb_C4_20241220_14_00.jpg,growth_time_series,DS-090|C4|growth_time_series,C4,dataset/acquisition/acquired/DS-090/Hemp_growth/C4,path-derived,whole-plant,273,552,0.4946,217.4093,218.5896,219.9117,31.2207,30.1632,32.6969,218.3803,30.7262,5.3042,44.064,0.0,0.6575,586357f1e9820dd3a294013413d1b60bf58486607c02340703203ea2a5a823ae,train,public-reference-or-acquired
DS-090,dataset/acquisition/acquired/DS-090/Hemp_growth/C4/ryb_C4_20241220_15_00.jpg,ryb_C4_20241220_15_00.jpg,growth_time_series,DS-090|C4|growth_time_series,C4,dataset/acquisition/acquired/DS-090/Hemp_growth/C4,path-derived,whole-plant,273,552,0.4946,215.4821,216.4268,215.9477,32.5488,31.1537,33.0643,216.0811,31.7583,5.346,51.5777,0.0,0.6302,9cdc9537d971c3b811bafd68db3be95421674e529077cf49400d0d28535b6a4b,train,public-reference-or-acquired
DS-090,dataset/acquisition/acquired/DS-090/Hemp_growth/C4/ryb_C4_20241220_16_00.jpg,ryb_C4_20241220_16_00.jpg,growth_time_series,DS-090|C4|growth_time_series,C4,dataset/acquisition/acquired/DS-090/Hemp_growth/C4,path-derived,whole-plant,273,552,0.4946,211.9895,215.7828,218.7091,32.0386,32.0788,33.9719,214.963,32.2288,5.5095,54.138,0.0,0.6196,c37047e435bf1de6e7c9051a9d87fa09fae1c550f68cdecfc630bbe0498c5c56,train,public-reference-or-acquired
DS-090,dataset/acquisition/acquired/DS-090/Hemp_growth/C4/ryb_C4_20241220_17_00.jpg,ryb_C4_20241220_17_00.jpg,growth_time_series,DS-090|C4|growth_time_series,C4,dataset/acquisition/acquired/DS-090/Hemp_growth/C4,path-derived,whole-plant,273,552,0.4946,215.6608,216.0244,216.0321,33.4988,32.8778,34.0021,215.9058,33.1741,5.3053,57.9816,0.0,0.6392,25572004e154c05a50311d409cf5c4bfb4493bcdacc2f1dcd9778e9294df4a9b,train,public-reference-or-acquired
DS-090,dataset/acquisition/acquired/DS-090/Hemp_growth/C4/ryb_C4_20241221_08_00.jpg,ryb_C4_20241221_08_00.jpg,growth_time_series,DS-090|C4|growth_time_series,C4,dataset/acquisition/acquired/DS-090/Hemp_growth/C4,path-derived,whole-plant,273,552,0.4946,233.9558,237.9403,237.7451,38.1124,35.4778,35.6314,236.6033,36.2303,4.1169,82.2061,0.0,0.8524,c39af63ba602cebb0a8ae9fb076d7703831a1ed149fdf0d3b40caa882296852d,train,public-reference-or-acquired
DS-090,dataset/acquisition/acquired/DS-090/Hemp_growth/C4/ryb_C4_20241221_09_00.jpg,ryb_C4_20241221_09_00.jpg,growth_time_series,DS-090|C4|growth_time_series,C4,dataset/acquisition/acquired/DS-090/Hemp_growth/C4,path-derived,whole-plant,273,552,0.4946,228.0666,231.0276,232.7699,40.0513,38.4308,38.1959,230.2318,38.8111,5.1913,99.5367,0.0,0.7559,2e54ae6ca2c3c6d44ff5f7dbe9e972a2115a8f8175d2c3c56f6a58b3f59fd72a,train,public-reference-or-acquired
DS-090,dataset/acquisition/acquired/DS-090/Hemp_growth/C4/ryb_C4_20241221_10_00.jpg,ryb_C4_20241221_10_00.jpg,growth_time_series,DS-090|C4|growth_time_series,C4,dataset/acquisition/acquired/DS-090/Hemp_growth/C4,path-derived,whole-plant,273,552,0.4946,220.4353,221.9785,225.0273,35.5462,34.6246,36.6694,221.8591,35.1056,5.5874,78.5153,0.0,0.6927,79d4ccafe7ae4b46fb45edcd63d6e82aea0e7ad7c641808458af69c69c93eb9e,train,public-reference-or-acquired
DS-090,dataset/acquisition/acquired/DS-090/Hemp_growth/C4/ryb_C4_20241221_11_00.jpg,ryb_C4_20241221_11_00.jpg,growth_time_series,DS-090|C4|growth_time_series,C4,dataset/acquisition/acquired/DS-090/Hemp_growth/C4,path-derived,whole-plant,273,552,0.4946,236.9552,239.5772,238.2024,34.135,33.9083,35.7702,238.5308,34.1425,4.3036,81.0246,0.0,0.8823,568877c75fee67ba92b1ee54ee453424264a760592e45035ec7abe6032121d03,train,public-reference-or-acquired
DS-090,dataset/acquisition/acquired/DS-090/Hemp_growth/C4/ryb_C4_20241221_12_00.jpg,ryb_C4_20241221_12_00.jpg,growth_time_series,DS-090|C4|growth_time_series,C4,dataset/acquisition/acquired/DS-090/Hemp_growth/C4,path-derived,whole-plant,273,552,0.4946,232.4154,234.0108,232.1304,33.824,32.8911,36.1025,233.3197,33.4763,5.3758,66.2596,0.0,0.8516,0ed9628e351f633fe908ed04c609d31a1f5a96fed84de0202198929f8b6db651,train,public-reference-or-acquired
DS-090,dataset/acquisition/acquired/DS-090/Hemp_growth/C4/ryb_C4_20241221_13_00.jpg,ryb_C4_20241221_13_00.jpg,growth_time_series,DS-090|C4|growth_time_series,C4,dataset/acquisition/acquired/DS-090/Hemp_growth/C4,path-derived,whole-plant,273,552,0.4946,212.9123,218.1611,218.8447,27.9533,27.3284,32.235,216.6574,27.9347,4.9429,40.615,0.0,0.6444,ea6c458750b2a7c8677551348b81ad3394ddd60afa1ca6eb9d27ec1f9a97524f,train,public-reference-or-acquired
DS-090,dataset/acquisition/acquired/DS-090/Hemp_growth/C4/ryb_C4_20241221_14_00.jpg,ryb_C4_20241221_14_00.jpg,growth_time_series,DS-090|C4|growth_time_series,C4,dataset/acquisition/acquired/DS-090/Hemp_growth/C4,path-derived,whole-plant,273,552,0.4946,217.1453,218.4973,219.8132,31.3583,30.1953,33.2506,218.2594,30.8333,5.5015,39.5721,0.0,0.6346,49acf9de3ec67d8038d2eb1600853be14b3147e38048bddeae1c39de75d18872,train,public-reference-or-acquired
DS-090,dataset/acquisition/acquired/DS-090/Hemp_growth/C4/ryb_C4_20241221_15_00.jpg,ryb_C4_20241221_15_00.jpg,growth_time_series,DS-090|C4|growth_time_series,C4,dataset/acquisition/acquired/DS-090/Hemp_growth/C4,path-derived,whole-plant,273,552,0.4946,215.6042,217.2092,217.4712,32.8825,31.9398,34.5007,216.7648,32.4654,5.7213,56.0105,0.0,0.62,72330ce165eb3354ca95730ea4405e41282f108b8ac82990b3f3e4447c7e2705,train,public-reference-or-acquired
DS-090,dataset/acquisition/acquired/DS-090/Hemp_growth/C4/ryb_C4_20241221_16_00.jpg,ryb_C4_20241221_16_00.jpg,growth_time_series,DS-090|C4|growth_time_series,C4,dataset/acquisition/acquired/DS-090/Hemp_growth/C4,path-derived,whole-plant,273,552,0.4946,211.0114,217.3421,218.685,32.3938,33.3024,34.8029,215.612,33.1341,5.7277,64.4554,0.0,0.617,7eb2d6be290a73ff1baf10b865a74d3c042c21919b74365ae0abb014f4030618,train,public-reference-or-acquired
DS-090,dataset/acquisition/acquired/DS-090/Hemp_growth/C4/ryb_C4_20241221_17_00.jpg,ryb_C4_20241221_17_00.jpg,growth_time_series,DS-090|C4|growth_time_series,C4,dataset/acquisition/acquired/DS-090/Hemp_growth/C4,path-derived,whole-plant,273,552,0.4946,215.446,217.0917,220.065,34.6478,33.674,35.2889,216.9435,34.1268,5.7218,70.7349,0.0,0.6342,bd17cc0b02d6d1bd5dcf9d6ea00599ef10ca506e29c26ac099ebae66b50de8fe,train,public-reference-or-acquired
DS-090,dataset/acquisition/acquired/DS-090/Hemp_growth/C4/ryb_C4_20241222_08_00.jpg,ryb_C4_20241222_08_00.jpg,growth_time_series,DS-090|C4|growth_time_series,C4,dataset/acquisition/acquired/DS-090/Hemp_growth/C4,path-derived,whole-plant,273,552,0.4946,233.4341,234.9651,234.9278,37.7614,36.5377,36.6477,234.4314,36.8895,4.3349,88.6371,0.0,0.8303,b3cc85123f7b824ed6d56196857646e41521d17b60f5d506e609cdd2b34ca3b9,train,public-reference-or-acquired
DS-090,dataset/acquisition/acquired/DS-090/Hemp_growth/C4/ryb_C4_20241222_09_00.jpg,ryb_C4_20241222_09_00.jpg,growth_time_series,DS-090|C4|growth_time_series,C4,dataset/acquisition/acquired/DS-090/Hemp_growth/C4,path-derived,whole-plant,273,552,0.4946,233.875,235.6968,236.3089,36.8768,35.7242,36.1809,235.0311,36.0623,4.2239,99.5813,0.0,0.7906,50226708baad578d6476d1b3f576c61692d58f7688352abc85e3884a3742be38,train,public-reference-or-acquired
DS-090,dataset/acquisition/acquired/DS-090/Hemp_growth/C4/ryb_C4_20241222_10_00.jpg,ryb_C4_20241222_10_00.jpg,growth_time_series,DS-090|C4|growth_time_series,C4,dataset/acquisition/acquired/DS-090/Hemp_growth/C4,path-derived,whole-plant,273,552,0.4946,216.4393,218.0127,220.1721,35.7241,34.7884,36.8907,217.7945,35.2691,5.7817,87.2149,0.0,0.634,6c253d206b1c24328c93b0c70366e2d2ec1fa37470afafdce9dcdc547625f7a6,train,public-reference-or-acquired
DS-090,dataset/acquisition/acquired/DS-090/Hemp_growth/C4/ryb_C4_20241222_11_00.jpg,ryb_C4_20241222_11_00.jpg,growth_time_series,DS-090|C4|growth_time_series,C4,dataset/acquisition/acquired/DS-090/Hemp_growth/C4,path-derived,whole-plant,273,552,0.4946,232.2297,233.8462,233.5226,35.5779,34.4995,37.1016,233.2902,35.0671,5.2438,69.6297,0.0,0.8474,3d47cb4deda67eccad86e419263e76937f8e20fb8688d4d1559609d43984667e,train,public-reference-or-acquired
DS-090,dataset/acquisition/acquired/DS-090/Hemp_growth/C4/ryb_C4_20241222_12_00.jpg,ryb_C4_20241222_12_00.jpg,growth_time_series,DS-090|C4|growth_time_series,C4,dataset/acquisition/acquired/DS-090/Hemp_growth/C4,path-derived,whole-plant,273,552,0.4946,230.9957,232.4504,230.1161,34.5206,33.3298,37.0159,231.7669,34.0453,5.6068,70.3349,0.0,0.834,ef59ff0ff57046795d9d7834d42f656f6d926c8ad9e377cc665fc606e1556807,train,public-reference-or-acquired
DS-090,dataset/acquisition/acquired/DS-090/Hemp_growth/C4/ryb_C4_20241222_13_00.jpg,ryb_C4_20241222_13_00.jpg,growth_time_series,DS-090|C4|growth_time_series,C4,dataset/acquisition/acquired/DS-090/Hemp_growth/C4,path-derived,whole-plant,273,552,0.4946,210.4669,215.7274,215.3262,27.9247,27.678,32.6366,214.0845,28.1815,5.1352,46.3207,0.0,0.5934,f668868d6ded4b819445334719ee2009284aab1ae6d16f1db3da3e82763a70e8,train,public-reference-or-acquired
DS-090,dataset/acquisition/acquired/DS-090/Hemp_growth/C4/ryb_C4_20241222_14_00.jpg,ryb_C4_20241222_14_00.jpg,growth_time_series,DS-090|C4|growth_time_series,C4,dataset/acquisition/acquired/DS-090/Hemp_growth/C4,path-derived,whole-plant,273,552,0.4946,217.3662,219.3949,216.0452,31.7778,31.0716,33.4581,218.4259,31.4894,5.6156,57.6042,0.0,0.6251,ba7cee91087422d6059b9bef8043f25713263b04a9a91c1403d146831f983c8c,train,public-reference-or-acquired
DS-090,dataset/acquisition/acquired/DS-090/Hemp_growth/C4/ryb_C4_20241222_15_00.jpg,ryb_C4_20241222_15_00.jpg,growth_time_series,DS-090|C4|growth_time_series,C4,dataset/acquisition/acquired/DS-090/Hemp_growth/C4,path-derived,whole-plant,273,552,0.4946,230.0069,230.9111,230.05,35.6509,34.415,36.5479,230.5533,34.9823,5.4132,75.5167,0.0,0.8015,025e3150c4ffd74e4959e8185176b0e11fcb2fe331fa59b52383f2d26940d68f,train,public-reference-or-acquired
DS-090,dataset/acquisition/acquired/DS-090/Hemp_growth/C4/ryb_C4_20241222_16_00.jpg,ryb_C4_20241222_16_00.jpg,growth_time_series,DS-090|C4|growth_time_series,C4,dataset/acquisition/acquired/DS-090/Hemp_growth/C4,path-derived,whole-plant,273,552,0.4946,210.6875,212.2089,213.7768,33.5013,32.5009,35.5945,211.9265,33.1089,5.7294,74.7888,0.0,0.5524,646ac0622ccc4f82deb46d6f27196041aeb156c58f248ec25984f9b7c5143bff,train,public-reference-or-acquired
DS-090,dataset/acquisition/acquired/DS-090/Hemp_growth/C4/ryb_C4_20241222_17_00.jpg,ryb_C4_20241222_17_00.jpg,growth_time_series,DS-090|C4|growth_time_series,C4,dataset/acquisition/acquired/DS-090/Hemp_growth/C4,path-derived,whole-plant,273,552,0.4946,216.101,218.2926,217.2912,35.1966,34.6782,36.163,217.5308,34.9713,5.8531,82.6742,0.0,0.6078,d1399e25cf4dec18db8ea3ae989f2eee7198caff3e5bf8f5fc2c8e7c7aabeb44,train,public-reference-or-acquired
DS-090,dataset/acquisition/acquired/DS-090/Hemp_growth/C4/ryb_C4_20241223_08_00.jpg,ryb_C4_20241223_08_00.jpg,growth_time_series,DS-090|C4|growth_time_series,C4,dataset/acquisition/acquired/DS-090/Hemp_growth/C4,path-derived,whole-plant,273,552,0.4946,235.2327,236.8051,236.6543,37.6529,36.1071,36.3001,236.2119,36.5506,4.1047,107.8552,0.0,0.8501,09773c33fb9e0301cb3a9fbc7329c3fda744d99f583f05b180df057b16e2f1c0,train,public-reference-or-acquired
DS-090,dataset/acquisition/acquired/DS-090/Hemp_growth/C4/ryb_C4_20241223_09_00.jpg,ryb_C4_20241223_09_00.jpg,growth_time_series,DS-090|C4|growth_time_series,C4,dataset/acquisition/acquired/DS-090/Hemp_growth/C4,path-derived,whole-plant,273,552,0.4946,232.6575,234.5402,235.0257,37.6873,36.3864,37.2472,233.8486,36.8159,4.349,111.0045,0.0,0.7776,43978750e1e19a46a4d495960d36cf7a9eedcef7a3bb9e8a1c1f5e7df3c793de,train,public-reference-or-acquired
DS-090,dataset/acquisition/acquired/DS-090/Hemp_growth/C4/ryb_C4_20241223_10_00.jpg,ryb_C4_20241223_10_00.jpg,growth_time_series,DS-090|C4|growth_time_series,C4,dataset/acquisition/acquired/DS-090/Hemp_growth/C4,path-derived,whole-plant,273,552,0.4946,220.7764,222.816,223.4776,36.4383,35.9344,37.9168,222.277,36.2594,5.7765,84.2659,0.0,0.6962,0eb44db2b149c4a0eced90a7a015cc5e74406cbd0f510d8a4b4cc92d3ade1b4a,train,public-reference-or-acquired
DS-090,dataset/acquisition/acquired/DS-090/Hemp_growth/C4/ryb_C4_20241223_11_00.jpg,ryb_C4_20241223_11_00.jpg,growth_time_series,DS-090|C4|growth_time_series,C4,dataset/acquisition/acquired/DS-090/Hemp_growth/C4,path-derived,whole-plant,273,552,0.4946,236.7829,237.485,236.2722,35.5795,34.8989,37.3267,237.038,35.3273,4.7917,114.5167,0.0,0.862,9fb243158ef847eee2a4323243ead0a7b43663394d471bb342467f5879f43cd1,train,public-reference-or-acquired
DS-090,dataset/acquisition/acquired/DS-090/Hemp_growth/C4/ryb_C4_20241223_12_00.jpg,ryb_C4_20241223_12_00.jpg,growth_time_series,DS-090|C4|growth_time_series,C4,dataset/acquisition/acquired/DS-090/Hemp_growth/C4,path-derived,whole-plant,273,552,0.4946,228.7624,232.5133,230.7066,34.2465,33.902,37.094,231.1916,34.2756,5.536,90.7535,0.0,0.8365,9c278b9d383da9116d950af57f18892ff055a3a3877e18b5d993648aa66294b6,train,public-reference-or-acquired
DS-090,dataset/acquisition/acquired/DS-090/Hemp_growth/C4/ryb_C4_20241223_13_00.jpg,ryb_C4_20241223_13_00.jpg,growth_time_series,DS-090|C4|growth_time_series,C4,dataset/acquisition/acquired/DS-090/Hemp_growth/C4,path-derived,whole-plant,273,552,0.4946,211.1107,213.031,212.5777,28.9103,27.972,32.7253,212.4118,28.6888,5.3338,54.9819,0.0,0.5596,890e5fdd8531b5825586b9f3307fe389069a11b13b70f8b9577a27f3e7f340ae,train,public-reference-or-acquired
DS-090,dataset/acquisition/acquired/DS-090/Hemp_growth/C4/ryb_C4_20241223_14_00.jpg,ryb_C4_20241223_14_00.jpg,growth_time_series,DS-090|C4|growth_time_series,C4,dataset/acquisition/acquired/DS-090/Hemp_growth/C4,path-derived,whole-plant,273,552,0.4946,217.954,221.1371,217.9182,32.1862,31.645,34.4944,219.8059,32.0491,5.7234,57.1413,0.0,0.6323,a3df2086cf1031c19140c22e246af45617e10fef52b6b9862cfc0e095024058d,train,public-reference-or-acquired
DS-090,dataset/acquisition/acquired/DS-090/Hemp_growth/C4/ryb_C4_20241223_15_00.jpg,ryb_C4_20241223_15_00.jpg,growth_time_series,DS-090|C4|growth_time_series,C4,dataset/acquisition/acquired/DS-090/Hemp_growth/C4,path-derived,whole-plant,273,552,0.4946,208.4942,208.9328,209.8687,32.6462,31.6683,33.6247,208.8947,32.1467,5.4878,69.2776,0.0,0.5013,a5993e985dbc08327d53c5ca117d547613ecbd7e4e2d2070a1dc67c550a4e2c4,train,public-reference-or-acquired
DS-090,dataset/acquisition/acquired/DS-090/Hemp_growth/C4/ryb_C4_20241223_16_00.jpg,ryb_C4_20241223_16_00.jpg,growth_time_series,DS-090|C4|growth_time_series,C4,dataset/acquisition/acquired/DS-090/Hemp_growth/C4,path-derived,whole-plant,273,552,0.4946,214.4214,215.2456,214.0255,34.9108,33.8837,35.7531,214.8613,34.3757,5.7919,81.6665,0.0,0.5608,d9bbe41083297a98b380cf3036f3720cac9446c21a395808895f42d45c8e6022,train,public-reference-or-acquired
DS-090,dataset/acquisition/acquired/DS-090/Hemp_growth/C4/ryb_C4_20241223_17_00.jpg,ryb_C4_20241223_17_00.jpg,growth_time_series,DS-090|C4|growth_time_series,C4,dataset/acquisition/acquired/DS-090/Hemp_growth/C4,path-derived,whole-plant,273,552,0.4946,218.5764,219.3644,218.7363,36.0582,35.1627,36.7235,219.071,35.5801,5.9056,86.9612,0.0,0.6019,6ad6e37d9f9222c3d8d7ea6c8f31ba06a26c158d0d9cbfc5a9c50efaec1ce48f,train,public-reference-or-acquired
DS-090,dataset/acquisition/acquired/DS-090/Hemp_growth/C4/ryb_C4_20241224_08_00.jpg,ryb_C4_20241224_08_00.jpg,growth_time_series,DS-090|C4|growth_time_series,C4,dataset/acquisition/acquired/DS-090/Hemp_growth/C4,path-derived,whole-plant,273,552,0.4946,234.0238,235.7833,235.928,38.3037,36.743,37.0924,235.1708,37.2143,4.2848,116.1764,0.0,0.8367,5e12df644315a949b7161075d9e374a1a2982f96961078c451a8c82c9471c8df,train,public-reference-or-acquired
DS-090,dataset/acquisition/acquired/DS-090/Hemp_growth/C4/ryb_C4_20241224_09_00.jpg,ryb_C4_20241224_09_00.jpg,growth_time_series,DS-090|C4|growth_time_series,C4,dataset/acquisition/acquired/DS-090/Hemp_growth/C4,path-derived,whole-plant,273,552,0.4946,231.399,233.4885,233.6932,38.7481,37.2551,37.8827,232.7069,37.7134,4.392,122.9508,0.0,0.7595,f504070f77c337d085e92893fa0f155964e190d25fba9f4f6e3cdbfa5be85080,train,public-reference-or-acquired
DS-090,dataset/acquisition/acquired/DS-090/Hemp_growth/C4/ryb_C4_20241224_10_00.jpg,ryb_C4_20241224_10_00.jpg,growth_time_series,DS-090|C4|growth_time_series,C4,dataset/acquisition/acquired/DS-090/Hemp_growth/C4,path-derived,whole-plant,273,552,0.4946,213.9796,215.6714,215.6123,36.8574,36.0121,38.8354,215.1572,36.5488,5.9275,111.0621,0.0,0.569,d1c6cca4a8a8278a42f5ae2f7b8e6a7735317a232770f5d97e09e9669a0d6df7,train,public-reference-or-acquired
DS-090,dataset/acquisition/acquired/DS-090/Hemp_growth/C4/ryb_C4_20241224_11_00.jpg,ryb_C4_20241224_11_00.jpg,growth_time_series,DS-090|C4|growth_time_series,C4,dataset/acquisition/acquired/DS-090/Hemp_growth/C4,path-derived,whole-plant,273,552,0.4946,233.8602,234.6495,232.617,37.3627,36.3343,38.8349,234.1107,36.879,5.0401,122.62,0.0,0.8386,b36f54b3daa48b7212ebad2e0595c9ee8222d2ca398c180dbb00ee304c210266,train,public-reference-or-acquired
DS-090,dataset/acquisition/acquired/DS-090/Hemp_growth/C4/ryb_C4_20241224_12_00.jpg,ryb_C4_20241224_12_00.jpg,growth_time_series,DS-090|C4|growth_time_series,C4,dataset/acquisition/acquired/DS-090/Hemp_growth/C4,path-derived,whole-plant,273,552,0.4946,226.1959,230.14,227.6297,35.3156,34.6372,38.1971,228.6755,35.1609,5.7323,93.6973,0.0,0.8017,f9a4f1607a10fea27ac16aa90931b8fcca074b814f27a75ed5ce9d78055821e4,train,public-reference-or-acquired
DS-090,dataset/acquisition/acquired/DS-090/Hemp_growth/C4/ryb_C4_20241224_13_00.jpg,ryb_C4_20241224_13_00.jpg,growth_time_series,DS-090|C4|growth_time_series,C4,dataset/acquisition/acquired/DS-090/Hemp_growth/C4,path-derived,whole-plant,273,552,0.4946,211.7053,215.9017,213.6633,29.1262,28.8525,34.317,214.3795,29.3925,5.3089,45.5645,0.0,0.5723,4307d3cb7abceb90ebe1b6fbb82f748a0b782397f3c9c8159e03a316aea1694f,train,public-reference-or-acquired
DS-090,dataset/acquisition/acquired/DS-090/Hemp_growth/C4/ryb_C4_20241224_14_00.jpg,ryb_C4_20241224_14_00.jpg,growth_time_series,DS-090|C4|growth_time_series,C4,dataset/acquisition/acquired/DS-090/Hemp_growth/C4,path-derived,whole-plant,273,552,0.4946,211.4043,213.7095,210.4818,32.1684,30.9699,35.0996,212.6633,31.7016,5.9386,57.6453,0.0,0.5322,1fab6261bd985f99fb10a5f28002d765b1a4405f9a9b8756f463f76f30df3fd1,train,public-reference-or-acquired
DS-090,dataset/acquisition/acquired/DS-090/Hemp_growth/C4/ryb_C4_20241224_15_00.jpg,ryb_C4_20241224_15_00.jpg,growth_time_series,DS-090|C4|growth_time_series,C4,dataset/acquisition/acquired/DS-090/Hemp_growth/C4,path-derived,whole-plant,273,552,0.4946,206.8686,213.6284,214.1649,33.5782,33.7959,36.5401,211.6686,33.9545,6.0403,82.4539,0.0,0.5216,940131d755be127d3e40ef0b9e6153715013a19a23a93e10f50b4779e2d8b4c7,train,public-reference-or-acquired
DS-090,dataset/acquisition/acquired/DS-090/Hemp_growth/C4/ryb_C4_20241224_16_00.jpg,ryb_C4_20241224_16_00.jpg,growth_time_series,DS-090|C4|growth_time_series,C4,dataset/acquisition/acquired/DS-090/Hemp_growth/C4,path-derived,whole-plant,273,552,0.4946,217.3364,219.3322,220.407,36.8325,35.7245,38.4227,218.8537,36.3293,6.0569,99.0438,0.0,0.5971,93ffb3162f0d0701412a8c9abe4aacd39ed9cd14664cb1b925819e1d94ae09a5,train,public-reference-or-acquired
DS-090,dataset/acquisition/acquired/DS-090/Hemp_growth/C4/ryb_C4_20241224_17_00.jpg,ryb_C4_20241224_17_00.jpg,growth_time_series,DS-090|C4|growth_time_series,C4,dataset/acquisition/acquired/DS-090/Hemp_growth/C4,path-derived,whole-plant,273,552,0.4946,213.5562,215.3172,217.6561,36.9527,36.0082,37.9553,215.0668,36.4841,6.0533,100.1902,0.0,0.5505,e73dee1094227dcbc75213a677808fd44538b4c8f3a9d6b0112e8d1843c455cc,train,public-reference-or-acquired
DS-090,dataset/acquisition/acquired/DS-090/Hemp_growth/C4/ryb_C4_20241225_08_00.jpg,ryb_C4_20241225_08_00.jpg,growth_time_series,DS-090|C4|growth_time_series,C4,dataset/acquisition/acquired/DS-090/Hemp_growth/C4,path-derived,whole-plant,273,552,0.4946,234.6668,236.6896,236.1752,38.2105,36.4945,36.9652,235.892,37.0189,4.1703,111.085,0.0,0.8386,bd74bbc0f6d01bdd8dcdac5afdb08010800ec627e574b1700fac08126eb9090e,train,public-reference-or-acquired
DS-090,dataset/acquisition/acquired/DS-090/Hemp_growth/C4/ryb_C4_20241225_09_00.jpg,ryb_C4_20241225_09_00.jpg,growth_time_series,DS-090|C4|growth_time_series,C4,dataset/acquisition/acquired/DS-090/Hemp_growth/C4,path-derived,whole-plant,273,552,0.4946,232.3149,233.9264,233.7912,38.1363,36.9803,37.9267,233.232,37.3749,4.2727,124.2824,0.0,0.7656,6cc3ec36fe3a7fb79a0064d146050e9ec55e056a5578335428fd68854f12c118,train,public-reference-or-acquired
DS-090,dataset/acquisition/acquired/DS-090/Hemp_growth/C4/ryb_C4_20241225_10_00.jpg,ryb_C4_20241225_10_00.jpg,growth_time_series,DS-090|C4|growth_time_series,C4,dataset/acquisition/acquired/DS-090/Hemp_growth/C4,path-derived,whole-plant,273,552,0.4946,212.0698,214.247,216.9687,37.5842,36.3554,38.9872,213.9013,36.9784,6.2476,122.4219,0.0,0.5637,0744ceb31874a8404b8e2ff70c115a4ba5ee7e9410c8fca0ad33f315790d1aa9,train,public-reference-or-acquired
DS-090,dataset/acquisition/acquired/DS-090/Hemp_growth/C4/ryb_C4_20241225_11_00.jpg,ryb_C4_20241225_11_00.jpg,growth_time_series,DS-090|C4|growth_time_series,C4,dataset/acquisition/acquired/DS-090/Hemp_growth/C4,path-derived,whole-plant,273,552,0.4946,228.6168,230.314,229.0448,37.9697,36.5772,39.1793,229.6562,37.2319,5.6266,134.4365,0.0,0.8195,868f5b718b3cc8d38615ecafd399b36234dd2f5bcf4cb667d1d6c09e859efe10,train,public-reference-or-acquired
DS-090,dataset/acquisition/acquired/DS-090/Hemp_growth/C4/ryb_C4_20241225_13_00.jpg,ryb_C4_20241225_13_00.jpg,growth_time_series,DS-090|C4|growth_time_series,C4,dataset/acquisition/acquired/DS-090/Hemp_growth/C4,path-derived,whole-plant,273,552,0.4946,209.6237,215.8202,214.3648,29.9846,29.0245,35.1627,213.7911,29.8385,5.4504,71.916,0.0,0.5779,612102cb1f0966f257cef3383516e5a2c353049959ee48631da9c82ff10a1c38,train,public-reference-or-acquired
DS-090,dataset/acquisition/acquired/DS-090/Hemp_growth/C4/ryb_C4_20241225_14_00.jpg,ryb_C4_20241225_14_00.jpg,growth_time_series,DS-090|C4|growth_time_series,C4,dataset/acquisition/acquired/DS-090/Hemp_growth/C4,path-derived,whole-plant,273,552,0.4946,212.1797,214.5186,214.4712,33.5951,31.7832,36.5214,213.8209,32.7764,5.9774,72.6977,0.0,0.5386,cd640ca8b5e147c296d58c3c9444a61dc6f78370d02c8284d495710f85e96a06,train,public-reference-or-acquired
DS-090,dataset/acquisition/acquired/DS-090/Hemp_growth/C4/ryb_C4_20241225_15_00.jpg,ryb_C4_20241225_15_00.jpg,growth_time_series,DS-090|C4|growth_time_series,C4,dataset/acquisition/acquired/DS-090/Hemp_growth/C4,path-derived,whole-plant,273,552,0.4946,230.0368,231.3121,228.7431,37.0185,35.5507,38.0985,230.6283,36.2368,4.8399,111.0426,0.0,0.7937,576cbac02ff0a9fb6e1c084927b3d5cca770f2c34b7d054576b894be0ad9cf9a,train,public-reference-or-acquired
DS-090,dataset/acquisition/acquired/DS-090/Hemp_growth/C4/ryb_C4_20241225_17_00.jpg,ryb_C4_20241225_17_00.jpg,growth_time_series,DS-090|C4|growth_time_series,C4,dataset/acquisition/acquired/DS-090/Hemp_growth/C4,path-derived,whole-plant,273,552,0.4946,211.9796,213.2986,210.7126,37.0788,35.8597,38.2307,212.6114,36.452,5.9933,110.4698,0.0,0.5279,631e674ff7fc20e45bf961eb14cb4d8673377df577b749f6ef354170c1cdb5f1,train,public-reference-or-acquired
DS-090,dataset/acquisition/acquired/DS-090/Hemp_growth/C4/ryb_C4_20241226_08_00.jpg,ryb_C4_20241226_08_00.jpg,growth_time_series,DS-090|C4|growth_time_series,C4,dataset/acquisition/acquired/DS-090/Hemp_growth/C4,path-derived,whole-plant,273,552,0.4946,229.3891,229.9457,230.6701,38.1252,37.4173,37.7133,229.8195,37.6371,4.8894,83.4643,0.0,0.7841,af480795d94f08175d9e10e1b7697a51ca717de5efece2dff1816e32caa891a6,train,public-reference-or-acquired
DS-090,dataset/acquisition/acquired/DS-090/Hemp_growth/C4/ryb_C4_20241226_09_00.jpg,ryb_C4_20241226_09_00.jpg,growth_time_series,DS-090|C4|growth_time_series,C4,dataset/acquisition/acquired/DS-090/Hemp_growth/C4,path-derived,whole-plant,273,552,0.4946,250.065,250.364,249.16,19.2366,19.0833,20.3947,249.7109,19.2169,1.6696,17.4435,0.0,0.944,abbc8bd7eafb7a8dba00efc6b2c5b24f5bbb643d4b949947b3af3bd5cea43b10,train,public-reference-or-acquired
DS-090,dataset/acquisition/acquired/DS-090/Hemp_growth/C4/ryb_C4_20241226_10_00.jpg,ryb_C4_20241226_10_00.jpg,growth_time_series,DS-090|C4|growth_time_series,C4,dataset/acquisition/acquired/DS-090/Hemp_growth/C4,path-derived,whole-plant,273,552,0.4946,231.5691,232.9622,229.262,36.3425,34.9147,37.9135,232.0769,35.6224,4.8755,113.56,0.0,0.7987,d3edc4ca6c7bf8ad54287fbbec758968928708d0bae2ca8cde0cfebc2fe718c6,train,public-reference-or-acquired
DS-090,dataset/acquisition/acquired/DS-090/Hemp_growth/C4/ryb_C4_20241226_11_00.jpg,ryb_C4_20241226_11_00.jpg,growth_time_series,DS-090|C4|growth_time_series,C4,dataset/acquisition/acquired/DS-090/Hemp_growth/C4,path-derived,whole-plant,273,552,0.4946,228.337,230.5028,226.8527,37.2491,35.4542,38.6106,229.4334,36.2806,5.2668,114.9788,0.0,0.7777,c0be5b30a4bdaddd302ec71929f92e896dbeadabcd2c1ef2b06790b7db7bf3f4,train,public-reference-or-acquired
DS-090,dataset/acquisition/acquired/DS-090/Hemp_growth/C4/ryb_C4_20241226_12_00.jpg,ryb_C4_20241226_12_00.jpg,growth_time_series,DS-090|C4|growth_time_series,C4,dataset/acquisition/acquired/DS-090/Hemp_growth/C4,path-derived,whole-plant,273,552,0.4946,221.08,222.6257,219.9543,37.2874,36.2182,40.2337,221.8576,36.935,6.0565,117.1712,0.0,0.6785,5414f50bd54ccba1381159c111b8ddb079a45984d1ae3354a28e92b7aaf766a2,train,public-reference-or-acquired
DS-090,dataset/acquisition/acquired/DS-090/Hemp_growth/C4/ryb_C4_20241226_16_00.jpg,ryb_C4_20241226_16_00.jpg,growth_time_series,DS-090|C4|growth_time_series,C4,dataset/acquisition/acquired/DS-090/Hemp_growth/C4,path-derived,whole-plant,273,552,0.4946,211.5493,212.7179,209.7178,37.965,36.7151,39.397,212.0342,37.3391,6.1548,117.5458,0.0,0.5136,1f26384563f8c182ddd3d2ddba7e98a47ff1604c01a6df9e68a0c7092cea9f49,train,public-reference-or-acquired
DS-090,dataset/acquisition/acquired/DS-090/Hemp_growth/C4/ryb_C4_20241227_09_00.jpg,ryb_C4_20241227_09_00.jpg,growth_time_series,DS-090|C4|growth_time_series,C4,dataset/acquisition/acquired/DS-090/Hemp_growth/C4,path-derived,whole-plant,273,552,0.4946,234.0994,234.8285,229.8277,35.447,34.9129,38.1373,233.9488,35.3889,4.7314,126.5513,0.0,0.8034,28397689386114ef031f53617aa9211ebd705501f8a5c4d4be89a9c8b42ebd5c,train,public-reference-or-acquired
DS-090,dataset/acquisition/acquired/DS-090/Hemp_growth/C4/ryb_C4_20241227_11_00.jpg,ryb_C4_20241227_11_00.jpg,growth_time_series,DS-090|C4|growth_time_series,C4,dataset/acquisition/acquired/DS-090/Hemp_growth/C4,path-derived,whole-plant,273,552,0.4946,231.7622,233.8332,230.0258,36.4506,34.7062,37.8841,232.7195,35.5134,4.9348,125.9735,0.0,0.7932,b58f7952cb2d0361f85fc0e914c337ed0a7996d089b9fd496821ff0f988989d2,train,public-reference-or-acquired
DS-090,dataset/acquisition/acquired/DS-090/Hemp_growth/C4/ryb_C4_20241227_12_00.jpg,ryb_C4_20241227_12_00.jpg,growth_time_series,DS-090|C4|growth_time_series,C4,dataset/acquisition/acquired/DS-090/Hemp_growth/C4,path-derived,whole-plant,273,552,0.4946,221.8817,225.6584,223.0306,36.8632,36.0579,39.2438,224.2312,36.5758,5.757,119.0291,0.0,0.7194,f329e0358089607299c1634269a594e58128bd8b1131e185a780b699c49860fc,train,public-reference-or-acquired
DS-090,dataset/acquisition/acquired/DS-090/Hemp_growth/C4/ryb_C4_20241227_15_00.jpg,ryb_C4_20241227_15_00.jpg,growth_time_series,DS-090|C4|growth_time_series,C4,dataset/acquisition/acquired/DS-090/Hemp_growth/C4,path-derived,whole-plant,273,552,0.4946,221.3071,224.1195,221.8748,37.0861,35.4159,38.8959,223.0291,36.2181,6.035,107.3791,0.0,0.7087,559c0aeeb77eef54007f63d9fe52c838b80e2448d5eb897a3f9709a5822f6428,train,public-reference-or-acquired
DS-090,dataset/acquisition/acquired/DS-090/Hemp_growth/C4/ryb_C4_20241227_16_00.jpg,ryb_C4_20241227_16_00.jpg,growth_time_series,DS-090|C4|growth_time_series,C4,dataset/acquisition/acquired/DS-090/Hemp_growth/C4,path-derived,whole-plant,273,552,0.4946,217.9656,222.354,217.7424,36.2923,36.1442,40.0573,220.5189,36.5365,6.056,118.3773,0.0,0.6644,aa15a07f00a563dc3040ecb0acbd065ff5e5ae4bf85e66c6088ae17049200edd,train,public-reference-or-acquired
DS-090,dataset/acquisition/acquired/DS-090/Hemp_growth/C4/ryb_C4_20241227_17_00.jpg,ryb_C4_20241227_17_00.jpg,growth_time_series,DS-090|C4|growth_time_series,C4,dataset/acquisition/acquired/DS-090/Hemp_growth/C4,path-derived,whole-plant,273,552,0.4946,213.437,215.5109,216.8776,39.0252,37.1378,40.2827,215.0545,38.0157,6.2981,131.0055,0.0,0.5589,dd3c77c3c6255f97419e0479fbcce5ae0579e6161c2e59ceefd840c423212227,train,public-reference-or-acquired
DS-090,dataset/acquisition/acquired/DS-090/Hemp_growth/C4/ryb_C4_20241228_09_00.jpg,ryb_C4_20241228_09_00.jpg,growth_time_series,DS-090|C4|growth_time_series,C4,dataset/acquisition/acquired/DS-090/Hemp_growth/C4,path-derived,whole-plant,273,552,0.4946,249.6397,250.0321,248.3694,19.5249,19.2769,21.243,249.3108,19.5052,1.8765,20.9644,0.0,0.9405,f0b7ed3977aa3a883ad869e4552dd3e3380a57312c2ba9ba1b32755915ec98c7,train,public-reference-or-acquired
DS-090,dataset/acquisition/acquired/DS-090/Hemp_growth/C4/ryb_C4_20241228_11_00.jpg,ryb_C4_20241228_11_00.jpg,growth_time_series,DS-090|C4|growth_time_series,C4,dataset/acquisition/acquired/DS-090/Hemp_growth/C4,path-derived,whole-plant,273,552,0.4946,212.5882,215.3291,214.207,37.6216,35.9193,39.8273,214.3909,36.8065,6.2652,141.5964,0.0,0.5819,2743faaafd84d0ffd1893e941a17f3bcdbda00905e2b48060a7c46f66c179bda,train,public-reference-or-acquired
DS-090,dataset/acquisition/acquired/DS-090/Hemp_growth/C4/ryb_C4_20241228_12_00.jpg,ryb_C4_20241228_12_00.jpg,growth_time_series,DS-090|C4|growth_time_series,C4,dataset/acquisition/acquired/DS-090/Hemp_growth/C4,path-derived,whole-plant,273,552,0.4946,224.9225,227.2025,221.4194,38.3899,36.4161,40.5629,225.8634,37.4127,5.6398,142.1186,0.0,0.7454,714f8c09a90e25a451d3c9ad99e7a6ffb7c51abbfbbafbc72aed7d400b3b5474,train,public-reference-or-acquired
DS-090,dataset/acquisition/acquired/DS-090/Hemp_growth/C4/ryb_C4_20241228_13_00.jpg,ryb_C4_20241228_13_00.jpg,growth_time_series,DS-090|C4|growth_time_series,C4,dataset/acquisition/acquired/DS-090/Hemp_growth/C4,path-derived,whole-plant,273,552,0.4946,220.1196,223.3363,220.7509,37.2719,35.9336,39.3389,222.098,36.6343,5.97,126.3782,0.0,0.7012,3f0209bef0285e24b18aae36469be837b2e7f9ff7451f481a158c3c39cc36c12,train,public-reference-or-acquired
DS-090,dataset/acquisition/acquired/DS-090/Hemp_growth/C4/ryb_C4_20241228_15_00.jpg,ryb_C4_20241228_15_00.jpg,growth_time_series,DS-090|C4|growth_time_series,C4,dataset/acquisition/acquired/DS-090/Hemp_growth/C4,path-derived,whole-plant,273,552,0.4946,216.3483,218.2147,214.3687,38.3335,36.5134,40.0342,217.2086,37.3724,6.3224,123.1327,0.0,0.6027,58d7ed2b4cfe706851503324fc500731bd29d02408ef2b71acecc88ed8db44a0,train,public-reference-or-acquired
DS-090,dataset/acquisition/acquired/DS-090/Hemp_growth/C4/ryb_C4_20241228_16_00.jpg,ryb_C4_20241228_16_00.jpg,growth_time_series,DS-090|C4|growth_time_series,C4,dataset/acquisition/acquired/DS-090/Hemp_growth/C4,path-derived,whole-plant,273,552,0.4946,209.2347,211.3961,208.9904,37.0085,35.0933,39.6528,210.4878,36.1014,6.2252,118.9739,0.0,0.483,06a7e531a49a8a278f0efbc4afdd81f02fad82064aebefa5b78ed322a4fd2074,train,public-reference-or-acquired
DS-090,dataset/acquisition/acquired/DS-090/Hemp_growth/C4/ryb_C4_20241228_17_00.jpg,ryb_C4_20241228_17_00.jpg,growth_time_series,DS-090|C4|growth_time_series,C4,dataset/acquisition/acquired/DS-090/Hemp_growth/C4,path-derived,whole-plant,273,552,0.4946,210.9176,214.3348,210.6531,39.0821,37.9404,40.51,212.8994,38.5225,6.4429,142.5565,0.0,0.5399,523c16f8c7ed86aea0fd55c5e0b659591256635ee2544bab921c3477cd588a88,train,public-reference-or-acquired
DS-090,dataset/acquisition/acquired/DS-090/Hemp_growth/C4/ryb_C4_20241229_08_00.jpg,ryb_C4_20241229_08_00.jpg,growth_time_series,DS-090|C4|growth_time_series,C4,dataset/acquisition/acquired/DS-090/Hemp_growth/C4,path-derived,whole-plant,273,552,0.4946,227.1739,229.6416,227.4139,40.9458,39.4693,40.8969,228.5857,40.0389,5.2857,157.2985,0.0,0.7713,383a24e91674c534cca14c8b253ff80b348b704bd184f93b1e8bb6643a991d9c,train,public-reference-or-acquired
DS-090,dataset/acquisition/acquired/DS-090/Hemp_growth/C4/ryb_C4_20241229_10_00.jpg,ryb_C4_20241229_10_00.jpg,growth_time_series,DS-090|C4|growth_time_series,C4,dataset/acquisition/acquired/DS-090/Hemp_growth/C4,path-derived,whole-plant,273,552,0.4946,210.3087,213.7498,211.5497,40.2994,38.6716,42.0294,212.4707,39.476,6.5136,194.286,0.0,0.6013,34e7bdf73ea381047e4e4cc0b30fb4ddfd8bddf9774fa63a5779ebc952bb3ae6,train,public-reference-or-acquired
DS-090,dataset/acquisition/acquired/DS-090/Hemp_growth/C4/ryb_C4_20241229_12_00.jpg,ryb_C4_20241229_12_00.jpg,growth_time_series,DS-090|C4|growth_time_series,C4,dataset/acquisition/acquired/DS-090/Hemp_growth/C4,path-derived,whole-plant,273,552,0.4946,223.7505,225.8905,219.377,38.4475,36.719,41.4077,224.5304,37.6873,5.8969,162.0674,0.0,0.7417,04604a7daeab4f6bfb9d7cb3bfb047e3d0003ca2c6187800534d6fb463066ed4,train,public-reference-or-acquired
DS-090,dataset/acquisition/acquired/DS-090/Hemp_growth/C4/ryb_C4_20241229_13_00.jpg,ryb_C4_20241229_13_00.jpg,growth_time_series,DS-090|C4|growth_time_series,C4,dataset/acquisition/acquired/DS-090/Hemp_growth/C4,path-derived,whole-plant,273,552,0.4946,211.1944,217.0686,210.076,32.8674,31.8477,38.6489,214.5163,32.7349,6.1463,100.4106,0.0,0.6339,60adc1ceaaab25b324c2cbc30479024f0fdee44f6cec4cdc89613db6abf25eba,train,public-reference-or-acquired
DS-090,dataset/acquisition/acquired/DS-090/Hemp_growth/C4/ryb_C4_20241229_15_00.jpg,ryb_C4_20241229_15_00.jpg,growth_time_series,DS-090|C4|growth_time_series,C4,dataset/acquisition/acquired/DS-090/Hemp_growth/C4,path-derived,whole-plant,273,552,0.4946,205.0339,209.4581,207.1715,37.8431,35.4162,39.9737,207.8759,36.5486,6.4873,124.9395,0.0,0.4581,b3397cef48d8b9f8347e4e1c1199cf0ae2e43e3220a7a3da7ffddcac19b70e20,train,public-reference-or-acquired
DS-090,dataset/acquisition/acquired/DS-090/Hemp_growth/C4/ryb_C4_20241229_17_00.jpg,ryb_C4_20241229_17_00.jpg,growth_time_series,DS-090|C4|growth_time_series,C4,dataset/acquisition/acquired/DS-090/Hemp_growth/C4,path-derived,whole-plant,273,552,0.4946,205.5623,207.399,204.4476,38.5029,37.0424,39.6821,206.5231,37.7289,6.4986,143.3137,0.0,0.4286,c2c67d48895c8869a6b8ac82dfe221715c5ad537c8e6451156d61583b3d4ae6d,train,public-reference-or-acquired
DS-090,dataset/acquisition/acquired/DS-090/Hemp_growth/C4/ryb_C4_20241230_09_00.jpg,ryb_C4_20241230_09_00.jpg,growth_time_series,DS-090|C4|growth_time_series,C4,dataset/acquisition/acquired/DS-090/Hemp_growth/C4,path-derived,whole-plant,273,552,0.4946,220.6936,221.9957,215.5632,40.6867,39.2116,42.1792,220.8629,39.9306,6.0877,209.0937,0.0,0.694,f8e4c3c154315a38d014a44fa1baefeff0753615311d8614e043fef6f35fd575,train,public-reference-or-acquired
DS-090,dataset/acquisition/acquired/DS-090/Hemp_growth/C4/ryb_C4_20241230_11_00.jpg,ryb_C4_20241230_11_00.jpg,growth_time_series,DS-090|C4|growth_time_series,C4,dataset/acquisition/acquired/DS-090/Hemp_growth/C4,path-derived,whole-plant,273,552,0.4946,220.276,224.155,219.892,40.9887,39.2406,43.3627,222.4817,40.1368,5.9895,217.5361,0.0,0.7356,83091611a8f81452306a72d49cdb085a4b61cccc6b3ddb80fb7debdb70e64a07,train,public-reference-or-acquired
DS-090,dataset/acquisition/acquired/DS-090/Hemp_growth/C4/ryb_C4_20241230_12_00.jpg,ryb_C4_20241230_12_00.jpg,growth_time_series,DS-090|C4|growth_time_series,C4,dataset/acquisition/acquired/DS-090/Hemp_growth/C4,path-derived,whole-plant,273,552,0.4946,208.457,212.4662,209.9032,38.5703,36.4083,40.8327,210.983,37.4624,6.5842,147.3925,0.0,0.5459,e4cadd8021ae5ac4769b5cebe6b1cab1d95ac0b417f05e108dbd0193c76b6d41,train,public-reference-or-acquired
DS-090,dataset/acquisition/acquired/DS-090/Hemp_growth/C4/ryb_C4_20241230_13_00.jpg,ryb_C4_20241230_13_00.jpg,growth_time_series,DS-090|C4|growth_time_series,C4,dataset/acquisition/acquired/DS-090/Hemp_growth/C4,path-derived,whole-plant,273,552,0.4946,207.7993,211.312,204.4124,36.639,34.877,39.4622,209.4806,35.8117,6.6064,134.0741,0.0,0.511,a62f203823a783bc919d82a8f7d0b6c3bba7f26dfc64fdca943a2ebf5b69e0b6,train,public-reference-or-acquired
DS-090,dataset/acquisition/acquired/DS-090/Hemp_growth/C4/ryb_C4_20241230_14_00.jpg,ryb_C4_20241230_14_00.jpg,growth_time_series,DS-090|C4|growth_time_series,C4,dataset/acquisition/acquired/DS-090/Hemp_growth/C4,path-derived,whole-plant,273,552,0.4946,216.2616,220.1909,216.2741,38.9494,36.6067,40.8812,218.5699,37.6758,6.3182,156.1628,0.0,0.6454,a778e260eafae23a259f75740d90fa7aaa7336a6b5f849f3906bc7774590d671,train,public-reference-or-acquired
DS-090,dataset/acquisition/acquired/DS-090/Hemp_growth/C4/ryb_C4_20241230_15_00.jpg,ryb_C4_20241230_15_00.jpg,growth_time_series,DS-090|C4|growth_time_series,C4,dataset/acquisition/acquired/DS-090/Hemp_growth/C4,path-derived,whole-plant,273,552,0.4946,213.7246,217.5815,211.6224,39.1161,36.9075,41.7299,215.7528,37.9921,6.4602,165.52,0.0,0.6063,4df8bfbd9b0f3f9a2e130922a6ccdb39e62209ecc06a11bdfafb454d4290ac77,train,public-reference-or-acquired
DS-090,dataset/acquisition/acquired/DS-090/Hemp_growth/C4/ryb_C4_20241230_16_00.jpg,ryb_C4_20241230_16_00.jpg,growth_time_series,DS-090|C4|growth_time_series,C4,dataset/acquisition/acquired/DS-090/Hemp_growth/C4,path-derived,whole-plant,273,552,0.4946,201.9294,206.8774,206.5368,37.3442,36.9555,40.2369,205.3667,37.369,6.631,159.5662,0.0,0.4237,795f1cb568b8a5f2faaac3641e95f57324b2b84a784185230479b79d26423617,train,public-reference-or-acquired
DS-090,dataset/acquisition/acquired/DS-090/Hemp_growth/C4/ryb_C4_20241230_17_00.jpg,ryb_C4_20241230_17_00.jpg,growth_time_series,DS-090|C4|growth_time_series,C4,dataset/acquisition/acquired/DS-090/Hemp_growth/C4,path-derived,whole-plant,273,552,0.4946,199.4587,203.2636,202.2261,38.0602,36.5818,39.862,202.0014,37.3331,6.6219,164.4492,0.0,0.3462,2c7868964cbed6ce76e076e6a695b95566ec348516e688b7beac39456fdf9907,train,public-reference-or-acquired
DS-090,dataset/acquisition/acquired/DS-090/Hemp_growth/C4/ryb_C4_20241231_08_00.jpg,ryb_C4_20241231_08_00.jpg,growth_time_series,DS-090|C4|growth_time_series,C4,dataset/acquisition/acquired/DS-090/Hemp_growth/C4,path-derived,whole-plant,273,552,0.4946,249.729,249.729,249.729,25.6533,25.6533,25.6533,249.2205,25.6492,0.6859,33.4966,0.0,0.9505,154bd9badd4b1ae281a8224aa22a4617bbaf3fa65485f217f8cd16798137d7c6,train,public-reference-or-acquired
DS-090,dataset/acquisition/acquired/DS-090/Hemp_growth/C4/ryb_C4_20241231_09_00.jpg,ryb_C4_20241231_09_00.jpg,growth_time_series,DS-090|C4|growth_time_series,C4,dataset/acquisition/acquired/DS-090/Hemp_growth/C4,path-derived,whole-plant,273,552,0.4946,219.9873,222.2533,220.2011,40.5569,38.991,41.0563,221.334,39.6511,6.0053,196.3376,0.0,0.7002,305504c0197c95f4b5e1024b5337e751acb3439ab58a19336db0a4a7fba1c785,train,public-reference-or-acquired
DS-090,dataset/acquisition/acquired/DS-090/Hemp_growth/C4/ryb_C4_20241231_10_00.jpg,ryb_C4_20241231_10_00.jpg,growth_time_series,DS-090|C4|growth_time_series,C4,dataset/acquisition/acquired/DS-090/Hemp_growth/C4,path-derived,whole-plant,273,552,0.4946,207.4388,211.2473,210.4231,41.5289,39.4105,43.0297,210.0045,40.3829,6.5864,235.884,0.0,0.5982,4598b301dccb7dc6db4ac7f02865683ceba3119b0d34b70085fd9b3c0d2d4232,train,public-reference-or-acquired
DS-090,dataset/acquisition/acquired/DS-090/Hemp_growth/C4/ryb_C4_20241231_12_00.jpg,ryb_C4_20241231_12_00.jpg,growth_time_series,DS-090|C4|growth_time_series,C4,dataset/acquisition/acquired/DS-090/Hemp_growth/C4,path-derived,whole-plant,273,552,0.4946,202.7686,206.3831,200.1487,37.6841,35.07,40.4396,204.5778,36.3378,6.5582,112.5686,0.0,0.451,ff8f41f6a3c56f046a3556d04c5c1aaf0138774ff108cfeb9972fa2a6523ea3e,train,public-reference-or-acquired
DS-090,dataset/acquisition/acquired/DS-090/Hemp_growth/C4/ryb_C4_20241231_14_00.jpg,ryb_C4_20241231_14_00.jpg,growth_time_series,DS-090|C4|growth_time_series,C4,dataset/acquisition/acquired/DS-090/Hemp_growth/C4,path-derived,whole-plant,273,552,0.4946,208.2888,212.5564,206.5994,39.8351,37.0189,42.1502,210.5958,38.321,6.6297,157.1043,0.0,0.5464,3098926978336374ac97d14468ae30d290d384e50e1df4d19ebd07d9da256549,train,public-reference-or-acquired
DS-090,dataset/acquisition/acquired/DS-090/Hemp_growth/C4/ryb_C4_20241231_16_00.jpg,ryb_C4_20241231_16_00.jpg,growth_time_series,DS-090|C4|growth_time_series,C4,dataset/acquisition/acquired/DS-090/Hemp_growth/C4,path-derived,whole-plant,273,552,0.4946,216.4431,220.5906,211.6386,40.2709,37.3321,42.06,218.3283,38.6323,6.2779,175.9322,0.0,0.6383,86877509e92924b972d37f4ebabc89b3a09cc65a1ce8c55c334efa8ab37707e5,train,public-reference-or-acquired
DS-090,dataset/acquisition/acquired/DS-090/Hemp_growth/C4/ryb_C4_20241231_17_00.jpg,ryb_C4_20241231_17_00.jpg,growth_time_series,DS-090|C4|growth_time_series,C4,dataset/acquisition/acquired/DS-090/Hemp_growth/C4,path-derived,whole-plant,273,552,0.4946,246.7213,247.6396,244.6769,21.4118,20.9581,23.3702,246.6534,21.2475,2.8531,34.6371,0.0,0.9265,26f9fb04fc202bb04baa58c39542a099cc571f170fb2af4d646781f8a0e898f8,train,public-reference-or-acquired
DS-090,dataset/acquisition/acquired/DS-090/Hemp_growth/C5/ryb_C5_20241212_13_40.jpg,ryb_C5_20241212_13_40.jpg,growth_time_series,DS-090|C5|growth_time_series,C5,dataset/acquisition/acquired/DS-090/Hemp_growth/C5,path-derived,whole-plant,273,552,0.4946,237.5949,238.472,240.0278,38.3099,38.1873,38.8995,238.3498,38.2622,4.4579,67.9936,0.0,0.9117,2b892118c42654841fefdda10bbb349afad6b2753d7c394e0f84a81fa3252e1b,val,public-reference-or-acquired
DS-090,dataset/acquisition/acquired/DS-090/Hemp_growth/C5/ryb_C5_20241212_14_00.jpg,ryb_C5_20241212_14_00.jpg,growth_time_series,DS-090|C5|growth_time_series,C5,dataset/acquisition/acquired/DS-090/Hemp_growth/C5,path-derived,whole-plant,273,552,0.4946,239.9094,239.7388,240.3134,38.5345,38.5866,38.7746,239.7412,38.5696,3.6649,68.3879,0.0,0.9178,7f95c8729b4591edfb927f9464711ad77d544a2991ebd7cc5a5b6f2fbddba50a,val,public-reference-or-acquired
DS-090,dataset/acquisition/acquired/DS-090/Hemp_growth/C5/ryb_C5_20241212_15_00.jpg,ryb_C5_20241212_15_00.jpg,growth_time_series,DS-090|C5|growth_time_series,C5,dataset/acquisition/acquired/DS-090/Hemp_growth/C5,path-derived,whole-plant,273,552,0.4946,230.9786,230.8777,233.3621,38.0727,37.8532,38.5403,231.1919,37.9787,5.0161,68.5935,0.0,0.8926,ff86b37626f5c6001d5ad0aff047dc4c17f7d86127aaccdae58766301c7cfab4,val,public-reference-or-acquired
DS-090,dataset/acquisition/acquired/DS-090/Hemp_growth/C5/ryb_C5_20241212_16_00.jpg,ryb_C5_20241212_16_00.jpg,growth_time_series,DS-090|C5|growth_time_series,C5,dataset/acquisition/acquired/DS-090/Hemp_growth/C5,path-derived,whole-plant,273,552,0.4946,241.081,240.7423,239.5772,38.5989,38.5866,38.1608,240.5628,38.5207,3.7794,74.2379,0.0,0.92,e904178f804b4c439a953874496ba2cfc6d00be3dd73fd1fc10a61f99dadaa6d,val,public-reference-or-acquired
DS-090,dataset/acquisition/acquired/DS-090/Hemp_growth/C5/ryb_C5_20241212_17_00.jpg,ryb_C5_20241212_17_00.jpg,growth_time_series,DS-090|C5|growth_time_series,C5,dataset/acquisition/acquired/DS-090/Hemp_growth/C5,path-derived,whole-plant,273,552,0.4946,232.2892,232.1044,235.5985,38.615,38.4262,38.1754,232.5834,38.4309,4.963,74.0084,0.0,0.9026,2f838487193748de316cf43bb1ab7743606876b9767bd9ecfa67e8895414a29d,val,public-reference-or-acquired
DS-090,dataset/acquisition/acquired/DS-090/Hemp_growth/C5/ryb_C5_20241213_08_00.jpg,ryb_C5_20241213_08_00.jpg,growth_time_series,DS-090|C5|growth_time_series,C5,dataset/acquisition/acquired/DS-090/Hemp_growth/C5,path-derived,whole-plant,273,552,0.4946,244.7917,244.9093,244.8293,37.9864,37.8711,37.8896,244.4036,37.8898,1.1969,81.9372,0.0,0.927,704c119913041a9dbe1ebf49cbd03451f6ba133eed28dc2d4a8af90e099feef9,val,public-reference-or-acquired
DS-090,dataset/acquisition/acquired/DS-090/Hemp_growth/C5/ryb_C5_20241213_09_00.jpg,ryb_C5_20241213_09_00.jpg,growth_time_series,DS-090|C5|growth_time_series,C5,dataset/acquisition/acquired/DS-090/Hemp_growth/C5,path-derived,whole-plant,273,552,0.4946,249.2081,248.9036,248.8327,25.2243,26.6358,26.3964,248.5046,26.1321,0.983,54.022,0.0,0.9424,841f1578a58dd3e2ac6834fa36d1a5a1912335d6895122cf7681d37ccf8b9494,val,public-reference-or-acquired
DS-090,dataset/acquisition/acquired/DS-090/Hemp_growth/C5/ryb_C5_20241213_10_00.jpg,ryb_C5_20241213_10_00.jpg,growth_time_series,DS-090|C5|growth_time_series,C5,dataset/acquisition/acquired/DS-090/Hemp_growth/C5,path-derived,whole-plant,273,552,0.4946,245.2521,245.2853,245.0742,36.9924,37.1582,37.5653,244.7854,37.1229,1.1376,81.3772,0.0,0.9277,2e4232b1e8c4d58b6bbfa414327ac40af8c9d8f4a1d1f3eef6d7a89829ebf4b8,val,public-reference-or-acquired
DS-090,dataset/acquisition/acquired/DS-090/Hemp_growth/C5/ryb_C5_20241213_11_00.jpg,ryb_C5_20241213_11_00.jpg,growth_time_series,DS-090|C5|growth_time_series,C5,dataset/acquisition/acquired/DS-090/Hemp_growth/C5,path-derived,whole-plant,273,552,0.4946,244.7006,244.7684,244.4876,38.0901,38.2064,38.7282,244.2765,38.204,1.357,83.1711,0.0,0.9266,1bd59566b57fc8b44da3832d37a34e7824f790b83fe760afe3573977a6c36051,val,public-reference-or-acquired
DS-090,dataset/acquisition/acquired/DS-090/Hemp_growth/C5/ryb_C5_20241213_12_00.jpg,ryb_C5_20241213_12_00.jpg,growth_time_series,DS-090|C5|growth_time_series,C5,dataset/acquisition/acquired/DS-090/Hemp_growth/C5,path-derived,whole-plant,273,552,0.4946,241.0447,241.1872,240.8619,38.9201,38.8788,39.505,240.8958,38.9261,2.9693,78.6875,0.0,0.922,64a4fc3079bb94e15d90545c211d302e8ba8c780ab9358b9e736ac8ee8b9e1c2,val,public-reference-or-acquired
DS-090,dataset/acquisition/acquired/DS-090/Hemp_growth/C5/ryb_C5_20241213_13_00.jpg,ryb_C5_20241213_13_00.jpg,growth_time_series,DS-090|C5|growth_time_series,C5,dataset/acquisition/acquired/DS-090/Hemp_growth/C5,path-derived,whole-plant,273,552,0.4946,244.3351,244.3091,243.2756,37.7981,37.906,38.876,243.8157,37.9571,2.0579,76.4937,0.0,0.9257,16a031853ef29604ee84fca8936d9d23395caa7c35d32a0c35684acc5c66ddf9,val,public-reference-or-acquired
DS-090,dataset/acquisition/acquired/DS-090/Hemp_growth/C5/ryb_C5_20241213_14_00.jpg,ryb_C5_20241213_14_00.jpg,growth_time_series,DS-090|C5|growth_time_series,C5,dataset/acquisition/acquired/DS-090/Hemp_growth/C5,path-derived,whole-plant,273,552,0.4946,244.539,244.5056,243.4326,36.9204,36.9647,37.9857,244.0157,37.0366,2.1374,73.166,0.0,0.9277,1a3a2ac829940acb0cc03c1241f73b40e38ddd69ac4c4a3503d4f625f9e31632,val,public-reference-or-acquired
DS-090,dataset/acquisition/acquired/DS-090/Hemp_growth/C5/ryb_C5_20241213_15_00.jpg,ryb_C5_20241213_15_00.jpg,growth_time_series,DS-090|C5|growth_time_series,C5,dataset/acquisition/acquired/DS-090/Hemp_growth/C5,path-derived,whole-plant,273,552,0.4946,243.8582,243.8385,242.68,37.5715,37.6136,38.472,243.3809,37.6605,2.4092,74.4898,0.0,0.9264,46b2fc4f7c6fbf83c67b42dba16700dca72a7bff329f0802d8354fa2075aaec5,val,public-reference-or-acquired
DS-090,dataset/acquisition/acquired/DS-090/Hemp_growth/C5/ryb_C5_20241213_16_00.jpg,ryb_C5_20241213_16_00.jpg,growth_time_series,DS-090|C5|growth_time_series,C5,dataset/acquisition/acquired/DS-090/Hemp_growth/C5,path-derived,whole-plant,273,552,0.4946,229.3398,230.5175,235.0427,38.6788,38.3312,38.9123,230.6742,38.4781,5.1818,75.0172,0.0,0.9019,badb0dc555ce0cc3e908965b24566ab85042900a469056362f79302bce7427a9,val,public-reference-or-acquired
DS-090,dataset/acquisition/acquired/DS-090/Hemp_growth/C5/ryb_C5_20241213_17_00.jpg,ryb_C5_20241213_17_00.jpg,growth_time_series,DS-090|C5|growth_time_series,C5,dataset/acquisition/acquired/DS-090/Hemp_growth/C5,path-derived,whole-plant,273,552,0.4946,234.0573,234.0428,236.184,39.1705,38.902,39.3034,234.3203,39.0105,4.7966,79.123,0.0,0.9144,bc43e3536e71aa0b40f208e143a3d8a474cee0b758fbc880c5bfed499814bc77,val,public-reference-or-acquired
DS-090,dataset/acquisition/acquired/DS-090/Hemp_growth/C5/ryb_C5_20241214_08_00.jpg,ryb_C5_20241214_08_00.jpg,growth_time_series,DS-090|C5|growth_time_series,C5,dataset/acquisition/acquired/DS-090/Hemp_growth/C5,path-derived,whole-plant,273,552,0.4946,243.9272,244.2286,244.3279,39.4591,38.8132,38.6632,243.6947,38.9646,1.2704,97.3504,0.0,0.9209,3dfda1f3f0bd2d4f63dc0b1ae53746c9e6fc4facdd83e243c7029e1ecdc3e4ee,val,public-reference-or-acquired
DS-090,dataset/acquisition/acquired/DS-090/Hemp_growth/C5/ryb_C5_20241214_09_00.jpg,ryb_C5_20241214_09_00.jpg,growth_time_series,DS-090|C5|growth_time_series,C5,dataset/acquisition/acquired/DS-090/Hemp_growth/C5,path-derived,whole-plant,273,552,0.4946,230.3882,231.2572,233.6314,47.6807,46.8027,45.4391,231.0432,46.8577,3.7242,144.9524,0.0,0.7743,71dbe7b1b0f40d270d0452aea89eada4dc61372fd9c5122f6d0d6adb5e23f1eb,val,public-reference-or-acquired
DS-090,dataset/acquisition/acquired/DS-090/Hemp_growth/C5/ryb_C5_20241214_10_00.jpg,ryb_C5_20241214_10_00.jpg,growth_time_series,DS-090|C5|growth_time_series,C5,dataset/acquisition/acquired/DS-090/Hemp_growth/C5,path-derived,whole-plant,273,552,0.4946,219.9719,220.0641,222.3416,40.2016,39.4335,40.4979,220.3094,39.7607,5.0171,99.7372,0.0,0.817,8a4e1d5fbdac223f2c608701e975b27dee7394f844894a5d8ad3a593151c616c,val,public-reference-or-acquired
DS-090,dataset/acquisition/acquired/DS-090/Hemp_growth/C5/ryb_C5_20241214_11_00.jpg,ryb_C5_20241214_11_00.jpg,growth_time_series,DS-090|C5|growth_time_series,C5,dataset/acquisition/acquired/DS-090/Hemp_growth/C5,path-derived,whole-plant,273,552,0.4946,242.4985,242.7589,242.2771,40.4256,39.8909,40.956,242.2933,40.1339,2.127,98.6168,0.0,0.916,70ed29ebba8bac17f8aa667b38ccb6d944045d82dd59d061423639f3a7581eac,val,public-reference-or-acquired
DS-090,dataset/acquisition/acquired/DS-090/Hemp_growth/C5/ryb_C5_20241214_12_00.jpg,ryb_C5_20241214_12_00.jpg,growth_time_series,DS-090|C5|growth_time_series,C5,dataset/acquisition/acquired/DS-090/Hemp_growth/C5,path-derived,whole-plant,273,552,0.4946,241.8564,242.0576,242.0874,39.2303,38.9611,39.8579,241.7476,39.0943,2.6512,83.2273,0.0,0.9182,8ed556f0d825ad85c38e19da0cf88dba5b3182a7bcfa139b1c73b6931511d4cb,val,public-reference-or-acquired
DS-090,dataset/acquisition/acquired/DS-090/Hemp_growth/C5/ryb_C5_20241214_13_00.jpg,ryb_C5_20241214_13_00.jpg,growth_time_series,DS-090|C5|growth_time_series,C5,dataset/acquisition/acquired/DS-090/Hemp_growth/C5,path-derived,whole-plant,273,552,0.4946,242.6344,243.0364,242.3931,38.915,38.5498,40.2493,242.5228,38.7845,2.324,82.4176,0.0,0.9202,98b8d5d01b7461042ce65c20359529213b7a6244db5c81aba29228e9094e02c1,val,public-reference-or-acquired
DS-090,dataset/acquisition/acquired/DS-090/Hemp_growth/C5/ryb_C5_20241214_14_00.jpg,ryb_C5_20241214_14_00.jpg,growth_time_series,DS-090|C5|growth_time_series,C5,dataset/acquisition/acquired/DS-090/Hemp_growth/C5,path-derived,whole-plant,273,552,0.4946,238.6249,238.8416,238.2929,39.8485,39.5775,40.7464,238.6373,39.7616,3.6964,72.1576,0.0,0.911,38c64ab3efab066d64859dae69ae823b4bff6752ce1e4e0a1f9f1f3f8afcf524,val,public-reference-or-acquired
DS-090,dataset/acquisition/acquired/DS-090/Hemp_growth/C5/ryb_C5_20241214_15_00.jpg,ryb_C5_20241214_15_00.jpg,growth_time_series,DS-090|C5|growth_time_series,C5,dataset/acquisition/acquired/DS-090/Hemp_growth/C5,path-derived,whole-plant,273,552,0.4946,232.4865,232.6081,234.5913,39.3583,38.888,39.7988,232.817,39.0994,4.9656,70.734,0.0,0.9024,ab1d1b3b8f410222b785a4ee926f9f413e4c0dfada5e1d0866aa0c43e6c8f73c,val,public-reference-or-acquired
DS-090,dataset/acquisition/acquired/DS-090/Hemp_growth/C5/ryb_C5_20241214_16_00.jpg,ryb_C5_20241214_16_00.jpg,growth_time_series,DS-090|C5|growth_time_series,C5,dataset/acquisition/acquired/DS-090/Hemp_growth/C5,path-derived,whole-plant,273,552,0.4946,234.5657,235.208,237.345,39.2936,39.1604,39.8256,235.2695,39.2537,5.0491,84.4931,0.0,0.9112,2292d27fe94d388bff89892474553e945bf79454183180b9d86dd471c422b809,val,public-reference-or-acquired
DS-090,dataset/acquisition/acquired/DS-090/Hemp_growth/C5/ryb_C5_20241214_17_00.jpg,ryb_C5_20241214_17_00.jpg,growth_time_series,DS-090|C5|growth_time_series,C5,dataset/acquisition/acquired/DS-090/Hemp_growth/C5,path-derived,whole-plant,273,552,0.4946,228.8263,227.4878,231.0211,39.2396,38.6944,39.4702,228.2733,38.9216,5.0123,91.1611,0.0,0.8829,d6e2e7d0d334f0d02330366be1c2467efdc55a8262b9633f4f972cf8452650ed,val,public-reference-or-acquired
DS-090,dataset/acquisition/acquired/DS-090/Hemp_growth/C5/ryb_C5_20241215_09_00.jpg,ryb_C5_20241215_09_00.jpg,growth_time_series,DS-090|C5|growth_time_series,C5,dataset/acquisition/acquired/DS-090/Hemp_growth/C5,path-derived,whole-plant,273,552,0.4946,227.7264,229.0435,232.1523,48.8098,47.4718,45.6475,228.8076,47.6007,4.1035,147.6053,0.0001,0.7477,613e6eebca9131c325195cd78b812fd2c6aca079ce1306afafe761759fbdb36d,val,public-reference-or-acquired
DS-090,dataset/acquisition/acquired/DS-090/Hemp_growth/C5/ryb_C5_20241215_10_00.jpg,ryb_C5_20241215_10_00.jpg,growth_time_series,DS-090|C5|growth_time_series,C5,dataset/acquisition/acquired/DS-090/Hemp_growth/C5,path-derived,whole-plant,273,552,0.4946,219.6375,219.9253,218.9527,40.6952,40.1495,40.9151,219.716,40.378,5.1557,111.1275,0.0,0.7901,a707164a64bc8c44d600b7ece674df9aa0618506d3bf0fc6eba495baef71bcfb,val,public-reference-or-acquired
DS-090,dataset/acquisition/acquired/DS-090/Hemp_growth/C5/ryb_C5_20241215_11_00.jpg,ryb_C5_20241215_11_00.jpg,growth_time_series,DS-090|C5|growth_time_series,C5,dataset/acquisition/acquired/DS-090/Hemp_growth/C5,path-derived,whole-plant,273,552,0.4946,242.1516,242.4551,241.9776,40.8988,40.4625,41.4878,241.9461,40.666,2.0484,108.7512,0.0,0.9109,7701d14abbca357e6976f6924ac384500011a03965bef0330d50cbc93f46aca5,val,public-reference-or-acquired
DS-090,dataset/acquisition/acquired/DS-090/Hemp_growth/C5/ryb_C5_20241215_12_00.jpg,ryb_C5_20241215_12_00.jpg,growth_time_series,DS-090|C5|growth_time_series,C5,dataset/acquisition/acquired/DS-090/Hemp_growth/C5,path-derived,whole-plant,273,552,0.4946,240.3922,240.732,239.9902,40.1579,39.8267,41.221,240.3239,40.0286,2.8823,102.4834,0.0,0.9106,2ca47e2909c0fc610665acb12b2e76f230f0cfa1bad62e9032fa6a0690131cc9,val,public-reference-or-acquired
DS-090,dataset/acquisition/acquired/DS-090/Hemp_growth/C5/ryb_C5_20241215_13_00.jpg,ryb_C5_20241215_13_00.jpg,growth_time_series,DS-090|C5|growth_time_series,C5,dataset/acquisition/acquired/DS-090/Hemp_growth/C5,path-derived,whole-plant,273,552,0.4946,230.7188,231.2298,231.9119,38.1791,37.3504,40.3686,231.1556,37.8475,5.0932,84.7198,0.0,0.8948,344955037f7e20c3b97b72cfc38edf899a995be06e7355902b0ff5855e949811,val,public-reference-or-acquired
DS-090,dataset/acquisition/acquired/DS-090/Hemp_growth/C5/ryb_C5_20241215_15_00.jpg,ryb_C5_20241215_15_00.jpg,growth_time_series,DS-090|C5|growth_time_series,C5,dataset/acquisition/acquired/DS-090/Hemp_growth/C5,path-derived,whole-plant,273,552,0.4946,231.0786,231.2756,233.2593,40.3341,39.7333,40.7068,231.4583,39.9999,5.0763,98.18,0.0,0.8826,f1fb442d1c06d7ec5ae5a010204cc1a42b403a8ba9df337f7ee0272f39129894,val,public-reference-or-acquired
DS-090,dataset/acquisition/acquired/DS-090/Hemp_growth/C5/ryb_C5_20241215_17_00.jpg,ryb_C5_20241215_17_00.jpg,growth_time_series,DS-090|C5|growth_time_series,C5,dataset/acquisition/acquired/DS-090/Hemp_growth/C5,path-derived,whole-plant,273,552,0.4946,223.6924,224.9194,228.4064,39.3006,38.9464,39.7033,224.9458,39.1172,5.2593,97.9647,0.0,0.8407,27aa5d475fd6fe838d39cc68c4fe9ee7d44c11df7df70712f788fc92c5e52de6,val,public-reference-or-acquired
DS-090,dataset/acquisition/acquired/DS-090/Hemp_growth/C5/ryb_C5_20241216_09_00.jpg,ryb_C5_20241216_09_00.jpg,growth_time_series,DS-090|C5|growth_time_series,C5,dataset/acquisition/acquired/DS-090/Hemp_growth/C5,path-derived,whole-plant,273,552,0.4946,228.8996,230.017,233.0692,47.2178,46.0078,44.3247,229.8234,46.1149,4.0949,149.4801,0.0,0.7527,8465b6014782537c8510c4539bf2952de628a2a43026fa63fb37209a06214f8e,val,public-reference-or-acquired
DS-090,dataset/acquisition/acquired/DS-090/Hemp_growth/C5/ryb_C5_20241216_10_00.jpg,ryb_C5_20241216_10_00.jpg,growth_time_series,DS-090|C5|growth_time_series,C5,dataset/acquisition/acquired/DS-090/Hemp_growth/C5,path-derived,whole-plant,273,552,0.4946,237.9715,238.3768,238.3548,43.5378,42.7502,43.185,238.072,43.0092,3.2979,132.634,0.0,0.9046,c9466794832654217f6718bfbc4580af47a12a4276d9f92c474a8ab87036136a,val,public-reference-or-acquired
DS-090,dataset/acquisition/acquired/DS-090/Hemp_growth/C5/ryb_C5_20241216_11_00.jpg,ryb_C5_20241216_11_00.jpg,growth_time_series,DS-090|C5|growth_time_series,C5,dataset/acquisition/acquired/DS-090/Hemp_growth/C5,path-derived,whole-plant,273,552,0.4946,235.7735,237.0151,237.9594,42.8737,41.9614,43.1278,236.709,42.3222,4.4115,131.8769,0.0,0.902,aa740dfd3c3a3968e47cd77be7767f53840d958ca95b7fd23beb4c2b658d97fc,val,public-reference-or-acquired
DS-090,dataset/acquisition/acquired/DS-090/Hemp_growth/C5/ryb_C5_20241216_12_00.jpg,ryb_C5_20241216_12_00.jpg,growth_time_series,DS-090|C5|growth_time_series,C5,dataset/acquisition/acquired/DS-090/Hemp_growth/C5,path-derived,whole-plant,273,552,0.4946,238.5358,239.0148,237.5501,41.2004,40.4221,42.2904,238.5329,40.7988,3.5474,117.2729,0.0,0.9049,cbb0b177eb50ffebb621f6481a803474977818f73a4b293ead8fcd53eb643f12,val,public-reference-or-acquired
DS-090,dataset/acquisition/acquired/DS-090/Hemp_growth/C5/ryb_C5_20241216_13_00.jpg,ryb_C5_20241216_13_00.jpg,growth_time_series,DS-090|C5|growth_time_series,C5,dataset/acquisition/acquired/DS-090/Hemp_growth/C5,path-derived,whole-plant,273,552,0.4946,226.7755,228.7183,229.5414,37.8862,37.3188,40.2822,228.216,37.7382,5.6082,86.8694,0.0,0.848,35243995558d79a4cc68e560506f4d4314abaf5055682ba2896637d955263f3f,val,public-reference-or-acquired
DS-090,dataset/acquisition/acquired/DS-090/Hemp_growth/C5/ryb_C5_20241216_14_00.jpg,ryb_C5_20241216_14_00.jpg,growth_time_series,DS-090|C5|growth_time_series,C5,dataset/acquisition/acquired/DS-090/Hemp_growth/C5,path-derived,whole-plant,273,552,0.4946,236.9503,236.8014,235.5286,40.547,40.222,41.4922,236.6373,40.4234,4.3629,87.6407,0.0,0.8927,59392ff44a50b6c4b483abe36356aa72f55c98e09023b830b7841909c55f0512,val,public-reference-or-acquired
DS-090,dataset/acquisition/acquired/DS-090/Hemp_growth/C5/ryb_C5_20241216_15_00.jpg,ryb_C5_20241216_15_00.jpg,growth_time_series,DS-090|C5|growth_time_series,C5,dataset/acquisition/acquired/DS-090/Hemp_growth/C5,path-derived,whole-plant,273,552,0.4946,218.9368,219.1658,221.1555,38.5812,37.8549,39.1889,219.3307,38.1993,5.2164,100.5317,0.0,0.7669,5cb7493b1db1766def49da90a8dbe08ff87f1ca1a745fc3b26561e47dcf88a4e,val,public-reference-or-acquired
DS-090,dataset/acquisition/acquired/DS-090/Hemp_growth/C5/ryb_C5_20241216_16_00.jpg,ryb_C5_20241216_16_00.jpg,growth_time_series,DS-090|C5|growth_time_series,C5,dataset/acquisition/acquired/DS-090/Hemp_growth/C5,path-derived,whole-plant,273,552,0.4946,221.8333,222.5602,225.3988,39.5911,39.1266,40.1252,222.6669,39.3617,5.4472,112.7072,0.0,0.8115,c75ad47ca5ca735450834f16178f1c7ca5e707fdfda2b105548a821314df0030,val,public-reference-or-acquired
DS-090,dataset/acquisition/acquired/DS-090/Hemp_growth/C5/ryb_C5_20241216_17_00.jpg,ryb_C5_20241216_17_00.jpg,growth_time_series,DS-090|C5|growth_time_series,C5,dataset/acquisition/acquired/DS-090/Hemp_growth/C5,path-derived,whole-plant,273,552,0.4946,220.2549,220.2839,222.7417,39.5012,38.998,39.7588,220.584,39.2188,5.0844,111.2188,0.0,0.7965,9f57f13ef64b02feed63d291e8f5e0f0435e0b173c6b83d5f00bfba658fb43d2,val,public-reference-or-acquired
DS-090,dataset/acquisition/acquired/DS-090/Hemp_growth/C5/ryb_C5_20241217_08_00.jpg,ryb_C5_20241217_08_00.jpg,growth_time_series,DS-090|C5|growth_time_series,C5,dataset/acquisition/acquired/DS-090/Hemp_growth/C5,path-derived,whole-plant,273,552,0.4946,242.7014,242.9731,242.2817,39.5528,39.4778,40.4116,242.4326,39.564,1.8253,87.6713,0.0,0.9113,2d754e07a232441c64edb8eeae3b011c90b7f270eafaef82dffa1d6229c011a8,val,public-reference-or-acquired
DS-090,dataset/acquisition/acquired/DS-090/Hemp_growth/C5/ryb_C5_20241217_09_00.jpg,ryb_C5_20241217_09_00.jpg,growth_time_series,DS-090|C5|growth_time_series,C5,dataset/acquisition/acquired/DS-090/Hemp_growth/C5,path-derived,whole-plant,273,552,0.4946,242.1036,242.2004,240.7811,39.6189,39.5615,41.0418,241.6605,39.7096,2.2603,117.4087,0.0,0.9096,c95d65d117a132ad250861d84b24126205e60532df16a60303bc4ca02e19bf96,val,public-reference-or-acquired
DS-090,dataset/acquisition/acquired/DS-090/Hemp_growth/C5/ryb_C5_20241217_10_00.jpg,ryb_C5_20241217_10_00.jpg,growth_time_series,DS-090|C5|growth_time_series,C5,dataset/acquisition/acquired/DS-090/Hemp_growth/C5,path-derived,whole-plant,273,552,0.4946,240.5028,240.7775,239.2344,40.4579,40.0454,41.5831,240.261,40.2936,2.9903,119.0619,0.0,0.9088,e7de6e62f118999308407bff5a08c893462cdb8e33f8e7da53473787c810d58d,val,public-reference-or-acquired
DS-090,dataset/acquisition/acquired/DS-090/Hemp_growth/C5/ryb_C5_20241217_11_00.jpg,ryb_C5_20241217_11_00.jpg,growth_time_series,DS-090|C5|growth_time_series,C5,dataset/acquisition/acquired/DS-090/Hemp_growth/C5,path-derived,whole-plant,273,552,0.4946,241.7216,242.053,240.1383,39.8433,39.4331,41.7013,241.4036,39.7496,2.4612,117.3142,0.0,0.909,83d85d01a990da4a7ca3a376756f35fb8600081f695989239613941c8efdc6e1,val,public-reference-or-acquired
DS-090,dataset/acquisition/acquired/DS-090/Hemp_growth/C5/ryb_C5_20241217_12_00.jpg,ryb_C5_20241217_12_00.jpg,growth_time_series,DS-090|C5|growth_time_series,C5,dataset/acquisition/acquired/DS-090/Hemp_growth/C5,path-derived,whole-plant,273,552,0.4946,232.0266,233.3464,232.6841,42.0957,41.594,42.9837,232.8911,41.8633,5.2244,128.1973,0.0,0.8766,f6df1c00c9835f2eb3ffd9d0f1cbe04fd9a5ae549d5eb0e53e1e86c3ef70f6b4,val,public-reference-or-acquired
DS-090,dataset/acquisition/acquired/DS-090/Hemp_growth/C5/ryb_C5_20241217_13_00.jpg,ryb_C5_20241217_13_00.jpg,growth_time_series,DS-090|C5|growth_time_series,C5,dataset/acquisition/acquired/DS-090/Hemp_growth/C5,path-derived,whole-plant,273,552,0.4946,228.4901,228.9219,229.7511,38.7174,38.1323,41.0618,228.8725,38.5628,5.2472,103.7024,0.0,0.8484,5f988608d72cbb44efd40ab16d11dcf8cb6eebbe673a1b7549d7d1d17fe37a3d,val,public-reference-or-acquired
DS-090,dataset/acquisition/acquired/DS-090/Hemp_growth/C5/ryb_C5_20241217_14_00.jpg,ryb_C5_20241217_14_00.jpg,growth_time_series,DS-090|C5|growth_time_series,C5,dataset/acquisition/acquired/DS-090/Hemp_growth/C5,path-derived,whole-plant,273,552,0.4946,226.8186,227.0637,228.7569,39.7748,39.3827,41.2384,227.1591,39.6777,5.2746,119.1666,0.0,0.8433,da184c2523dba4b89206c30bf28b7f2809f096ade3f542fb8292b5f66351a950,val,public-reference-or-acquired
DS-090,dataset/acquisition/acquired/DS-090/Hemp_growth/C5/ryb_C5_20241217_15_00.jpg,ryb_C5_20241217_15_00.jpg,growth_time_series,DS-090|C5|growth_time_series,C5,dataset/acquisition/acquired/DS-090/Hemp_growth/C5,path-derived,whole-plant,273,552,0.4946,239.7318,239.8659,239.0042,40.4218,39.5617,41.1305,239.5496,39.9436,3.2771,117.0069,0.0,0.9051,f4e29c814fa0d820a4cc8004b6543d9e1d18fc7bd4df566129f85368f33e750a,val,public-reference-or-acquired
DS-090,dataset/acquisition/acquired/DS-090/Hemp_growth/C5/ryb_C5_20241217_16_00.jpg,ryb_C5_20241217_16_00.jpg,growth_time_series,DS-090|C5|growth_time_series,C5,dataset/acquisition/acquired/DS-090/Hemp_growth/C5,path-derived,whole-plant,273,552,0.4946,232.7755,232.6759,228.9533,42.0356,40.8285,41.385,232.2965,41.2189,5.2818,126.2577,0.0,0.8645,55ffd4a4c2061f7ce08891e698ab287e49b066cfcb0e42fa5d36ebe9088f5201,val,public-reference-or-acquired
DS-090,dataset/acquisition/acquired/DS-090/Hemp_growth/C5/ryb_C5_20241217_17_00.jpg,ryb_C5_20241217_17_00.jpg,growth_time_series,DS-090|C5|growth_time_series,C5,dataset/acquisition/acquired/DS-090/Hemp_growth/C5,path-derived,whole-plant,273,552,0.4946,223.7361,222.0645,225.1018,40.1114,39.0022,41.0459,222.9041,39.5379,5.2166,121.7286,0.0,0.8089,a08deb62e629ede65aef88377340c068c41e4342e0ac0f9c6fe524a9f01cfe7d,val,public-reference-or-acquired
DS-090,dataset/acquisition/acquired/DS-090/Hemp_growth/C5/ryb_C5_20241218_08_00.jpg,ryb_C5_20241218_08_00.jpg,growth_time_series,DS-090|C5|growth_time_series,C5,dataset/acquisition/acquired/DS-090/Hemp_growth/C5,path-derived,whole-plant,273,552,0.4946,240.934,241.1712,240.7342,42.3599,41.5613,42.1584,240.7143,41.8474,2.2507,145.2959,0.0,0.9043,1b28795127bb0b58a3d5359a9181972a17a493cc00014b0d292c54a456cd7bf0,val,public-reference-or-acquired
DS-090,dataset/acquisition/acquired/DS-090/Hemp_growth/C5/ryb_C5_20241218_09_00.jpg,ryb_C5_20241218_09_00.jpg,growth_time_series,DS-090|C5|growth_time_series,C5,dataset/acquisition/acquired/DS-090/Hemp_growth/C5,path-derived,whole-plant,273,552,0.4946,230.2296,232.1336,234.9665,45.5584,44.3034,44.4239,231.7012,44.5951,4.3947,172.968,0.0,0.7995,e29eb7575ff012785751716052ada2040f72651fdcd593298ced251986dda82c,val,public-reference-or-acquired
DS-090,dataset/acquisition/acquired/DS-090/Hemp_growth/C5/ryb_C5_20241218_10_00.jpg,ryb_C5_20241218_10_00.jpg,growth_time_series,DS-090|C5|growth_time_series,C5,dataset/acquisition/acquired/DS-090/Hemp_growth/C5,path-derived,whole-plant,273,552,0.4946,232.9528,233.3875,232.0074,44.1943,43.0695,44.3758,233.0949,43.5257,4.9403,151.1614,0.0,0.864,3ea4e29e36e2672e4f6159b54c598488d7b57552b1a1a27d0871ca30f4a146c7,val,public-reference-or-acquired
DS-090,dataset/acquisition/acquired/DS-090/Hemp_growth/C5/ryb_C5_20241218_11_00.jpg,ryb_C5_20241218_11_00.jpg,growth_time_series,DS-090|C5|growth_time_series,C5,dataset/acquisition/acquired/DS-090/Hemp_growth/C5,path-derived,whole-plant,273,552,0.4946,238.1153,239.0964,238.7351,43.5468,42.2437,43.4101,238.5237,42.7165,3.0566,158.119,0.0,0.8984,befb0cbc54a4166cbdad7143aec121604c735523dec6da8cb432455bb1f0cfbb,val,public-reference-or-acquired
DS-090,dataset/acquisition/acquired/DS-090/Hemp_growth/C5/ryb_C5_20241218_12_00.jpg,ryb_C5_20241218_12_00.jpg,growth_time_series,DS-090|C5|growth_time_series,C5,dataset/acquisition/acquired/DS-090/Hemp_growth/C5,path-derived,whole-plant,273,552,0.4946,238.3986,238.8501,236.2122,41.8636,41.0371,43.6412,238.2103,41.5137,3.4441,143.6823,0.0,0.8967,bd20aeed2d9291b594f93363e64f773e1f315292090c727f2368f47678814ba8,val,public-reference-or-acquired
DS-090,dataset/acquisition/acquired/DS-090/Hemp_growth/C5/ryb_C5_20241218_13_00.jpg,ryb_C5_20241218_13_00.jpg,growth_time_series,DS-090|C5|growth_time_series,C5,dataset/acquisition/acquired/DS-090/Hemp_growth/C5,path-derived,whole-plant,273,552,0.4946,229.64,231.4469,231.6922,39.4725,38.4431,42.1463,230.9457,39.0716,5.4203,107.879,0.0,0.8589,745c68652e081fd55a09862d4f41d60e100ed93036f037787b7e339cf49ce3e5,val,public-reference-or-acquired
DS-090,dataset/acquisition/acquired/DS-090/Hemp_growth/C5/ryb_C5_20241218_14_00.jpg,ryb_C5_20241218_14_00.jpg,growth_time_series,DS-090|C5|growth_time_series,C5,dataset/acquisition/acquired/DS-090/Hemp_growth/C5,path-derived,whole-plant,273,552,0.4946,236.8289,236.4172,234.6595,39.7776,39.2375,41.5591,236.3215,39.5939,4.7321,94.9459,0.0,0.8872,0d2e6cca43000a03089d27b390ea38eec315faadadfaddb8081ab5f62ff749ee,val,public-reference-or-acquired
DS-090,dataset/acquisition/acquired/DS-090/Hemp_growth/C5/ryb_C5_20241218_15_00.jpg,ryb_C5_20241218_15_00.jpg,growth_time_series,DS-090|C5|growth_time_series,C5,dataset/acquisition/acquired/DS-090/Hemp_growth/C5,path-derived,whole-plant,273,552,0.4946,239.666,240.0113,237.7927,40.3937,39.6785,41.6896,239.4279,40.0641,3.273,125.9497,0.0,0.901,8065b198bb0ec5703bdfd282469e0e2dfaf36eacc81b3f5b23f17281d89f8375,val,public-reference-or-acquired
DS-090,dataset/acquisition/acquired/DS-090/Hemp_growth/C5/ryb_C5_20241218_16_00.jpg,ryb_C5_20241218_16_00.jpg,growth_time_series,DS-090|C5|growth_time_series,C5,dataset/acquisition/acquired/DS-090/Hemp_growth/C5,path-derived,whole-plant,273,552,0.4946,227.235,225.9935,225.0715,40.0423,38.8004,40.7782,226.2541,39.3377,5.419,121.1662,0.0,0.8347,247cba615e1bae5de826d338796c3151ed88d83a36f74d33d6c7a587357c255d,val,public-reference-or-acquired
DS-090,dataset/acquisition/acquired/DS-090/Hemp_growth/C5/ryb_C5_20241218_17_00.jpg,ryb_C5_20241218_17_00.jpg,growth_time_series,DS-090|C5|growth_time_series,C5,dataset/acquisition/acquired/DS-090/Hemp_growth/C5,path-derived,whole-plant,273,552,0.4946,222.8249,221.252,221.3678,39.9797,38.5375,39.9768,221.7487,39.0991,5.414,122.7032,0.0,0.799,d2cf3a09a334caa55df8a001c262b1038cd80c8f374783fc620a2889dba8d806,val,public-reference-or-acquired
DS-090,dataset/acquisition/acquired/DS-090/Hemp_growth/C5/ryb_C5_20241219_08_00.jpg,ryb_C5_20241219_08_00.jpg,growth_time_series,DS-090|C5|growth_time_series,C5,dataset/acquisition/acquired/DS-090/Hemp_growth/C5,path-derived,whole-plant,273,552,0.4946,243.0177,242.8762,242.0712,38.264,38.5596,39.0166,242.4412,38.4939,1.974,81.3126,0.0,0.9039,d5a2720a1ec493350ec221b71c3c86c0a1275185d0f31b191678cfa1104f555a,val,public-reference-or-acquired
DS-090,dataset/acquisition/acquired/DS-090/Hemp_growth/C5/ryb_C5_20241219_09_00.jpg,ryb_C5_20241219_09_00.jpg,growth_time_series,DS-090|C5|growth_time_series,C5,dataset/acquisition/acquired/DS-090/Hemp_growth/C5,path-derived,whole-plant,273,552,0.4946,238.8806,239.6415,238.5057,42.7726,41.6706,43.1167,239.0373,42.1174,2.9488,155.5401,0.0,0.8979,bb06880533ac26ec360e2004a2dfb22883417e3b9baaae633a07d9464b1423a8,val,public-reference-or-acquired
DS-090,dataset/acquisition/acquired/DS-090/Hemp_growth/C5/ryb_C5_20241219_10_00.jpg,ryb_C5_20241219_10_00.jpg,growth_time_series,DS-090|C5|growth_time_series,C5,dataset/acquisition/acquired/DS-090/Hemp_growth/C5,path-derived,whole-plant,273,552,0.4946,232.326,232.192,232.9514,42.082,41.29,43.0778,232.3279,41.677,5.1875,136.5657,0.0,0.8523,4e4b1657a36b52b6f60f060a2e5c9c4fc2fe30bac321b3ff1629c64ae0231dc0,val,public-reference-or-acquired
DS-090,dataset/acquisition/acquired/DS-090/Hemp_growth/C5/ryb_C5_20241219_11_00.jpg,ryb_C5_20241219_11_00.jpg,growth_time_series,DS-090|C5|growth_time_series,C5,dataset/acquisition/acquired/DS-090/Hemp_growth/C5,path-derived,whole-plant,273,552,0.4946,241.2593,241.3608,239.3656,39.4055,39.4121,41.2693,240.8002,39.5552,2.7155,128.4742,0.0,0.9026,28f5c5d95b03fd4b65fa1a518d72607cbb71c23cb70c849cacf615995c7d904b,val,public-reference-or-acquired
DS-090,dataset/acquisition/acquired/DS-090/Hemp_growth/C5/ryb_C5_20241219_12_00.jpg,ryb_C5_20241219_12_00.jpg,growth_time_series,DS-090|C5|growth_time_series,C5,dataset/acquisition/acquired/DS-090/Hemp_growth/C5,path-derived,whole-plant,273,552,0.4946,241.0993,241.6147,239.6754,40.3173,39.5746,41.9244,240.9095,39.9993,2.4817,138.798,0.0,0.9022,355ce6a5af3ea7c645d6d1fd688d86d4b8410463c1e65f5fedc295bcc8763a71,val,public-reference-or-acquired
DS-090,dataset/acquisition/acquired/DS-090/Hemp_growth/C5/ryb_C5_20241219_13_00.jpg,ryb_C5_20241219_13_00.jpg,growth_time_series,DS-090|C5|growth_time_series,C5,dataset/acquisition/acquired/DS-090/Hemp_growth/C5,path-derived,whole-plant,273,552,0.4946,237.7269,238.227,236.1797,41.9052,41.4819,43.8404,237.6526,41.8083,3.4395,128.6817,0.0,0.8879,b48bbc1ab5c95a1fc282683b0c91d5a72740c63aa9939a66eb8ce0ddb12ebb9c,val,public-reference-or-acquired
DS-090,dataset/acquisition/acquired/DS-090/Hemp_growth/C5/ryb_C5_20241219_14_00.jpg,ryb_C5_20241219_14_00.jpg,growth_time_series,DS-090|C5|growth_time_series,C5,dataset/acquisition/acquired/DS-090/Hemp_growth/C5,path-derived,whole-plant,273,552,0.4946,230.0426,231.6581,231.7065,42.5971,41.914,43.9521,231.1977,42.2787,5.346,163.0881,0.0,0.8458,c2f7fcbaea7203264526a2a9173f386e82ab529ab898dded1b1c6bb6771fc20f,val,public-reference-or-acquired
DS-090,dataset/acquisition/acquired/DS-090/Hemp_growth/C5/ryb_C5_20241219_15_00.jpg,ryb_C5_20241219_15_00.jpg,growth_time_series,DS-090|C5|growth_time_series,C5,dataset/acquisition/acquired/DS-090/Hemp_growth/C5,path-derived,whole-plant,273,552,0.4946,236.0336,235.6298,234.7326,42.8901,42.6099,44.1007,235.6136,42.7991,4.1858,176.0148,0.0,0.8793,1ef3c24003ab068e06fe33702c773ad60a9656b28050f444afcff37295fcc052,val,public-reference-or-acquired
DS-090,dataset/acquisition/acquired/DS-090/Hemp_growth/C5/ryb_C5_20241219_16_00.jpg,ryb_C5_20241219_16_00.jpg,growth_time_series,DS-090|C5|growth_time_series,C5,dataset/acquisition/acquired/DS-090/Hemp_growth/C5,path-derived,whole-plant,273,552,0.4946,234.7864,234.1019,233.6513,43.4228,43.1282,44.3006,234.2269,43.294,4.6755,182.1024,0.0,0.8661,25628320a7a578d1303d036691f95864b16ebeabfff6eded1a78c99c67db9b76,val,public-reference-or-acquired
DS-090,dataset/acquisition/acquired/DS-090/Hemp_growth/C5/ryb_C5_20241219_17_00.jpg,ryb_C5_20241219_17_00.jpg,growth_time_series,DS-090|C5|growth_time_series,C5,dataset/acquisition/acquired/DS-090/Hemp_growth/C5,path-derived,whole-plant,273,552,0.4946,231.0798,231.1258,233.2758,43.5439,42.9502,44.2805,231.3476,43.222,5.1409,185.8894,0.0,0.8467,ae8beb625b11f89e006f1778319c3144b48617a02151a755d61ccbf738e6a893,val,public-reference-or-acquired
DS-090,dataset/acquisition/acquired/DS-090/Hemp_growth/C5/ryb_C5_20241220_08_00.jpg,ryb_C5_20241220_08_00.jpg,growth_time_series,DS-090|C5|growth_time_series,C5,dataset/acquisition/acquired/DS-090/Hemp_growth/C5,path-derived,whole-plant,273,552,0.4946,239.5203,240.2348,240.5399,44.4644,43.1635,42.3674,239.6663,43.4224,1.9382,206.9446,0.0,0.8853,cbb5db9d453323b967a3e748d539d1d06584316b35e23b19646916556301b125,val,public-reference-or-acquired
DS-090,dataset/acquisition/acquired/DS-090/Hemp_growth/C5/ryb_C5_20241220_09_00.jpg,ryb_C5_20241220_09_00.jpg,growth_time_series,DS-090|C5|growth_time_series,C5,dataset/acquisition/acquired/DS-090/Hemp_growth/C5,path-derived,whole-plant,273,552,0.4946,230.3424,231.2134,232.3985,51.156,50.1787,49.7888,230.8528,50.3946,3.5914,263.9421,0.0001,0.8156,4cc15f6fe48a2ae6779c14f4f261ce3a6e2f756594aa3125d38e5922ba7349d9,val,public-reference-or-acquired
DS-090,dataset/acquisition/acquired/DS-090/Hemp_growth/C5/ryb_C5_20241220_10_00.jpg,ryb_C5_20241220_10_00.jpg,growth_time_series,DS-090|C5|growth_time_series,C5,dataset/acquisition/acquired/DS-090/Hemp_growth/C5,path-derived,whole-plant,273,552,0.4946,235.4289,236.4342,236.1717,45.6312,44.4319,45.8021,235.9121,44.8943,3.4614,204.353,0.0,0.8702,d3b994b6ce4e4b2535d28dffecca5146b89da09b3ff67ff842f97850b7c7a790,val,public-reference-or-acquired
DS-090,dataset/acquisition/acquired/DS-090/Hemp_growth/C5/ryb_C5_20241220_11_00.jpg,ryb_C5_20241220_11_00.jpg,growth_time_series,DS-090|C5|growth_time_series,C5,dataset/acquisition/acquired/DS-090/Hemp_growth/C5,path-derived,whole-plant,273,552,0.4946,237.4343,238.057,236.8753,43.2371,42.6393,44.4301,237.5001,42.9725,3.1396,168.0317,0.0,0.887,51d39b3d9862d84410306fed74aee5a5451bf75f0a5b220ac899482a32fa51fb,val,public-reference-or-acquired
DS-090,dataset/acquisition/acquired/DS-090/Hemp_growth/C5/ryb_C5_20241220_12_00.jpg,ryb_C5_20241220_12_00.jpg,growth_time_series,DS-090|C5|growth_time_series,C5,dataset/acquisition/acquired/DS-090/Hemp_growth/C5,path-derived,whole-plant,273,552,0.4946,235.8808,236.7402,235.7263,43.811,42.4348,44.237,236.1876,42.9946,3.4804,170.3234,0.0,0.8821,2ad5711455102fc7979c2b31b26b4438e886fda2fc313315eca66bc9679e17a2,val,public-reference-or-acquired
DS-090,dataset/acquisition/acquired/DS-090/Hemp_growth/C5/ryb_C5_20241220_13_00.jpg,ryb_C5_20241220_13_00.jpg,growth_time_series,DS-090|C5|growth_time_series,C5,dataset/acquisition/acquired/DS-090/Hemp_growth/C5,path-derived,whole-plant,273,552,0.4946,228.2853,230.6152,231.978,41.352,39.9024,43.2755,230.0969,40.6108,5.5348,131.6971,0.0001,0.8327,de7271298390cdab2ec4682c7ec7b8ff85b2c82dcadd31f874e70ebf948a1cb2,val,public-reference-or-acquired
DS-090,dataset/acquisition/acquired/DS-090/Hemp_growth/C5/ryb_C5_20241220_14_00.jpg,ryb_C5_20241220_14_00.jpg,growth_time_series,DS-090|C5|growth_time_series,C5,dataset/acquisition/acquired/DS-090/Hemp_growth/C5,path-derived,whole-plant,273,552,0.4946,230.3058,230.6605,231.0284,41.4869,40.8458,42.7465,230.6358,41.212,5.2902,135.4114,0.0,0.8342,99eb60ec08b3855515555eb199f4299518c30a2853bc61f4ffd0dfa9ab88c8b7,val,public-reference-or-acquired
DS-090,dataset/acquisition/acquired/DS-090/Hemp_growth/C5/ryb_C5_20241220_15_00.jpg,ryb_C5_20241220_15_00.jpg,growth_time_series,DS-090|C5|growth_time_series,C5,dataset/acquisition/acquired/DS-090/Hemp_growth/C5,path-derived,whole-plant,273,552,0.4946,225.3797,226.0345,228.1564,42.6508,41.8488,43.0182,226.0603,42.1914,5.4134,158.4866,0.0,0.8026,0116bcdde4d58ce523bb6fad5daf0f7f4761e1fd9c566ddea1df2640093b2a72,val,public-reference-or-acquired
DS-090,dataset/acquisition/acquired/DS-090/Hemp_growth/C5/ryb_C5_20241220_16_00.jpg,ryb_C5_20241220_16_00.jpg,growth_time_series,DS-090|C5|growth_time_series,C5,dataset/acquisition/acquired/DS-090/Hemp_growth/C5,path-derived,whole-plant,273,552,0.4946,229.8482,230.1491,229.89,43.8186,43.3628,43.9154,230.0453,43.546,5.0372,166.7868,0.0,0.8272,9d227c523414c136aac720147d3e15402fc44fa1af934da560c35aa79fb88d41,val,public-reference-or-acquired
DS-090,dataset/acquisition/acquired/DS-090/Hemp_growth/C5/ryb_C5_20241220_17_00.jpg,ryb_C5_20241220_17_00.jpg,growth_time_series,DS-090|C5|growth_time_series,C5,dataset/acquisition/acquired/DS-090/Hemp_growth/C5,path-derived,whole-plant,273,552,0.4946,222.9323,223.217,224.2093,42.6221,42.0421,42.5908,223.2135,42.2593,5.5591,169.0445,0.0,0.7786,b2d272ccfe32df6a0330666c401c5d11d710cb45c20f744986527bee2a2e9e97,val,public-reference-or-acquired
DS-090,dataset/acquisition/acquired/DS-090/Hemp_growth/C5/ryb_C5_20241221_08_00.jpg,ryb_C5_20241221_08_00.jpg,growth_time_series,DS-090|C5|growth_time_series,C5,dataset/acquisition/acquired/DS-090/Hemp_growth/C5,path-derived,whole-plant,273,552,0.4946,239.2611,240.0068,239.9654,44.9248,43.6251,43.5232,239.4162,43.9709,2.0782,213.7353,0.0,0.8848,865b809b1112a53e75039f09a1e91d26f16ed19c8293a0a2ecdcea40b80ce1b1,val,public-reference-or-acquired
DS-090,dataset/acquisition/acquired/DS-090/Hemp_growth/C5/ryb_C5_20241221_09_00.jpg,ryb_C5_20241221_09_00.jpg,growth_time_series,DS-090|C5|growth_time_series,C5,dataset/acquisition/acquired/DS-090/Hemp_growth/C5,path-derived,whole-plant,273,552,0.4946,228.6661,230.4818,232.0056,52.4746,50.7244,49.8948,229.8766,51.1005,3.5456,255.9793,0.0,0.8012,91c693b9040dbd110cd43a933499f84f3d5cf80bf5a4c67547059381d6b213ce,val,public-reference-or-acquired
DS-090,dataset/acquisition/acquired/DS-090/Hemp_growth/C5/ryb_C5_20241221_10_00.jpg,ryb_C5_20241221_10_00.jpg,growth_time_series,DS-090|C5|growth_time_series,C5,dataset/acquisition/acquired/DS-090/Hemp_growth/C5,path-derived,whole-plant,273,552,0.4946,232.3014,233.2903,233.5313,45.2973,43.6968,46.1738,232.9307,44.3829,4.8707,205.0787,0.0,0.8482,2abfacfad05facb8f22cbde5595ddd274526dcd7972e27febcd6ce5f22779c9c,val,public-reference-or-acquired
DS-090,dataset/acquisition/acquired/DS-090/Hemp_growth/C5/ryb_C5_20241221_11_00.jpg,ryb_C5_20241221_11_00.jpg,growth_time_series,DS-090|C5|growth_time_series,C5,dataset/acquisition/acquired/DS-090/Hemp_growth/C5,path-derived,whole-plant,273,552,0.4946,234.2006,235.2963,234.2167,46.1861,44.6266,46.7168,234.6884,45.2718,3.6281,211.1888,0.0,0.8719,54e608200476979459a746a2e6349a40bc6396068202709bd034eff2d5437310,val,public-reference-or-acquired
DS-090,dataset/acquisition/acquired/DS-090/Hemp_growth/C5/ryb_C5_20241221_12_00.jpg,ryb_C5_20241221_12_00.jpg,growth_time_series,DS-090|C5|growth_time_series,C5,dataset/acquisition/acquired/DS-090/Hemp_growth/C5,path-derived,whole-plant,273,552,0.4946,235.7924,236.8241,235.7585,44.3319,42.9184,45.2813,236.2119,43.5291,3.4257,188.7572,0.0,0.8755,d6326baf0bbaaa306579cde7c477b33b4fb1e165012316b474fc589ac440c29c,val,public-reference-or-acquired
DS-090,dataset/acquisition/acquired/DS-090/Hemp_growth/C5/ryb_C5_20241221_13_00.jpg,ryb_C5_20241221_13_00.jpg,growth_time_series,DS-090|C5|growth_time_series,C5,dataset/acquisition/acquired/DS-090/Hemp_growth/C5,path-derived,whole-plant,273,552,0.4946,231.6777,234.1989,232.4804,42.3945,40.8339,44.5345,233.2185,41.5818,5.0852,148.3283,0.0,0.851,6dc64e063f5b0a5e079670e9ab6ae5c62759a1f4febf8e7c7763fef8ce1fbcac,val,public-reference-or-acquired
DS-090,dataset/acquisition/acquired/DS-090/Hemp_growth/C5/ryb_C5_20241221_14_00.jpg,ryb_C5_20241221_14_00.jpg,growth_time_series,DS-090|C5|growth_time_series,C5,dataset/acquisition/acquired/DS-090/Hemp_growth/C5,path-derived,whole-plant,273,552,0.4946,229.1526,229.8571,229.7215,41.9471,41.0871,43.6552,229.6477,41.5813,5.3978,125.5467,0.0,0.8169,a5023cf85cf016aa6d279598e6d887c60e31745d091d6857d8c529b71ff23340,val,public-reference-or-acquired
DS-090,dataset/acquisition/acquired/DS-090/Hemp_growth/C5/ryb_C5_20241221_15_00.jpg,ryb_C5_20241221_15_00.jpg,growth_time_series,DS-090|C5|growth_time_series,C5,dataset/acquisition/acquired/DS-090/Hemp_growth/C5,path-derived,whole-plant,273,552,0.4946,224.274,224.9958,226.8465,43.5163,42.5309,43.9664,224.9794,42.9576,5.5154,180.3115,0.0,0.7877,97b069dc364621642354eddc834260b2af0fcdb022c65ecb7011d3d848a4d6aa,val,public-reference-or-acquired
DS-090,dataset/acquisition/acquired/DS-090/Hemp_growth/C5/ryb_C5_20241221_16_00.jpg,ryb_C5_20241221_16_00.jpg,growth_time_series,DS-090|C5|growth_time_series,C5,dataset/acquisition/acquired/DS-090/Hemp_growth/C5,path-derived,whole-plant,273,552,0.4946,226.4688,226.9981,227.8951,44.5416,43.7145,44.92,226.9775,44.0774,5.3963,194.2155,0.0,0.8042,5de3fa3cb49d54f784c0fc5906cf70cba65c50b7e0ec1db155898eaa4e93660d,val,public-reference-or-acquired
DS-090,dataset/acquisition/acquired/DS-090/Hemp_growth/C5/ryb_C5_20241221_17_00.jpg,ryb_C5_20241221_17_00.jpg,growth_time_series,DS-090|C5|growth_time_series,C5,dataset/acquisition/acquired/DS-090/Hemp_growth/C5,path-derived,whole-plant,273,552,0.4946,226.4112,226.9892,228.4717,44.7133,43.8702,44.8965,227.0142,44.2131,5.4399,198.0248,0.0,0.8054,0649720e5f674ac7a067d23096cfb2eb9fe9106be7c0a08557f9408c7db2d8e8,val,public-reference-or-acquired
DS-090,dataset/acquisition/acquired/DS-090/Hemp_growth/C5/ryb_C5_20241222_08_00.jpg,ryb_C5_20241222_08_00.jpg,growth_time_series,DS-090|C5|growth_time_series,C5,dataset/acquisition/acquired/DS-090/Hemp_growth/C5,path-derived,whole-plant,273,552,0.4946,239.5704,240.3215,240.2707,44.2822,42.9625,43.0059,239.7187,43.3245,1.9997,216.5554,0.0,0.8851,4a1c7691f816d693c8691e60adeea4b6aa8df34863df7beeac38dd51fc52eec9,val,public-reference-or-acquired
DS-090,dataset/acquisition/acquired/DS-090/Hemp_growth/C5/ryb_C5_20241222_09_00.jpg,ryb_C5_20241222_09_00.jpg,growth_time_series,DS-090|C5|growth_time_series,C5,dataset/acquisition/acquired/DS-090/Hemp_growth/C5,path-derived,whole-plant,273,552,0.4946,224.8006,226.224,227.3898,54.2006,52.5784,52.2351,225.7518,52.9817,3.9481,263.2272,0.0,0.7485,4a5ea7c4a2c0f43d321cd14a750d18ea11598eb21033caf8087c1220ff2175e4,val,public-reference-or-acquired
DS-090,dataset/acquisition/acquired/DS-090/Hemp_growth/C5/ryb_C5_20241222_10_00.jpg,ryb_C5_20241222_10_00.jpg,growth_time_series,DS-090|C5|growth_time_series,C5,dataset/acquisition/acquired/DS-090/Hemp_growth/C5,path-derived,whole-plant,273,552,0.4946,232.4354,233.1094,233.001,44.2833,43.1255,45.4899,232.7924,43.6657,4.9763,220.0254,0.0,0.8432,eb6fded643f5f5c4bfdd36496f30e7b2018b8a59f4c2f4226bf3c0bd7db0cba4,val,public-reference-or-acquired
DS-090,dataset/acquisition/acquired/DS-090/Hemp_growth/C5/ryb_C5_20241222_11_00.jpg,ryb_C5_20241222_11_00.jpg,growth_time_series,DS-090|C5|growth_time_series,C5,dataset/acquisition/acquired/DS-090/Hemp_growth/C5,path-derived,whole-plant,273,552,0.4946,236.3054,237.5339,236.4758,45.1814,43.421,45.3455,236.8202,44.0997,3.1144,200.0163,0.0,0.8735,3d779c03af229b332d1ce2b09d04031026963234e8795a4b2f906d3724c97808,val,public-reference-or-acquired
DS-090,dataset/acquisition/acquired/DS-090/Hemp_growth/C5/ryb_C5_20241222_12_00.jpg,ryb_C5_20241222_12_00.jpg,growth_time_series,DS-090|C5|growth_time_series,C5,dataset/acquisition/acquired/DS-090/Hemp_growth/C5,path-derived,whole-plant,273,552,0.4946,235.1701,236.0069,235.029,43.6797,42.626,44.6566,235.4927,43.1061,3.6718,180.8279,0.0,0.8717,2c22b88050f7db7ec597d15a9c37cad2fe81e420dd3e5e508105afadaed844fb,val,public-reference-or-acquired
DS-090,dataset/acquisition/acquired/DS-090/Hemp_growth/C5/ryb_C5_20241222_13_00.jpg,ryb_C5_20241222_13_00.jpg,growth_time_series,DS-090|C5|growth_time_series,C5,dataset/acquisition/acquired/DS-090/Hemp_growth/C5,path-derived,whole-plant,273,552,0.4946,230.0844,232.1917,229.673,42.1703,41.0374,44.8903,231.2447,41.6837,5.3459,150.7521,0.0,0.8175,67f1a0697c3da31e26e4db8fcb5a81de3bc06eb26a5cbc7131158a2c86526b7b,val,public-reference-or-acquired
DS-090,dataset/acquisition/acquired/DS-090/Hemp_growth/C5/ryb_C5_20241222_14_00.jpg,ryb_C5_20241222_14_00.jpg,growth_time_series,DS-090|C5|growth_time_series,C5,dataset/acquisition/acquired/DS-090/Hemp_growth/C5,path-derived,whole-plant,273,552,0.4946,231.8539,231.767,229.1566,42.7735,42.1157,44.8186,231.4802,42.5538,5.0428,170.6424,0.0,0.8256,ccb40570447edc9a1efde99a60d6ec426014075f72054afa29a114d4515c5a56,val,public-reference-or-acquired
DS-090,dataset/acquisition/acquired/DS-090/Hemp_growth/C5/ryb_C5_20241222_15_00.jpg,ryb_C5_20241222_15_00.jpg,growth_time_series,DS-090|C5|growth_time_series,C5,dataset/acquisition/acquired/DS-090/Hemp_growth/C5,path-derived,whole-plant,273,552,0.4946,231.7493,231.6394,230.5463,44.5309,43.8162,45.6048,231.5163,44.1937,4.6263,205.1736,0.0,0.8458,2099ab0bf34c5e51449a429a305d40af537dd0d1d176a83e07389cb43bdd5689,val,public-reference-or-acquired
DS-090,dataset/acquisition/acquired/DS-090/Hemp_growth/C5/ryb_C5_20241222_16_00.jpg,ryb_C5_20241222_16_00.jpg,growth_time_series,DS-090|C5|growth_time_series,C5,dataset/acquisition/acquired/DS-090/Hemp_growth/C5,path-derived,whole-plant,273,552,0.4946,221.4659,221.8374,222.5616,44.0768,43.3458,45.0305,221.8069,43.7306,5.5608,207.0421,0.0,0.7437,7c903cad540821b57ea4da4cc83afd648432332fb7d4c9e70985f6300762e3a4,val,public-reference-or-acquired
DS-090,dataset/acquisition/acquired/DS-090/Hemp_growth/C5/ryb_C5_20241222_17_00.jpg,ryb_C5_20241222_17_00.jpg,growth_time_series,DS-090|C5|growth_time_series,C5,dataset/acquisition/acquired/DS-090/Hemp_growth/C5,path-derived,whole-plant,273,552,0.4946,224.9681,225.5595,226.6919,45.2313,44.3331,45.7571,225.5273,44.736,5.5453,208.9753,0.0,0.7844,a9e1efb3a41ac811b948ef6ac681b1ac2172db8c84ded8f7a001eaa7faebdd9d,val,public-reference-or-acquired
DS-090,dataset/acquisition/acquired/DS-090/Hemp_growth/C5/ryb_C5_20241223_08_00.jpg,ryb_C5_20241223_08_00.jpg,growth_time_series,DS-090|C5|growth_time_series,C5,dataset/acquisition/acquired/DS-090/Hemp_growth/C5,path-derived,whole-plant,273,552,0.4946,238.3775,238.9938,238.5187,45.5529,44.4578,45.0333,238.4125,44.8212,2.29,239.4107,0.0,0.8765,92128c8a7a75dfc357fe4372cdf41badc46a95d7c10cf214f1eb6a81968d8094,val,public-reference-or-acquired
DS-090,dataset/acquisition/acquired/DS-090/Hemp_growth/C5/ryb_C5_20241223_09_00.jpg,ryb_C5_20241223_09_00.jpg,growth_time_series,DS-090|C5|growth_time_series,C5,dataset/acquisition/acquired/DS-090/Hemp_growth/C5,path-derived,whole-plant,273,552,0.4946,223.3491,225.3074,226.6171,53.5828,51.6621,51.5111,224.7296,52.1695,4.1175,256.6473,0.0,0.722,dba8e6ae0a9730dd171f12cea7881e1bea0313aa22e4bc41a169e5fb5a95de96,val,public-reference-or-acquired
DS-090,dataset/acquisition/acquired/DS-090/Hemp_growth/C5/ryb_C5_20241223_10_00.jpg,ryb_C5_20241223_10_00.jpg,growth_time_series,DS-090|C5|growth_time_series,C5,dataset/acquisition/acquired/DS-090/Hemp_growth/C5,path-derived,whole-plant,273,552,0.4946,231.341,232.6182,231.4755,44.9349,43.3473,46.4203,232.009,44.0817,5.0386,237.6548,0.0,0.8287,d76a27c939aac1c43e6b1318b345613f72d62926e9e80dbc211c1e0599506d4f,val,public-reference-or-acquired
DS-090,dataset/acquisition/acquired/DS-090/Hemp_growth/C5/ryb_C5_20241223_11_00.jpg,ryb_C5_20241223_11_00.jpg,growth_time_series,DS-090|C5|growth_time_series,C5,dataset/acquisition/acquired/DS-090/Hemp_growth/C5,path-derived,whole-plant,273,552,0.4946,233.8971,235.0572,233.7442,46.5179,44.7787,47.5048,234.3656,45.5273,3.4314,241.1983,0.0,0.8564,2bebdaa26adf1270b477f280aa273a0dc0a50904897ca38825a4ce75c79cf980,val,public-reference-or-acquired
DS-090,dataset/acquisition/acquired/DS-090/Hemp_growth/C5/ryb_C5_20241223_12_00.jpg,ryb_C5_20241223_12_00.jpg,growth_time_series,DS-090|C5|growth_time_series,C5,dataset/acquisition/acquired/DS-090/Hemp_growth/C5,path-derived,whole-plant,273,552,0.4946,235.7892,237.1081,234.421,44.2276,42.4244,46.1558,236.1956,43.2725,3.3518,211.1635,0.0,0.8636,748651067cd48d53c59ac9dc95a0bc310cfbf4de2174d73af299dfcba167cd24,val,public-reference-or-acquired
DS-090,dataset/acquisition/acquired/DS-090/Hemp_growth/C5/ryb_C5_20241223_13_00.jpg,ryb_C5_20241223_13_00.jpg,growth_time_series,DS-090|C5|growth_time_series,C5,dataset/acquisition/acquired/DS-090/Hemp_growth/C5,path-derived,whole-plant,273,552,0.4946,227.214,230.5674,228.7082,43.5233,41.4334,45.8969,229.3311,42.4097,5.5264,174.8053,0.0,0.799,37fe111bbb0f0d22b4580587b1f45fabacbed9e980a5883901396710886b3f69,val,public-reference-or-acquired
DS-090,dataset/acquisition/acquired/DS-090/Hemp_growth/C5/ryb_C5_20241223_14_00.jpg,ryb_C5_20241223_14_00.jpg,growth_time_series,DS-090|C5|growth_time_series,C5,dataset/acquisition/acquired/DS-090/Hemp_growth/C5,path-derived,whole-plant,273,552,0.4946,228.5919,229.3845,227.2371,44.7186,43.9107,46.6299,228.9012,44.4004,4.9724,185.6926,0.0,0.7938,7473506c5941f09b6d97bcc0e154529d59fc2356c42e1305b4f2672c2ed933ad,val,public-reference-or-acquired
DS-090,dataset/acquisition/acquired/DS-090/Hemp_growth/C5/ryb_C5_20241223_15_00.jpg,ryb_C5_20241223_15_00.jpg,growth_time_series,DS-090|C5|growth_time_series,C5,dataset/acquisition/acquired/DS-090/Hemp_growth/C5,path-derived,whole-plant,273,552,0.4946,220.3257,221.7108,220.0924,44.4986,43.1155,45.0852,221.1189,43.7051,5.6939,176.429,0.0,0.7144,f8a854c760b84a293299602e93e714379576649e7e7e0e3510241ca83b79f012,val,public-reference-or-acquired
DS-090,dataset/acquisition/acquired/DS-090/Hemp_growth/C5/ryb_C5_20241223_16_00.jpg,ryb_C5_20241223_16_00.jpg,growth_time_series,DS-090|C5|growth_time_series,C5,dataset/acquisition/acquired/DS-090/Hemp_growth/C5,path-derived,whole-plant,273,552,0.4946,217.8101,219.8532,221.4041,45.209,44.1927,46.491,219.4324,44.7225,5.9188,221.9057,0.0,0.6928,df2180be56ea8e04080394dd7fe4594fb5036f052e17cb268c9fe6d12483b191,val,public-reference-or-acquired
DS-090,dataset/acquisition/acquired/DS-090/Hemp_growth/C5/ryb_C5_20241223_17_00.jpg,ryb_C5_20241223_17_00.jpg,growth_time_series,DS-090|C5|growth_time_series,C5,dataset/acquisition/acquired/DS-090/Hemp_growth/C5,path-derived,whole-plant,273,552,0.4946,221.2763,222.8902,224.6379,45.6235,44.3912,45.9723,222.6185,44.8986,5.7416,215.5261,0.0,0.7443,c8bf95a2f0d7018d21682ccdbf022368d9927dbe30ba3a6475e3e4981f54bb6f,val,public-reference-or-acquired
DS-090,dataset/acquisition/acquired/DS-090/Hemp_growth/C5/ryb_C5_20241224_08_00.jpg,ryb_C5_20241224_08_00.jpg,growth_time_series,DS-090|C5|growth_time_series,C5,dataset/acquisition/acquired/DS-090/Hemp_growth/C5,path-derived,whole-plant,273,552,0.4946,237.5364,238.485,238.331,46.2496,44.7916,45.0286,237.8409,45.2226,2.3656,261.0827,0.0,0.8702,1f1278536d3746a8a789c1980263ef07e698d08cc05b8f29c8f8c473d1bc413d,val,public-reference-or-acquired
DS-090,dataset/acquisition/acquired/DS-090/Hemp_growth/C5/ryb_C5_20241224_09_00.jpg,ryb_C5_20241224_09_00.jpg,growth_time_series,DS-090|C5|growth_time_series,C5,dataset/acquisition/acquired/DS-090/Hemp_growth/C5,path-derived,whole-plant,273,552,0.4946,219.9568,222.8615,224.4633,53.8539,51.2499,51.085,222.0479,51.9381,4.4618,257.067,0.0,0.6791,b0a6828f88ed405f5d69f9bcb2ae404837c36a531d8cae0d9137a752da04ecdc,val,public-reference-or-acquired
DS-090,dataset/acquisition/acquired/DS-090/Hemp_growth/C5/ryb_C5_20241224_10_00.jpg,ryb_C5_20241224_10_00.jpg,growth_time_series,DS-090|C5|growth_time_series,C5,dataset/acquisition/acquired/DS-090/Hemp_growth/C5,path-derived,whole-plant,273,552,0.4946,229.0318,230.9621,230.9808,45.3374,43.9117,47.4446,230.2671,44.6234,5.2757,262.173,0.0,0.8015,a15320b9c3d676c6a988dd1204558f15bde60a43f239e94daa3e2398f42f2f35,val,public-reference-or-acquired
DS-090,dataset/acquisition/acquired/DS-090/Hemp_growth/C5/ryb_C5_20241224_11_00.jpg,ryb_C5_20241224_11_00.jpg,growth_time_series,DS-090|C5|growth_time_series,C5,dataset/acquisition/acquired/DS-090/Hemp_growth/C5,path-derived,whole-plant,273,552,0.4946,229.3222,231.0383,228.8857,48.5705,46.3995,49.8505,230.1956,47.3421,4.2914,271.5856,0.0,0.8302,82dc7f0bebef16c291e0190210933456c965a8254effff1c16a450be73af79e4,val,public-reference-or-acquired
DS-090,dataset/acquisition/acquired/DS-090/Hemp_growth/C5/ryb_C5_20241224_12_00.jpg,ryb_C5_20241224_12_00.jpg,growth_time_series,DS-090|C5|growth_time_series,C5,dataset/acquisition/acquired/DS-090/Hemp_growth/C5,path-derived,whole-plant,273,552,0.4946,231.7822,233.5244,231.7851,45.6479,43.4595,46.8572,232.6929,44.3713,4.0654,207.1881,0.0,0.8429,70bd65459ffa490b7b290d49561a365d97127cca801528acef0e7494d9e37e37,val,public-reference-or-acquired
DS-090,dataset/acquisition/acquired/DS-090/Hemp_growth/C5/ryb_C5_20241224_13_00.jpg,ryb_C5_20241224_13_00.jpg,growth_time_series,DS-090|C5|growth_time_series,C5,dataset/acquisition/acquired/DS-090/Hemp_growth/C5,path-derived,whole-plant,273,552,0.4946,222.781,226.4009,223.6397,43.3322,41.1885,46.8293,225.0038,42.2655,5.9266,158.1833,0.0,0.7441,c50f82ad32433f57362c94607af865fec0385f8bbb112e3f93718eb038d7bfdf,val,public-reference-or-acquired
DS-090,dataset/acquisition/acquired/DS-090/Hemp_growth/C5/ryb_C5_20241224_14_00.jpg,ryb_C5_20241224_14_00.jpg,growth_time_series,DS-090|C5|growth_time_series,C5,dataset/acquisition/acquired/DS-090/Hemp_growth/C5,path-derived,whole-plant,273,552,0.4946,224.8329,226.1032,223.7935,43.64,42.2682,46.1419,225.4562,43.0235,5.6519,161.2843,0.0,0.75,911a4421eac3698c2169d0a9933d576c7e305344e786023f00d8299dd55f3211,val,public-reference-or-acquired
DS-090,dataset/acquisition/acquired/DS-090/Hemp_growth/C5/ryb_C5_20241224_15_00.jpg,ryb_C5_20241224_15_00.jpg,growth_time_series,DS-090|C5|growth_time_series,C5,dataset/acquisition/acquired/DS-090/Hemp_growth/C5,path-derived,whole-plant,273,552,0.4946,219.2585,220.8089,221.5259,45.9849,44.5449,47.2843,220.4324,45.2309,5.9294,234.8911,0.0,0.7083,2dde8803492ce49dd26a5527e91ce4a9da4b5d2d1b7aba51e196a241c67956da,val,public-reference-or-acquired
DS-090,dataset/acquisition/acquired/DS-090/Hemp_growth/C5/ryb_C5_20241224_16_00.jpg,ryb_C5_20241224_16_00.jpg,growth_time_series,DS-090|C5|growth_time_series,C5,dataset/acquisition/acquired/DS-090/Hemp_growth/C5,path-derived,whole-plant,273,552,0.4946,221.6127,222.9778,222.5247,47.1038,45.6029,48.0448,222.5117,46.2785,5.7514,234.3314,0.0,0.7297,4c5db5d34bd3a4de3c39509a5d09ee597191945334ef1f1b4e4f8ce25299cc61,val,public-reference-or-acquired
DS-090,dataset/acquisition/acquired/DS-090/Hemp_growth/C5/ryb_C5_20241224_17_00.jpg,ryb_C5_20241224_17_00.jpg,growth_time_series,DS-090|C5|growth_time_series,C5,dataset/acquisition/acquired/DS-090/Hemp_growth/C5,path-derived,whole-plant,273,552,0.4946,219.3769,220.1008,219.8212,46.7657,45.5844,47.556,219.8531,46.1239,5.8328,235.1521,0.0,0.6957,55447b48827b467888f723724e9101c3faa3a61f2472ad5bf5f6480f20572a0e,val,public-reference-or-acquired
DS-090,dataset/acquisition/acquired/DS-090/Hemp_growth/C5/ryb_C5_20241225_08_00.jpg,ryb_C5_20241225_08_00.jpg,growth_time_series,DS-090|C5|growth_time_series,C5,dataset/acquisition/acquired/DS-090/Hemp_growth/C5,path-derived,whole-plant,273,552,0.4946,236.1253,236.9664,236.3203,47.4801,45.9958,46.6868,236.3146,46.4734,2.5668,290.093,0.0,0.857,0b7c737452d96c89dbfa12a0401c722a5c39dd1e01e5d8f8f423332e009d44f8,val,public-reference-or-acquired
DS-090,dataset/acquisition/acquired/DS-090/Hemp_growth/C5/ryb_C5_20241225_09_00.jpg,ryb_C5_20241225_09_00.jpg,growth_time_series,DS-090|C5|growth_time_series,C5,dataset/acquisition/acquired/DS-090/Hemp_growth/C5,path-derived,whole-plant,273,552,0.4946,216.887,220.4817,222.5106,54.6613,51.5619,51.5219,219.528,52.3903,4.7511,289.659,0.0001,0.6526,3df962baa20c0b225dd6126852684e451d0ca7d9c8881979e030af250fd95f1c,val,public-reference-or-acquired
DS-090,dataset/acquisition/acquired/DS-090/Hemp_growth/C5/ryb_C5_20241225_11_00.jpg,ryb_C5_20241225_11_00.jpg,growth_time_series,DS-090|C5|growth_time_series,C5,dataset/acquisition/acquired/DS-090/Hemp_growth/C5,path-derived,whole-plant,273,552,0.4946,229.3274,231.3908,229.8087,48.7909,46.3676,49.375,230.4705,47.3396,4.1789,297.1418,0.0,0.8279,a123e00b82103f3deb84e90faba73534ee49d911700a4f2dcf48c983ff525525,val,public-reference-or-acquired
DS-090,dataset/acquisition/acquired/DS-090/Hemp_growth/C5/ryb_C5_20241225_13_00.jpg,ryb_C5_20241225_13_00.jpg,growth_time_series,DS-090|C5|growth_time_series,C5,dataset/acquisition/acquired/DS-090/Hemp_growth/C5,path-derived,whole-plant,273,552,0.4946,223.2541,226.9909,223.354,44.5528,42.1142,48.0939,225.4559,43.3094,5.8251,207.0369,0.0,0.7449,ee10fd7b65b8d3c7ac15d8b423d7d1fd0f38c3a893becb366ab27fc633bc67c9,val,public-reference-or-acquired
DS-090,dataset/acquisition/acquired/DS-090/Hemp_growth/C5/ryb_C5_20241225_14_00.jpg,ryb_C5_20241225_14_00.jpg,growth_time_series,DS-090|C5|growth_time_series,C5,dataset/acquisition/acquired/DS-090/Hemp_growth/C5,path-derived,whole-plant,273,552,0.4946,219.2704,221.5456,219.3047,44.0453,41.9131,46.9489,220.6152,42.958,5.9668,188.5237,0.0,0.703,2a031345a0b0fef1dee1ab3dc69144b7e1905fb33fa0f428f5898b7088d4834f,val,public-reference-or-acquired
DS-090,dataset/acquisition/acquired/DS-090/Hemp_growth/C5/ryb_C5_20241225_15_00.jpg,ryb_C5_20241225_15_00.jpg,growth_time_series,DS-090|C5|growth_time_series,C5,dataset/acquisition/acquired/DS-090/Hemp_growth/C5,path-derived,whole-plant,273,552,0.4946,228.6754,229.6295,226.9697,47.4441,45.9611,48.8555,228.9845,46.6713,4.5233,271.1011,0.0,0.823,50301dde249109bc6724c0fa5c255248c7212480dc9ed4b96d94223b7f8bfdb9,val,public-reference-or-acquired
DS-090,dataset/acquisition/acquired/DS-090/Hemp_growth/C5/ryb_C5_20241225_16_00.jpg,ryb_C5_20241225_16_00.jpg,growth_time_series,DS-090|C5|growth_time_series,C5,dataset/acquisition/acquired/DS-090/Hemp_growth/C5,path-derived,whole-plant,273,552,0.4946,210.4589,212.8064,216.0506,46.2813,44.8141,47.8614,212.4709,45.5416,6.0361,269.5572,0.0,0.5843,8002c37ff63ac0b362c1166b674123a39e0e208e5711eec65d7fa38bf37f5155,val,public-reference-or-acquired
DS-090,dataset/acquisition/acquired/DS-090/Hemp_growth/C5/ryb_C5_20241226_09_00.jpg,ryb_C5_20241226_09_00.jpg,growth_time_series,DS-090|C5|growth_time_series,C5,dataset/acquisition/acquired/DS-090/Hemp_growth/C5,path-derived,whole-plant,273,552,0.4946,244.4811,245.0865,243.6543,31.1257,31.3003,32.6226,244.3557,31.2852,2.1252,124.9952,0.0,0.8918,92543fd280abe02921c19604900eb49f449363fec45b9e4c0f5d44fff1619f2b,val,public-reference-or-acquired
DS-090,dataset/acquisition/acquired/DS-090/Hemp_growth/C5/ryb_C5_20241226_10_00.jpg,ryb_C5_20241226_10_00.jpg,growth_time_series,DS-090|C5|growth_time_series,C5,dataset/acquisition/acquired/DS-090/Hemp_growth/C5,path-derived,whole-plant,273,552,0.4946,234.2232,235.1513,231.5508,44.4724,43.3463,46.2465,234.2772,43.9486,3.8159,253.5178,0.0,0.8482,02e272c9439e4a951f93b92725989a14b008c9603ef5504e841e139a993b8e40,val,public-reference-or-acquired
DS-090,dataset/acquisition/acquired/DS-090/Hemp_growth/C5/ryb_C5_20241226_12_00.jpg,ryb_C5_20241226_12_00.jpg,growth_time_series,DS-090|C5|growth_time_series,C5,dataset/acquisition/acquired/DS-090/Hemp_growth/C5,path-derived,whole-plant,273,552,0.4946,229.1715,230.3592,225.6615,45.9293,44.6103,48.5469,229.4097,45.3497,4.6588,254.3176,0.0,0.8025,58df0917ce11dfd61c9cfba95f683e9f7eb981930157e6c9bc617d8346fea37a,val,public-reference-or-acquired
DS-090,dataset/acquisition/acquired/DS-090/Hemp_growth/C5/ryb_C5_20241226_13_00.jpg,ryb_C5_20241226_13_00.jpg,growth_time_series,DS-090|C5|growth_time_series,C5,dataset/acquisition/acquired/DS-090/Hemp_growth/C5,path-derived,whole-plant,273,552,0.4946,234.5513,236.5908,232.4066,43.82,41.7709,46.468,235.2813,42.7731,3.5888,223.4072,0.0,0.8423,4ebcc4847b3baa221fe77a460f77c34ac6b46a5d319bbd8df03f4b277596f9f8,val,public-reference-or-acquired
DS-090,dataset/acquisition/acquired/DS-090/Hemp_growth/C5/ryb_C5_20241226_14_00.jpg,ryb_C5_20241226_14_00.jpg,growth_time_series,DS-090|C5|growth_time_series,C5,dataset/acquisition/acquired/DS-090/Hemp_growth/C5,path-derived,whole-plant,273,552,0.4946,230.389,231.2955,226.1386,45.0517,43.9437,48.0194,230.372,44.637,4.6413,222.1219,0.0,0.8223,2e64a61d7e1aa39714c87087a5b054b8d65b0470a94d9adccd0dbc5bcda7d55f,val,public-reference-or-acquired
DS-090,dataset/acquisition/acquired/DS-090/Hemp_growth/C5/ryb_C5_20241226_17_00.jpg,ryb_C5_20241226_17_00.jpg,growth_time_series,DS-090|C5|growth_time_series,C5,dataset/acquisition/acquired/DS-090/Hemp_growth/C5,path-derived,whole-plant,273,552,0.4946,212.3874,213.8304,214.5773,47.7756,46.5462,48.7444,213.4784,47.1222,6.1317,314.8415,0.0,0.5961,e5bd2ef343f8c5776b407f185e372e696a732475bc31f83147ae3ffac7c281a4,val,public-reference-or-acquired
DS-090,dataset/acquisition/acquired/DS-090/Hemp_growth/C5/ryb_C5_20241227_08_00.jpg,ryb_C5_20241227_08_00.jpg,growth_time_series,DS-090|C5|growth_time_series,C5,dataset/acquisition/acquired/DS-090/Hemp_growth/C5,path-derived,whole-plant,273,552,0.4946,249.2337,249.2337,249.2337,27.0269,27.0269,27.0269,248.7356,27.0231,0.7737,60.2559,0.0,0.9449,e163b2c189d7225cda4f0ee42a145b590cf2aeb42cd2e3c44d4acb3ff1b3bebd,val,public-reference-or-acquired
DS-090,dataset/acquisition/acquired/DS-090/Hemp_growth/C5/ryb_C5_20241227_09_00.jpg,ryb_C5_20241227_09_00.jpg,growth_time_series,DS-090|C5|growth_time_series,C5,dataset/acquisition/acquired/DS-090/Hemp_growth/C5,path-derived,whole-plant,273,552,0.4946,231.4364,231.7247,227.3658,46.6606,46.0056,49.3376,231.0143,46.5049,4.3461,304.3281,0.0,0.827,be47a078fbbff0c348758b987e150cf4940d90f5cb9185a84f756a2d400ec059,val,public-reference-or-acquired
DS-090,dataset/acquisition/acquired/DS-090/Hemp_growth/C5/ryb_C5_20241227_11_00.jpg,ryb_C5_20241227_11_00.jpg,growth_time_series,DS-090|C5|growth_time_series,C5,dataset/acquisition/acquired/DS-090/Hemp_growth/C5,path-derived,whole-plant,273,552,0.4946,232.0216,233.3476,228.7906,46.2976,44.9098,48.933,232.2648,45.6786,4.089,288.8743,0.0,0.8331,aec6b33a1c88c64fbae0505fb0e99a1395a25aea7952f96fa2fc6e9c92cbaa35,val,public-reference-or-acquired
DS-090,dataset/acquisition/acquired/DS-090/Hemp_growth/C5/ryb_C5_20241227_12_00.jpg,ryb_C5_20241227_12_00.jpg,growth_time_series,DS-090|C5|growth_time_series,C5,dataset/acquisition/acquired/DS-090/Hemp_growth/C5,path-derived,whole-plant,273,552,0.4946,229.916,231.6488,227.76,46.8331,45.2972,48.5801,230.5776,46.0279,4.4144,287.0423,0.0,0.8197,37fb2a92e535e788c8fb4a5d49b4801466036851d7002ca92a7828c0147d307b,val,public-reference-or-acquired
DS-090,dataset/acquisition/acquired/DS-090/Hemp_growth/C5/ryb_C5_20241227_14_00.jpg,ryb_C5_20241227_14_00.jpg,growth_time_series,DS-090|C5|growth_time_series,C5,dataset/acquisition/acquired/DS-090/Hemp_growth/C5,path-derived,whole-plant,273,552,0.4946,228.1502,229.2499,223.5878,46.2429,44.8629,49.4991,228.2082,45.687,4.8432,283.398,0.0,0.7905,06cf41f81458463ecedb80de25d223a913d7ccdccd2e356ca5af40289ab36061,val,public-reference-or-acquired
DS-090,dataset/acquisition/acquired/DS-090/Hemp_growth/C5/ryb_C5_20241227_15_00.jpg,ryb_C5_20241227_15_00.jpg,growth_time_series,DS-090|C5|growth_time_series,C5,dataset/acquisition/acquired/DS-090/Hemp_growth/C5,path-derived,whole-plant,273,552,0.4946,222.2306,223.346,218.3069,47.3616,46.0966,50.03,222.4411,46.8296,5.5128,283.5632,0.0,0.7309,fae41df9e84f56ec3f0300857089c91538c3da45ae2a6ea4444b75c559c32318,val,public-reference-or-acquired
DS-090,dataset/acquisition/acquired/DS-090/Hemp_growth/C5/ryb_C5_20241228_08_00.jpg,ryb_C5_20241228_08_00.jpg,growth_time_series,DS-090|C5|growth_time_series,C5,dataset/acquisition/acquired/DS-090/Hemp_growth/C5,path-derived,whole-plant,273,552,0.4946,249.0772,249.0772,249.0772,27.7123,27.7123,27.7123,248.5791,27.7093,0.7756,61.7146,0.0,0.9445,11116c741ab525bb475e6f4341798a0f800299335c1442c35388d7f2d10f454c,val,public-reference-or-acquired
DS-090,dataset/acquisition/acquired/DS-090/Hemp_growth/C5/ryb_C5_20241228_09_00.jpg,ryb_C5_20241228_09_00.jpg,growth_time_series,DS-090|C5|growth_time_series,C5,dataset/acquisition/acquired/DS-090/Hemp_growth/C5,path-derived,whole-plant,273,552,0.4946,242.7393,243.5569,240.7176,33.1411,33.4107,36.4991,242.617,33.516,2.4574,153.6993,0.0,0.8739,17ec3b001739b75baca79379dd53dcbf7ca4f44e1c9cdae72b552b00b3f2dfe4,val,public-reference-or-acquired
DS-090,dataset/acquisition/acquired/DS-090/Hemp_growth/C5/ryb_C5_20241228_10_00.jpg,ryb_C5_20241228_10_00.jpg,growth_time_series,DS-090|C5|growth_time_series,C5,dataset/acquisition/acquired/DS-090/Hemp_growth/C5,path-derived,whole-plant,273,552,0.4946,233.0248,234.8837,230.8707,45.9186,43.981,48.4955,233.6195,44.944,3.5305,314.0485,0.0,0.8247,2f8a8c56317158dca0049c9a9948ae4b70ae0673ba65d5e3b398e51306d115be,val,public-reference-or-acquired
DS-090,dataset/acquisition/acquired/DS-090/Hemp_growth/C5/ryb_C5_20241228_11_00.jpg,ryb_C5_20241228_11_00.jpg,growth_time_series,DS-090|C5|growth_time_series,C5,dataset/acquisition/acquired/DS-090/Hemp_growth/C5,path-derived,whole-plant,273,552,0.4946,224.9362,226.8518,222.0424,48.4733,46.6416,50.6153,225.6836,47.5382,5.0389,333.6792,0.0,0.7739,f2f66b2f2f5c69fbad3dcf0a1508fa43de953b032637d0bc15459e4654bd9638,val,public-reference-or-acquired
DS-090,dataset/acquisition/acquired/DS-090/Hemp_growth/C5/ryb_C5_20241228_12_00.jpg,ryb_C5_20241228_12_00.jpg,growth_time_series,DS-090|C5|growth_time_series,C5,dataset/acquisition/acquired/DS-090/Hemp_growth/C5,path-derived,whole-plant,273,552,0.4946,228.6497,230.5764,225.9292,47.2368,45.2084,49.8757,229.3596,46.2091,4.5424,313.9039,0.0,0.808,e445b0cd4c689f896805414a9c8f13a56b9b8c1bb00545dfdda0f00487a5dc52,val,public-reference-or-acquired
DS-090,dataset/acquisition/acquired/DS-090/Hemp_growth/C5/ryb_C5_20241228_13_00.jpg,ryb_C5_20241228_13_00.jpg,growth_time_series,DS-090|C5|growth_time_series,C5,dataset/acquisition/acquired/DS-090/Hemp_growth/C5,path-derived,whole-plant,273,552,0.4946,227.0527,229.1465,224.1809,47.7366,45.7102,50.4668,227.868,46.7242,4.7751,304.0943,0.0,0.7863,887383c6cbba359cf2f26faf9dfd562acc98f65ec08e08d90c400d04ef3c284d,val,public-reference-or-acquired
DS-090,dataset/acquisition/acquired/DS-090/Hemp_growth/C5/ryb_C5_20241228_15_00.jpg,ryb_C5_20241228_15_00.jpg,growth_time_series,DS-090|C5|growth_time_series,C5,dataset/acquisition/acquired/DS-090/Hemp_growth/C5,path-derived,whole-plant,273,552,0.4946,223.6006,225.3178,222.0459,49.2166,47.3798,51.1443,224.4011,48.251,5.0823,338.3842,0.0,0.7654,2697b200920226e42aa544261dee2ea842126a1f60cf8cb9c7cb439fedceea0e,val,public-reference-or-acquired
DS-090,dataset/acquisition/acquired/DS-090/Hemp_growth/C5/ryb_C5_20241228_17_00.jpg,ryb_C5_20241228_17_00.jpg,growth_time_series,DS-090|C5|growth_time_series,C5,dataset/acquisition/acquired/DS-090/Hemp_growth/C5,path-derived,whole-plant,273,552,0.4946,216.2208,217.6674,216.19,50.0615,48.6402,51.4855,217.0796,49.3314,5.8081,376.9846,0.0,0.6957,aad6511df8d16e6bf54be2d5b0ed86a3a10d6283f8733d77b43f381d2926e99d,val,public-reference-or-acquired
DS-090,dataset/acquisition/acquired/DS-090/Hemp_growth/C5/ryb_C5_20241229_11_00.jpg,ryb_C5_20241229_11_00.jpg,growth_time_series,DS-090|C5|growth_time_series,C5,dataset/acquisition/acquired/DS-090/Hemp_growth/C5,path-derived,whole-plant,273,552,0.4946,222.6289,225.287,222.502,50.3926,47.9835,51.8279,224.1243,49.026,5.1784,340.8768,0.0,0.7812,39f9d62c35314c96b7c9cd1bd1d9c2294a51658005f6828683e09290b7fc72ea,val,public-reference-or-acquired
DS-090,dataset/acquisition/acquired/DS-090/Hemp_growth/C5/ryb_C5_20241229_12_00.jpg,ryb_C5_20241229_12_00.jpg,growth_time_series,DS-090|C5|growth_time_series,C5,dataset/acquisition/acquired/DS-090/Hemp_growth/C5,path-derived,whole-plant,273,552,0.4946,225.1767,227.6414,224.4952,48.9676,46.4666,50.8303,226.4708,47.5649,4.8526,364.9116,0.0,0.7883,42c6f7cf62b8a71122a5ff6adc1c9b2f96946eb8caaa379aa30a4b27a935152c,val,public-reference-or-acquired
DS-090,dataset/acquisition/acquired/DS-090/Hemp_growth/C5/ryb_C5_20241229_13_00.jpg,ryb_C5_20241229_13_00.jpg,growth_time_series,DS-090|C5|growth_time_series,C5,dataset/acquisition/acquired/DS-090/Hemp_growth/C5,path-derived,whole-plant,273,552,0.4946,217.7259,221.7712,214.4865,45.9968,43.5621,50.2969,219.7261,44.8365,6.0302,300.3214,0.0,0.687,1444cae53554946491ba26dc153a7090a3bb7a72554f7123a39425a81060af44,val,public-reference-or-acquired
DS-090,dataset/acquisition/acquired/DS-090/Hemp_growth/C5/ryb_C5_20241229_16_00.jpg,ryb_C5_20241229_16_00.jpg,growth_time_series,DS-090|C5|growth_time_series,C5,dataset/acquisition/acquired/DS-090/Hemp_growth/C5,path-derived,whole-plant,273,552,0.4946,213.2475,214.0067,208.2115,50.5117,49.1858,51.7697,213.1169,49.8304,6.2708,408.7777,0.0,0.6149,cc40c46a7f52c91bc8b944b1bd0f549b1d30d6e714cb57c83e9c056b2fbad6dd,val,public-reference-or-acquired
DS-090,dataset/acquisition/acquired/DS-090/Hemp_growth/C5/ryb_C5_20241230_09_00.jpg,ryb_C5_20241230_09_00.jpg,growth_time_series,DS-090|C5|growth_time_series,C5,dataset/acquisition/acquired/DS-090/Hemp_growth/C5,path-derived,whole-plant,273,552,0.4946,227.5837,228.9165,225.0418,51.0489,49.1104,52.6901,227.9183,50.012,4.3954,444.5156,0.0,0.7985,8f76c4a2b67e06eaa07277c144d8fd169f169833149449a4b19f7b4079743ede,val,public-reference-or-acquired
DS-090,dataset/acquisition/acquired/DS-090/Hemp_growth/C5/ryb_C5_20241230_10_00.jpg,ryb_C5_20241230_10_00.jpg,growth_time_series,DS-090|C5|growth_time_series,C5,dataset/acquisition/acquired/DS-090/Hemp_growth/C5,path-derived,whole-plant,273,552,0.4946,223.5363,226.0205,223.6162,50.7532,48.1057,52.415,224.8364,49.2557,4.9895,408.1994,0.0,0.7384,617ac6cfe02be718576e459ddb1a2f4b8d8736cbc66e58afc2b1a18124da0da8,val,public-reference-or-acquired
DS-090,dataset/acquisition/acquired/DS-090/Hemp_growth/C5/ryb_C5_20241230_11_00.jpg,ryb_C5_20241230_11_00.jpg,growth_time_series,DS-090|C5|growth_time_series,C5,dataset/acquisition/acquired/DS-090/Hemp_growth/C5,path-derived,whole-plant,273,552,0.4946,221.1107,223.7659,220.1841,52.1374,49.7003,53.7459,222.4931,50.7911,5.2038,445.0162,0.0,0.7617,7ca2404a8326692c0831724e2b88d999517551464cde3b30c50435c028cbb23d,val,public-reference-or-acquired
DS-090,dataset/acquisition/acquired/DS-090/Hemp_growth/C5/ryb_C5_20241230_12_00.jpg,ryb_C5_20241230_12_00.jpg,growth_time_series,DS-090|C5|growth_time_series,C5,dataset/acquisition/acquired/DS-090/Hemp_growth/C5,path-derived,whole-plant,273,552,0.4946,217.9616,220.8728,215.4103,49.5912,47.1355,52.0882,219.3691,48.3132,5.7729,346.1297,0.0,0.7109,8ec9ce0bc22bfdafe1d34e186298a80ef82274f516e9da921ce46c1f93d00b48,val,public-reference-or-acquired
DS-090,dataset/acquisition/acquired/DS-090/Hemp_growth/C5/ryb_C5_20241230_13_00.jpg,ryb_C5_20241230_13_00.jpg,growth_time_series,DS-090|C5|growth_time_series,C5,dataset/acquisition/acquired/DS-090/Hemp_growth/C5,path-derived,whole-plant,273,552,0.4946,215.2614,217.8094,210.2807,48.4992,46.17,50.9907,216.1856,47.2783,6.2235,360.6214,0.0,0.6656,685cf9a41d22a384488d5d70f612a2fb1fe585f5ddc33f50bff89e4247d6d5e8,val,public-reference-or-acquired
DS-090,dataset/acquisition/acquired/DS-090/Hemp_growth/C5/ryb_C5_20241230_17_00.jpg,ryb_C5_20241230_17_00.jpg,growth_time_series,DS-090|C5|growth_time_series,C5,dataset/acquisition/acquired/DS-090/Hemp_growth/C5,path-derived,whole-plant,273,552,0.4946,212.1363,214.9548,214.3094,50.6736,49.3411,51.5082,214.0401,49.9255,6.1515,420.6728,0.0,0.6804,76ad0481260e1143f7ab7aa65829f264c6477db0ccaf23fbfa6efbb66f7a7e52,val,public-reference-or-acquired
DS-090,dataset/acquisition/acquired/DS-090/Hemp_growth/C5/ryb_C5_20241231_09_00.jpg,ryb_C5_20241231_09_00.jpg,growth_time_series,DS-090|C5|growth_time_series,C5,dataset/acquisition/acquired/DS-090/Hemp_growth/C5,path-derived,whole-plant,273,552,0.4946,225.8148,227.2666,225.306,50.8832,49.3773,51.5158,226.4621,50.0161,4.4007,473.9773,0.0,0.7795,e0bd75abd4c2aa15993372b63ac6cd6f908db754ca49fbcc56196dd746c38bb8,val,public-reference-or-acquired
DS-090,dataset/acquisition/acquired/DS-090/Hemp_growth/C5/ryb_C5_20241231_10_00.jpg,ryb_C5_20241231_10_00.jpg,growth_time_series,DS-090|C5|growth_time_series,C5,dataset/acquisition/acquired/DS-090/Hemp_growth/C5,path-derived,whole-plant,273,552,0.4946,215.772,219.0631,216.9044,52.9609,50.0755,54.8468,217.7014,51.3562,5.941,478.8043,0.0,0.6751,6dbae5ceeb806f9abd40332554f4ae6ace8ae1691f9e29a63b681b84dc68476f,val,public-reference-or-acquired
DS-090,dataset/acquisition/acquired/DS-090/Hemp_growth/C5/ryb_C5_20241231_12_00.jpg,ryb_C5_20241231_12_00.jpg,growth_time_series,DS-090|C5|growth_time_series,C5,dataset/acquisition/acquired/DS-090/Hemp_growth/C5,path-derived,whole-plant,273,552,0.4946,214.5422,218.0345,213.9676,51.5726,48.4627,53.3234,216.5156,49.8199,5.872,371.9898,0.0,0.6446,ff707d75ff57195b26bc2eaa34c95a1fd2a1a1c2ba7ed7e0d28c7dc82d9dbb64,val,public-reference-or-acquired
DS-090,dataset/acquisition/acquired/DS-090/Hemp_growth/C5/ryb_C5_20241231_14_00.jpg,ryb_C5_20241231_14_00.jpg,growth_time_series,DS-090|C5|growth_time_series,C5,dataset/acquisition/acquired/DS-090/Hemp_growth/C5,path-derived,whole-plant,273,552,0.4946,216.7207,218.7456,211.8357,49.5608,47.3063,53.1132,217.3404,48.4874,6.0179,412.7658,0.0,0.6808,1d347ab74c9be36843a6e2db5a15c532350d09d54106e6f9cdb7c2deb1ee2108,val,public-reference-or-acquired
DS-090,dataset/acquisition/acquired/DS-090/Hemp_growth/C5/ryb_C5_20241231_15_00.jpg,ryb_C5_20241231_15_00.jpg,growth_time_series,DS-090|C5|growth_time_series,C5,dataset/acquisition/acquired/DS-090/Hemp_growth/C5,path-derived,whole-plant,273,552,0.4946,210.523,213.6005,213.0878,47.3133,46.1502,49.8381,212.6209,46.8268,6.5309,345.0502,0.0,0.6318,90887628f023734fabe02a020550d350e808aade86fcd0cca5f1eb7b6f240e37,val,public-reference-or-acquired
DS-090,dataset/acquisition/acquired/DS-090/Hemp_growth/C5/ryb_C5_20241231_17_00.jpg,ryb_C5_20241231_17_00.jpg,growth_time_series,DS-090|C5|growth_time_series,C5,dataset/acquisition/acquired/DS-090/Hemp_growth/C5,path-derived,whole-plant,273,552,0.4946,207.0151,209.6424,205.8983,50.6341,49.1682,52.6404,208.4338,49.9253,6.5266,458.5383,0.0,0.5796,917210fc762130271fb3b3449806876462cef2e08922c88033841d9c413867fb,val,public-reference-or-acquired
DS-090,dataset/acquisition/acquired/DS-090/Hemp_water_stress/test/healthy/ryb_C1_20241229_11_00.jpg,ryb_C1_20241229_11_00.jpg,healthy,DS-090|unknown_plant|healthy,unknown_plant,dataset/acquisition/acquired/DS-090/Hemp_water_stress/test/healthy,path-derived,whole-plant,273,552,0.4946,241.1519,241.9572,241.2793,38.2671,36.7271,37.6334,241.2655,37.2477,2.0032,123.5914,0.0,0.8771,5afd727ef10e07b122193a5391d81edaa81781bfcec2854652f637db679723c4,val,public-reference-or-acquired
DS-090,dataset/acquisition/acquired/DS-090/Hemp_water_stress/test/healthy/ryb_C1_20241230_10_00.jpg,ryb_C1_20241230_10_00.jpg,healthy,DS-090|unknown_plant|healthy,unknown_plant,dataset/acquisition/acquired/DS-090/Hemp_water_stress/test/healthy,path-derived,whole-plant,273,552,0.4946,237.4077,239.0141,238.4181,41.1828,38.6273,39.8752,238.1627,39.4814,2.7744,164.8945,0.0,0.8552,26e3fd27028f533805e0fe7fc4c0ea13a271afd20346ef4295191808d02c11f0,val,public-reference-or-acquired
DS-090,dataset/acquisition/acquired/DS-090/Hemp_water_stress/test/healthy/ryb_C1_20241230_14_00.jpg,ryb_C1_20241230_14_00.jpg,healthy,DS-090|unknown_plant|healthy,unknown_plant,dataset/acquisition/acquired/DS-090/Hemp_water_stress/test/healthy,path-derived,whole-plant,273,552,0.4946,239.4564,241.0082,238.5997,38.7394,36.3461,39.3837,239.9277,37.3262,2.4706,127.4127,0.0,0.8532,1661cc289e95dead3b1b69d61c9e6930366062043a871c7398430842cc43507d,val,public-reference-or-acquired
DS-090,dataset/acquisition/acquired/DS-090/Hemp_water_stress/test/healthy/ryb_C1_20241231_09_00.jpg,ryb_C1_20241231_09_00.jpg,healthy,DS-090|unknown_plant|healthy,unknown_plant,dataset/acquisition/acquired/DS-090/Hemp_water_stress/test/healthy,path-derived,whole-plant,273,552,0.4946,240.0089,241.234,239.942,38.354,36.1739,37.7841,240.3417,36.9533,2.1877,141.9826,0.0,0.8576,da1ddd59ad24baa413cb78c214c5ce3dc3b766cc926823e36c64ab41631d5703,val,public-reference-or-acquired
DS-090,dataset/acquisition/acquired/DS-090/Hemp_water_stress/test/healthy/ryb_C1_20241231_16_00.jpg,ryb_C1_20241231_16_00.jpg,healthy,DS-090|unknown_plant|healthy,unknown_plant,dataset/acquisition/acquired/DS-090/Hemp_water_stress/test/healthy,path-derived,whole-plant,273,552,0.4946,238.0297,239.1113,236.0082,39.2654,37.5056,41.0628,238.123,38.3606,2.8668,150.6277,0.0,0.8408,8981c6c63b465e3b3ac0e4e0d33d81fe051d75bc16e967eea5311a642641cf76,val,public-reference-or-acquired
DS-090,dataset/acquisition/acquired/DS-090/Hemp_water_stress/test/healthy/ryb_C2_20241229_08_00.jpg,ryb_C2_20241229_08_00.jpg,healthy,DS-090|unknown_plant|healthy,unknown_plant,dataset/acquisition/acquired/DS-090/Hemp_water_stress/test/healthy,path-derived,whole-plant,273,552,0.4946,225.4239,230.2367,224.1484,56.2885,50.3405,57.594,227.918,52.7556,3.7977,342.7949,0.0001,0.8132,268e278302d3031477669e011381010e35e85a0f0388bf3aa00b41e9ba0ffd1d,val,public-reference-or-acquired
DS-090,dataset/acquisition/acquired/DS-090/Hemp_water_stress/test/healthy/ryb_C2_20241230_09_00.jpg,ryb_C2_20241230_09_00.jpg,healthy,DS-090|unknown_plant|healthy,unknown_plant,dataset/acquisition/acquired/DS-090/Hemp_water_stress/test/healthy,path-derived,whole-plant,273,552,0.4946,223.8684,228.5149,220.9612,56.553,50.1377,59.4423,226.0547,52.8861,3.8698,379.0995,0.0001,0.7783,7a5de9f456a1d6afeda41e8899ddeccab56c5ad80e9d0035e4fb87466054e371,val,public-reference-or-acquired
DS-090,dataset/acquisition/acquired/DS-090/Hemp_water_stress/test/healthy/ryb_C2_20241230_14_00.jpg,ryb_C2_20241230_14_00.jpg,healthy,DS-090|unknown_plant|healthy,unknown_plant,dataset/acquisition/acquired/DS-090/Hemp_water_stress/test/healthy,path-derived,whole-plant,273,552,0.4946,223.4725,228.964,220.6693,54.6498,48.0943,59.0218,226.2689,50.9637,4.4012,357.9432,0.0,0.7685,c7bff02469ee949ee0293de6e5efb4d72239da193fd75ecbb9c3ee5a28839da9,val,public-reference-or-acquired
DS-090,dataset/acquisition/acquired/DS-090/Hemp_water_stress/test/healthy/ryb_C2_20241231_15_00.jpg,ryb_C2_20241231_15_00.jpg,healthy,DS-090|unknown_plant|healthy,unknown_plant,dataset/acquisition/acquired/DS-090/Hemp_water_stress/test/healthy,path-derived,whole-plant,273,552,0.4946,211.8581,216.4344,214.1881,54.0962,49.5001,57.8449,214.8081,51.6823,6.0763,342.2989,0.0,0.7292,6ee099ff4387ba1fbedf282c1863cba3fcd868036958ac06581bde5d9c72b023,val,public-reference-or-acquired
DS-090,dataset/acquisition/acquired/DS-090/Hemp_water_stress/test/healthy/ryb_C3_20241229_13_00.jpg,ryb_C3_20241229_13_00.jpg,healthy,DS-090|unknown_plant|healthy,unknown_plant,dataset/acquisition/acquired/DS-090/Hemp_water_stress/test/healthy,path-derived,whole-plant,273,552,0.4946,208.3297,214.1404,208.6095,47.4352,43.7267,51.9853,211.7655,45.5926,6.315,237.4595,0.0,0.6509,99d4fbb0eae263d06c7a65941088c7622c7dbe84aab4f92a5013d9356c7ebaf7,val,public-reference-or-acquired
DS-090,dataset/acquisition/acquired/DS-090/Hemp_water_stress/test/healthy/ryb_C3_20241229_17_00.jpg,ryb_C3_20241229_17_00.jpg,healthy,DS-090|unknown_plant|healthy,unknown_plant,dataset/acquisition/acquired/DS-090/Hemp_water_stress/test/healthy,path-derived,whole-plant,273,552,0.4946,205.1287,208.6457,205.7794,52.3678,49.8195,54.121,207.2683,51.0123,6.4918,306.4589,0.0,0.5727,70c4738075263acdfb4257c5fb47b7977f12f96c01e95f690e59e39ca3359191,val,public-reference-or-acquired
DS-090,dataset/acquisition/acquired/DS-090/Hemp_water_stress/test/healthy/ryb_C3_20241230_15_00.jpg,ryb_C3_20241230_15_00.jpg,healthy,DS-090|unknown_plant|healthy,unknown_plant,dataset/acquisition/acquired/DS-090/Hemp_water_stress/test/healthy,path-derived,whole-plant,273,552,0.4946,204.472,208.4991,200.9993,49.7792,46.2186,52.7071,206.4402,47.9002,6.4194,282.0077,0.0,0.5459,bdfa6df5aa6d18206d023edd4d8477def95070e864392f2c8dc5f5c7afdbb957,val,public-reference-or-acquired
DS-090,dataset/acquisition/acquired/DS-090/Hemp_water_stress/test/healthy/ryb_C3_20241231_10_00.jpg,ryb_C3_20241231_10_00.jpg,healthy,DS-090|unknown_plant|healthy,unknown_plant,dataset/acquisition/acquired/DS-090/Hemp_water_stress/test/healthy,path-derived,whole-plant,273,552,0.4946,209.8905,214.1176,211.3243,53.9552,50.6982,55.6259,212.5267,52.155,6.4016,400.5151,0.0,0.6661,28916355ac84e66e360d7a19eba8ab35a4174a405ee3ca4af78a3b6c6b6eaa2b,val,public-reference-or-acquired
DS-090,dataset/acquisition/acquired/DS-090/Hemp_water_stress/test/healthy/ryb_C3_20241231_14_00.jpg,ryb_C3_20241231_14_00.jpg,healthy,DS-090|unknown_plant|healthy,unknown_plant,dataset/acquisition/acquired/DS-090/Hemp_water_stress/test/healthy,path-derived,whole-plant,273,552,0.4946,202.7809,206.8481,201.7825,51.7511,47.5917,54.8497,205.0486,49.5517,6.5321,339.425,0.0,0.5441,cddcf8676e2d4880c8902217d1237dc65bb883e96e9ca0ef342d0b5da6d58dd7,val,public-reference-or-acquired
DS-090,dataset/acquisition/acquired/DS-090/Hemp_water_stress/test/healthy/ryb_C4_20241229_15_00.jpg,ryb_C4_20241229_15_00.jpg,healthy,DS-090|unknown_plant|healthy,unknown_plant,dataset/acquisition/acquired/DS-090/Hemp_water_stress/test/healthy,path-derived,whole-plant,273,552,0.4946,205.0339,209.4581,207.1715,37.8431,35.4162,39.9737,207.8759,36.5486,6.4873,124.9395,0.0,0.4581,b3397cef48d8b9f8347e4e1c1199cf0ae2e43e3220a7a3da7ffddcac19b70e20,val,public-reference-or-acquired
DS-090,dataset/acquisition/acquired/DS-090/Hemp_water_stress/test/healthy/ryb_C4_20241230_13_00.jpg,ryb_C4_20241230_13_00.jpg,healthy,DS-090|unknown_plant|healthy,unknown_plant,dataset/acquisition/acquired/DS-090/Hemp_water_stress/test/healthy,path-derived,whole-plant,273,552,0.4946,207.7993,211.312,204.4124,36.639,34.877,39.4622,209.4806,35.8117,6.6064,134.0741,0.0,0.511,a62f203823a783bc919d82a8f7d0b6c3bba7f26dfc64fdca943a2ebf5b69e0b6,val,public-reference-or-acquired
DS-090,dataset/acquisition/acquired/DS-090/Hemp_water_stress/test/healthy/ryb_C4_20241231_12_00.jpg,ryb_C4_20241231_12_00.jpg,healthy,DS-090|unknown_plant|healthy,unknown_plant,dataset/acquisition/acquired/DS-090/Hemp_water_stress/test/healthy,path-derived,whole-plant,273,552,0.4946,202.7686,206.3831,200.1487,37.6841,35.07,40.4396,204.5778,36.3378,6.5582,112.5686,0.0,0.451,ff8f41f6a3c56f046a3556d04c5c1aaf0138774ff108cfeb9972fa2a6523ea3e,val,public-reference-or-acquired
DS-090,dataset/acquisition/acquired/DS-090/Hemp_water_stress/test/healthy/ryb_C4_20241231_14_00.jpg,ryb_C4_20241231_14_00.jpg,healthy,DS-090|unknown_plant|healthy,unknown_plant,dataset/acquisition/acquired/DS-090/Hemp_water_stress/test/healthy,path-derived,whole-plant,273,552,0.4946,208.2888,212.5564,206.5994,39.8351,37.0189,42.1502,210.5958,38.321,6.6297,157.1043,0.0,0.5464,3098926978336374ac97d14468ae30d290d384e50e1df4d19ebd07d9da256549,val,public-reference-or-acquired
DS-090,dataset/acquisition/acquired/DS-090/Hemp_water_stress/test/healthy/ryb_C5_20241231_10_00.jpg,ryb_C5_20241231_10_00.jpg,healthy,DS-090|unknown_plant|healthy,unknown_plant,dataset/acquisition/acquired/DS-090/Hemp_water_stress/test/healthy,path-derived,whole-plant,273,552,0.4946,215.772,219.0631,216.9044,52.9609,50.0755,54.8468,217.7014,51.3562,5.941,478.8043,0.0,0.6751,6dbae5ceeb806f9abd40332554f4ae6ace8ae1691f9e29a63b681b84dc68476f,val,public-reference-or-acquired
DS-090,dataset/acquisition/acquired/DS-090/Hemp_water_stress/test/healthy/ryb_C5_20241231_14_00.jpg,ryb_C5_20241231_14_00.jpg,healthy,DS-090|unknown_plant|healthy,unknown_plant,dataset/acquisition/acquired/DS-090/Hemp_water_stress/test/healthy,path-derived,whole-plant,273,552,0.4946,216.7207,218.7456,211.8357,49.5608,47.3063,53.1132,217.3404,48.4874,6.0179,412.7658,0.0,0.6808,1d347ab74c9be36843a6e2db5a15c532350d09d54106e6f9cdb7c2deb1ee2108,val,public-reference-or-acquired
DS-090,dataset/acquisition/acquired/DS-090/Hemp_water_stress/test/water stress 3 days/ryb_C1_20250102_12_00.jpg,ryb_C1_20250102_12_00.jpg,water_stress_3_days,DS-090|unknown_plant|water_stress_3_days,unknown_plant,dataset/acquisition/acquired/DS-090/Hemp_water_stress/test/water stress 3 days,path-derived,whole-plant,273,552,0.4946,236.0641,237.6822,234.7382,41.0119,38.4196,42.6235,236.5243,39.5818,2.8361,174.4077,0.0,0.8147,2ad67424ed8992c37544169a113f5d265a6feb3b11150ea3a5cacfbaac4f2b50,train,public-reference-or-acquired
DS-090,dataset/acquisition/acquired/DS-090/Hemp_water_stress/test/water stress 3 days/ryb_C1_20250102_16_00.jpg,ryb_C1_20250102_16_00.jpg,water_stress_3_days,DS-090|unknown_plant|water_stress_3_days,unknown_plant,dataset/acquisition/acquired/DS-090/Hemp_water_stress/test/water stress 3 days,path-derived,whole-plant,273,552,0.4946,218.1039,220.3065,218.1509,47.6952,45.9364,48.6404,219.4013,46.7197,5.7026,188.2056,0.0,0.6885,2a7337e52b2cf4b99e7e2b09cc55b138a966c2a2f45cf20eb5ba5cc604137685,train,public-reference-or-acquired
DS-090,dataset/acquisition/acquired/DS-090/Hemp_water_stress/test/water stress 3 days/ryb_C1_20250103_15_00.jpg,ryb_C1_20250103_15_00.jpg,water_stress_3_days,DS-090|unknown_plant|water_stress_3_days,unknown_plant,dataset/acquisition/acquired/DS-090/Hemp_water_stress/test/water stress 3 days,path-derived,whole-plant,273,552,0.4946,231.2516,232.8413,229.4906,44.6479,42.5632,46.1208,231.7417,43.5264,3.7476,181.258,0.0,0.7862,5b2a2a691ebfa7c399480462c5ab7c7efcfbc77316f0c042c9a21122970b9ba5,train,public-reference-or-acquired
DS-090,dataset/acquisition/acquired/DS-090/Hemp_water_stress/test/water stress 3 days/ryb_C1_20250104_13_00.jpg,ryb_C1_20250104_13_00.jpg,water_stress_3_days,DS-090|unknown_plant|water_stress_3_days,unknown_plant,dataset/acquisition/acquired/DS-090/Hemp_water_stress/test/water stress 3 days,path-derived,whole-plant,273,552,0.4946,237.6705,239.3116,235.2891,37.6129,35.359,40.2603,238.0208,36.4612,2.9073,135.3396,0.0,0.8088,49548337bba0f2f931ac252e85d5aabe98a6e4897f8de0b0fc9b0584a44a9cee,train,public-reference-or-acquired
DS-090,dataset/acquisition/acquired/DS-090/Hemp_water_stress/test/water stress 3 days/ryb_C2_20250102_11_00.jpg,ryb_C2_20250102_11_00.jpg,water_stress_3_days,DS-090|unknown_plant|water_stress_3_days,unknown_plant,dataset/acquisition/acquired/DS-090/Hemp_water_stress/test/water stress 3 days,path-derived,whole-plant,273,552,0.4946,219.124,223.8727,219.7253,55.6908,49.5113,60.0982,221.9639,52.2997,5.1966,364.4621,0.0,0.7873,f775ae2a65b63a55cf169f916ef7e890074dddfa3848fb22a2cf020720477d32,train,public-reference-or-acquired
DS-090,dataset/acquisition/acquired/DS-090/Hemp_water_stress/test/water stress 3 days/ryb_C2_20250103_12_00.jpg,ryb_C2_20250103_12_00.jpg,water_stress_3_days,DS-090|unknown_plant|water_stress_3_days,unknown_plant,dataset/acquisition/acquired/DS-090/Hemp_water_stress/test/water stress 3 days,path-derived,whole-plant,273,552,0.4946,219.4537,224.0254,218.3543,55.5491,49.9386,59.1394,222.0052,52.4157,5.4333,373.7249,0.0001,0.7693,3e15bd3d5434482e4c31f5783971bc51dee44da7a179a3de85e83ae384fa16c8,train,public-reference-or-acquired
DS-090,dataset/acquisition/acquired/DS-090/Hemp_water_stress/test/water stress 3 days/ryb_C2_20250104_10_00.jpg,ryb_C2_20250104_10_00.jpg,water_stress_3_days,DS-090|unknown_plant|water_stress_3_days,unknown_plant,dataset/acquisition/acquired/DS-090/Hemp_water_stress/test/water stress 3 days,path-derived,whole-plant,273,552,0.4946,213.632,217.215,216.6005,52.8795,47.6632,56.2128,215.9613,49.9605,5.9569,344.7679,0.0001,0.6706,1d717f867d514f411ac46f0e76a28b16ff7310f393a5e08c0dd0b6ce9925784c,train,public-reference-or-acquired
DS-090,dataset/acquisition/acquired/DS-090/Hemp_water_stress/test/water stress 3 days/ryb_C2_20250104_13_00.jpg,ryb_C2_20250104_13_00.jpg,water_stress_3_days,DS-090|unknown_plant|water_stress_3_days,unknown_plant,dataset/acquisition/acquired/DS-090/Hemp_water_stress/test/water stress 3 days,path-derived,whole-plant,273,552,0.4946,233.0513,237.2579,230.1381,49.1742,42.8953,53.5898,234.9082,45.641,3.088,215.7711,0.0,0.8399,1d37809ea3e28f54e532274d5284f7e0f8ee1e7b279d93a0ee0dee366b2cc4e2,train,public-reference-or-acquired
DS-090,dataset/acquisition/acquired/DS-090/Hemp_water_stress/test/water stress 3 days/ryb_C3_20250102_12_00.jpg,ryb_C3_20250102_12_00.jpg,water_stress_3_days,DS-090|unknown_plant|water_stress_3_days,unknown_plant,dataset/acquisition/acquired/DS-090/Hemp_water_stress/test/water stress 3 days,path-derived,whole-plant,273,552,0.4946,207.9972,214.2075,206.2703,56.3797,51.6592,58.6871,211.443,53.7516,6.3313,442.9784,0.0,0.663,e0bfaa03c7211896241800578946d3d9255ef108ce0804cec9034e3888d6f378,train,public-reference-or-acquired
DS-090,dataset/acquisition/acquired/DS-090/Hemp_water_stress/test/water stress 3 days/ryb_C3_20250103_09_00.jpg,ryb_C3_20250103_09_00.jpg,water_stress_3_days,DS-090|unknown_plant|water_stress_3_days,unknown_plant,dataset/acquisition/acquired/DS-090/Hemp_water_stress/test/water stress 3 days,path-derived,whole-plant,273,552,0.4946,209.0433,213.7384,212.6909,63.5831,58.6064,61.4438,212.027,60.3449,4.6092,474.6309,0.0,0.6357,e107af3508b053512f7a6721965a282668474a35b7a0447ee6fe26ba8f3d43a5,train,public-reference-or-acquired
DS-090,dataset/acquisition/acquired/DS-090/Hemp_water_stress/test/water stress 3 days/ryb_C3_20250104_08_00.jpg,ryb_C3_20250104_08_00.jpg,water_stress_3_days,DS-090|unknown_plant|water_stress_3_days,unknown_plant,dataset/acquisition/acquired/DS-090/Hemp_water_stress/test/water stress 3 days,path-derived,whole-plant,273,552,0.4946,215.9202,219.2854,215.9741,55.1524,51.1445,54.153,217.8331,52.6184,5.0971,288.8188,0.0,0.6907,b466dda8fa0a9d3d5ca0704a2cb3d0d9094bdf3a4dc66a06d36cf5c46d0bcabd,train,public-reference-or-acquired
DS-090,dataset/acquisition/acquired/DS-090/Hemp_water_stress/test/water stress 3 days/ryb_C3_20250104_14_00.jpg,ryb_C3_20250104_14_00.jpg,water_stress_3_days,DS-090|unknown_plant|water_stress_3_days,unknown_plant,dataset/acquisition/acquired/DS-090/Hemp_water_stress/test/water stress 3 days,path-derived,whole-plant,273,552,0.4946,200.5122,204.9072,198.2362,53.5104,50.1002,56.5028,202.8296,51.7825,6.7258,341.0647,0.0,0.5429,470c955a174132ca061af7c5c0d5c075db1ca2bc533be61adb7b6bdb00d79e1f,train,public-reference-or-acquired
DS-090,dataset/acquisition/acquired/DS-090/Hemp_water_stress/test/water stress 3 days/ryb_C4_20250102_09_00.jpg,ryb_C4_20250102_09_00.jpg,water_stress_3_days,DS-090|unknown_plant|water_stress_3_days,unknown_plant,dataset/acquisition/acquired/DS-090/Hemp_water_stress/test/water stress 3 days,path-derived,whole-plant,273,552,0.4946,221.7483,225.026,223.2982,43.5565,41.4332,43.9604,223.7315,42.2802,5.4818,237.7542,0.0,0.7062,76436774e8c3b271c6b40da4af3b5a53cede145567832ef1a3edf0e6fc4018df,train,public-reference-or-acquired
DS-090,dataset/acquisition/acquired/DS-090/Hemp_water_stress/test/water stress 3 days/ryb_C4_20250103_11_00.jpg,ryb_C4_20250103_11_00.jpg,water_stress_3_days,DS-090|unknown_plant|water_stress_3_days,unknown_plant,dataset/acquisition/acquired/DS-090/Hemp_water_stress/test/water stress 3 days,path-derived,whole-plant,273,552,0.4946,225.6716,228.8279,224.323,42.222,39.7392,44.2493,227.2387,40.8944,5.1641,226.2773,0.0,0.7187,b188302de9b5c9a0b21aa814619b9b274ad75c89d79f10742e6ca7a8e86c854c,train,public-reference-or-acquired
DS-090,dataset/acquisition/acquired/DS-090/Hemp_water_stress/test/water stress 3 days/ryb_C4_20250104_08_00.jpg,ryb_C4_20250104_08_00.jpg,water_stress_3_days,DS-090|unknown_plant|water_stress_3_days,unknown_plant,dataset/acquisition/acquired/DS-090/Hemp_water_stress/test/water stress 3 days,path-derived,whole-plant,273,552,0.4946,224.2081,225.2418,221.9339,41.6953,40.2609,42.0465,224.481,40.8492,5.5991,128.4992,0.0,0.7109,d3d4121359153c2bd51c07fa9af4f7c38c622bf186a0573bebba0d65c2bffbda,train,public-reference-or-acquired
DS-090,dataset/acquisition/acquired/DS-090/Hemp_water_stress/test/water stress 3 days/ryb_C5_20250102_12_00.jpg,ryb_C5_20250102_12_00.jpg,water_stress_3_days,DS-090|unknown_plant|water_stress_3_days,unknown_plant,dataset/acquisition/acquired/DS-090/Hemp_water_stress/test/water stress 3 days,path-derived,whole-plant,273,552,0.4946,220.3156,224.0058,219.6181,51.8019,48.4298,54.1154,222.3205,49.9131,5.0785,472.412,0.0,0.7461,adc5f0ee5a00abd857722b6b5527e29da42ae32b38071435794ae6949be93993,train,public-reference-or-acquired
DS-090,dataset/acquisition/acquired/DS-090/Hemp_water_stress/test/water stress 3 days/ryb_C5_20250103_10_00.jpg,ryb_C5_20250103_10_00.jpg,water_stress_3_days,DS-090|unknown_plant|water_stress_3_days,unknown_plant,dataset/acquisition/acquired/DS-090/Hemp_water_stress/test/water stress 3 days,path-derived,whole-plant,273,552,0.4946,213.8718,217.7628,214.6405,53.2622,50.2324,55.2448,216.1271,51.5398,5.7917,534.1672,0.0,0.6518,3fa7ac32460a3c6593b1eefd2f8920d4b98b58adb9ece4d5b3f2d36274653545,train,public-reference-or-acquired
DS-090,dataset/acquisition/acquired/DS-090/Hemp_water_stress/test/water stress 3 days/ryb_C5_20250103_17_00.jpg,ryb_C5_20250103_17_00.jpg,water_stress_3_days,DS-090|unknown_plant|water_stress_3_days,unknown_plant,dataset/acquisition/acquired/DS-090/Hemp_water_stress/test/water stress 3 days,path-derived,whole-plant,273,552,0.4946,208.2559,210.2767,206.8637,54.6656,53.12,55.8947,209.2785,53.8425,6.3967,605.9241,0.0,0.6499,4f3b8b0fc94b68b485a8c0c0d8a009f04abebe68deaf151f2603c332867ece07,train,public-reference-or-acquired
DS-090,dataset/acquisition/acquired/DS-090/Hemp_water_stress/test/water stress 3 days/ryb_C5_20250104_12_00.jpg,ryb_C5_20250104_12_00.jpg,water_stress_3_days,DS-090|unknown_plant|water_stress_3_days,unknown_plant,dataset/acquisition/acquired/DS-090/Hemp_water_stress/test/water stress 3 days,path-derived,whole-plant,273,552,0.4946,215.265,218.8888,214.7247,53.448,50.6357,55.401,217.2976,51.8931,5.628,476.6435,0.0,0.6825,da4c45617bb34c619c64aafa6ccda23305ba0ba676913432a16863cd5194f436,train,public-reference-or-acquired
DS-090,dataset/acquisition/acquired/DS-090/Hemp_water_stress/test/water stress 3 days/ryb_C5_20250104_16_00.jpg,ryb_C5_20250104_16_00.jpg,water_stress_3_days,DS-090|unknown_plant|water_stress_3_days,unknown_plant,dataset/acquisition/acquired/DS-090/Hemp_water_stress/test/water stress 3 days,path-derived,whole-plant,273,552,0.4946,198.7056,200.8319,198.7879,52.2715,50.2232,53.5608,199.9563,51.1488,6.7031,591.9516,0.0,0.4894,0cdbe4c5212f2d2bbf908141a6f87d513df579d3cb12c101cb98e335ae5d08b6,train,public-reference-or-acquired
DS-090,dataset/acquisition/acquired/DS-090/Hemp_water_stress/test/water stress 6 days/ryb_C1_20250105_10_00.jpg,ryb_C1_20250105_10_00.jpg,water_stress_6_days,DS-090|unknown_plant|water_stress_6_days,unknown_plant,dataset/acquisition/acquired/DS-090/Hemp_water_stress/test/water stress 6 days,path-derived,whole-plant,273,552,0.4946,236.8029,237.989,235.4008,39.5727,37.6202,41.0332,237.0033,38.5326,2.7511,186.2414,0.0,0.8137,fb4550974c5ad337960529515c5673c24bbdfc793b97a5a171190bd93071dbd2,val,public-reference-or-acquired
DS-090,dataset/acquisition/acquired/DS-090/Hemp_water_stress/test/water stress 6 days/ryb_C1_20250105_15_00.jpg,ryb_C1_20250105_15_00.jpg,water_stress_6_days,DS-090|unknown_plant|water_stress_6_days,unknown_plant,dataset/acquisition/acquired/DS-090/Hemp_water_stress/test/water stress 6 days,path-derived,whole-plant,273,552,0.4946,228.5215,230.6021,227.2297,46.0523,43.6074,46.7706,229.3872,44.6383,4.0746,203.0345,0.0,0.7648,87da667df68343bb1c37030b6b065d88eff90baf9d5645e936849dbc85c9072a,val,public-reference-or-acquired
DS-090,dataset/acquisition/acquired/DS-090/Hemp_water_stress/test/water stress 6 days/ryb_C1_20250105_17_00.jpg,ryb_C1_20250105_17_00.jpg,water_stress_6_days,DS-090|unknown_plant|water_stress_6_days,unknown_plant,dataset/acquisition/acquired/DS-090/Hemp_water_stress/test/water stress 6 days,path-derived,whole-plant,273,552,0.4946,228.8225,230.2921,227.7951,45.9824,44.3211,46.4169,229.3694,45.014,4.1756,225.8998,0.0,0.7775,3a414186c5f660fe154f51a2bdbe92bf1ddd10d46ba0ae266174131115d61b91,val,public-reference-or-acquired
DS-090,dataset/acquisition/acquired/DS-090/Hemp_water_stress/test/water stress 6 days/ryb_C1_20250106_15_00.jpg,ryb_C1_20250106_15_00.jpg,water_stress_6_days,DS-090|unknown_plant|water_stress_6_days,unknown_plant,dataset/acquisition/acquired/DS-090/Hemp_water_stress/test/water stress 6 days,path-derived,whole-plant,273,552,0.4946,236.4133,237.6812,234.9617,39.7861,37.959,41.1948,236.6733,38.8139,2.9331,175.376,0.0,0.8101,df2bc23a47a6a822e4ae2771fbba28c9c97366728ae132da89be34524d260fe7,val,public-reference-or-acquired
DS-090,dataset/acquisition/acquired/DS-090/Hemp_water_stress/test/water stress 6 days/ryb_C2_20250105_12_00.jpg,ryb_C2_20250105_12_00.jpg,water_stress_6_days,DS-090|unknown_plant|water_stress_6_days,unknown_plant,dataset/acquisition/acquired/DS-090/Hemp_water_stress/test/water stress 6 days,path-derived,whole-plant,273,552,0.4946,215.5917,220.4852,217.5083,52.7464,47.7188,56.7244,218.6746,50.0211,6.0659,320.0843,0.0001,0.7715,59aca43fef0cb4ccc1848ab836b8a7774f2e92d07a3624bc32d504d6dda245ed,val,public-reference-or-acquired
DS-090,dataset/acquisition/acquired/DS-090/Hemp_water_stress/test/water stress 6 days/ryb_C2_20250105_17_00.jpg,ryb_C2_20250105_17_00.jpg,water_stress_6_days,DS-090|unknown_plant|water_stress_6_days,unknown_plant,dataset/acquisition/acquired/DS-090/Hemp_water_stress/test/water stress 6 days,path-derived,whole-plant,273,552,0.4946,220.9162,223.5687,220.0696,53.4839,49.8053,55.9068,222.4023,51.4871,5.571,343.7369,0.0001,0.7945,30fd943a1f210ab18513fa44f448ce962283e663b2b40eec770b0ceadb5d0dc7,val,public-reference-or-acquired
DS-090,dataset/acquisition/acquired/DS-090/Hemp_water_stress/test/water stress 6 days/ryb_C2_20250106_14_00.jpg,ryb_C2_20250106_14_00.jpg,water_stress_6_days,DS-090|unknown_plant|water_stress_6_days,unknown_plant,dataset/acquisition/acquired/DS-090/Hemp_water_stress/test/water stress 6 days,path-derived,whole-plant,273,552,0.4946,226.1096,231.7361,222.4379,54.8773,47.8678,59.9468,228.723,50.9831,3.5117,372.3195,0.0,0.7931,acf5d295657b3119df18c984cc3d0e52f5b0b2cb6f2ae84e35e3fe563d625cf2,val,public-reference-or-acquired
DS-090,dataset/acquisition/acquired/DS-090/Hemp_water_stress/test/water stress 6 days/ryb_C2_20250106_17_00.jpg,ryb_C2_20250106_17_00.jpg,water_stress_6_days,DS-090|unknown_plant|water_stress_6_days,unknown_plant,dataset/acquisition/acquired/DS-090/Hemp_water_stress/test/water stress 6 days,path-derived,whole-plant,273,552,0.4946,221.1679,225.1363,214.989,56.5343,50.7393,60.7495,222.7613,53.3914,5.3575,384.9092,0.0001,0.777,318fac527535a670686fe28ff4d5e756fba51b3569a71eb9f671592ac8dd0baf,val,public-reference-or-acquired
DS-090,dataset/acquisition/acquired/DS-090/Hemp_water_stress/test/water stress 6 days/ryb_C3_20250105_12_00.jpg,ryb_C3_20250105_12_00.jpg,water_stress_6_days,DS-090|unknown_plant|water_stress_6_days,unknown_plant,dataset/acquisition/acquired/DS-090/Hemp_water_stress/test/water stress 6 days,path-derived,whole-plant,273,552,0.4946,202.2243,207.0949,197.9733,55.3609,50.2709,58.1683,204.6054,52.5903,6.6101,440.5476,0.0,0.5813,0bbcadb72b773d314cb3270681239b473a52b5b5a824375c17e85e0fff4fc55e,val,public-reference-or-acquired
DS-090,dataset/acquisition/acquired/DS-090/Hemp_water_stress/test/water stress 6 days/ryb_C3_20250106_15_00.jpg,ryb_C3_20250106_15_00.jpg,water_stress_6_days,DS-090|unknown_plant|water_stress_6_days,unknown_plant,dataset/acquisition/acquired/DS-090/Hemp_water_stress/test/water stress 6 days,path-derived,whole-plant,273,552,0.4946,210.5001,214.3383,203.2834,54.2384,49.1255,57.4753,211.9228,51.4923,6.1033,390.8192,0.0,0.6348,ebd054168db44c98fa38135c0a974c6579e845730a0dc1f71ca63ab696c343cb,val,public-reference-or-acquired
DS-090,dataset/acquisition/acquired/DS-090/Hemp_water_stress/test/water stress 6 days/ryb_C4_20250105_08_00.jpg,ryb_C4_20250105_08_00.jpg,water_stress_6_days,DS-090|unknown_plant|water_stress_6_days,unknown_plant,dataset/acquisition/acquired/DS-090/Hemp_water_stress/test/water stress 6 days,path-derived,whole-plant,273,552,0.4946,249.8957,249.8957,249.8957,25.1424,25.1424,25.1424,249.3849,25.1379,0.6779,34.0335,0.0,0.9508,0c685a7b9cc4b2e8cf1184f0e99880de7eca834665b2a5463f6b6a32e764d849,val,public-reference-or-acquired
DS-090,dataset/acquisition/acquired/DS-090/Hemp_water_stress/test/water stress 6 days/ryb_C4_20250105_13_00.jpg,ryb_C4_20250105_13_00.jpg,water_stress_6_days,DS-090|unknown_plant|water_stress_6_days,unknown_plant,dataset/acquisition/acquired/DS-090/Hemp_water_stress/test/water stress 6 days,path-derived,whole-plant,273,552,0.4946,214.5875,219.4199,211.7417,39.2671,36.4404,42.0562,217.1225,37.7893,6.454,145.4081,0.0,0.6556,f234d34d6286b5c1bf0a8c7e91216eefbcac2afa4a06af10c794030500c79075,val,public-reference-or-acquired
DS-090,dataset/acquisition/acquired/DS-090/Hemp_water_stress/test/water stress 6 days/ryb_C5_20250105_10_00.jpg,ryb_C5_20250105_10_00.jpg,water_stress_6_days,DS-090|unknown_plant|water_stress_6_days,unknown_plant,dataset/acquisition/acquired/DS-090/Hemp_water_stress/test/water stress 6 days,path-derived,whole-plant,273,552,0.4946,219.0792,221.2483,215.7473,55.9413,53.4343,58.034,219.8607,54.6148,5.0263,649.7432,0.0,0.7327,6c912563368cb11130461cc074e9a0e12269c95dc7c42efcf7104fbf8099cd9d,val,public-reference-or-acquired
DS-090,dataset/acquisition/acquired/DS-090/Hemp_water_stress/test/water stress 6 days/ryb_C5_20250106_10_00.jpg,ryb_C5_20250106_10_00.jpg,water_stress_6_days,DS-090|unknown_plant|water_stress_6_days,unknown_plant,dataset/acquisition/acquired/DS-090/Hemp_water_stress/test/water stress 6 days,path-derived,whole-plant,273,552,0.4946,202.5146,205.924,201.7493,50.7159,48.6761,52.5468,204.4313,49.6246,6.7817,567.6128,0.0,0.5683,15b1f3f0da13d16c8460bdd8abccedb4183bda61438448510cdac53941b37d50,val,public-reference-or-acquired
DS-090,dataset/acquisition/acquired/DS-090/Hemp_water_stress/test/water stress 6 days/ryb_C5_20250106_16_00.jpg,ryb_C5_20250106_16_00.jpg,water_stress_6_days,DS-090|unknown_plant|water_stress_6_days,unknown_plant,dataset/acquisition/acquired/DS-090/Hemp_water_stress/test/water stress 6 days,path-derived,whole-plant,273,552,0.4946,201.9912,205.337,201.5965,52.2294,49.7536,53.9788,203.915,50.8818,6.7173,566.8116,0.0,0.5771,3ac802a26afb575d6f4b6f2f3b9fde478de34b588bebdeddc50968de5430328e,val,public-reference-or-acquired
DS-090,dataset/acquisition/acquired/DS-090/Hemp_water_stress/test/water stress 6 days/ryb_C5_20250107_10_00.jpg,ryb_C5_20250107_10_00.jpg,water_stress_6_days,DS-090|unknown_plant|water_stress_6_days,unknown_plant,dataset/acquisition/acquired/DS-090/Hemp_water_stress/test/water stress 6 days,path-derived,whole-plant,273,552,0.4946,219.1458,222.1544,216.7339,50.4797,47.5156,54.144,220.5229,48.9043,5.745,573.5499,0.0,0.7011,5e5cfc44c9e5c610da56b76a9f1b0d1f9ff6353cd61a8a2be0c2ff233a3adb20,val,public-reference-or-acquired
DS-090,dataset/acquisition/acquired/DS-090/Hemp_water_stress/test/water stress 6 days/ryb_C5_20250107_13_00.jpg,ryb_C5_20250107_13_00.jpg,water_stress_6_days,DS-090|unknown_plant|water_stress_6_days,unknown_plant,dataset/acquisition/acquired/DS-090/Hemp_water_stress/test/water stress 6 days,path-derived,whole-plant,273,552,0.4946,217.697,221.6905,214.2063,52.5852,49.1948,56.3386,219.5721,50.8473,5.4157,539.6093,0.0,0.7195,7ad8deeabd6837a8608a52f5232bc16a63107a1ce05a4a85c1b5041b72bb1d54,val,public-reference-or-acquired
DS-090,dataset/acquisition/acquired/DS-090/Hemp_water_stress/test/water stress 9 days/ryb_C1_20250108_09_00.jpg,ryb_C1_20250108_09_00.jpg,water_stress_9_days,DS-090|unknown_plant|water_stress_9_days,unknown_plant,dataset/acquisition/acquired/DS-090/Hemp_water_stress/test/water stress 9 days,path-derived,whole-plant,273,552,0.4946,227.1223,230.4664,231.9876,45.4381,42.0798,42.174,229.4704,42.9971,4.244,191.4135,0.0,0.7502,74ab29bfd281fc3fe630b5d1688b6f008d88ecebff0e766f21e9ff179e84b1d1,test,public-reference-or-acquired
DS-090,dataset/acquisition/acquired/DS-090/Hemp_water_stress/test/water stress 9 days/ryb_C1_20250108_11_00.jpg,ryb_C1_20250108_11_00.jpg,water_stress_9_days,DS-090|unknown_plant|water_stress_9_days,unknown_plant,dataset/acquisition/acquired/DS-090/Hemp_water_stress/test/water stress 9 days,path-derived,whole-plant,273,552,0.4946,233.5702,234.7451,232.3599,43.9485,41.897,45.2284,233.8118,42.8328,2.9331,240.1408,0.0,0.7983,37635bc9c1fa55f1f6821c178d6491f14927b17404675003fb070de2b86d532d,test,public-reference-or-acquired
DS-090,dataset/acquisition/acquired/DS-090/Hemp_water_stress/test/water stress 9 days/ryb_C2_20250109_09_00.jpg,ryb_C2_20250109_09_00.jpg,water_stress_9_days,DS-090|unknown_plant|water_stress_9_days,unknown_plant,dataset/acquisition/acquired/DS-090/Hemp_water_stress/test/water stress 9 days,path-derived,whole-plant,273,552,0.4946,237.741,241.8238,234.7552,38.4863,34.0111,43.1155,239.4436,35.8225,2.7497,255.7242,0.0,0.8256,d77c0f0df0a413b609d82aa3db2420d0fef880b24616d6adaecf181f1c6a96e3,test,public-reference-or-acquired
DS-090,dataset/acquisition/acquired/DS-090/Hemp_water_stress/test/water stress 9 days/ryb_C3_20250108_08_00.jpg,ryb_C3_20250108_08_00.jpg,water_stress_9_days,DS-090|unknown_plant|water_stress_9_days,unknown_plant,dataset/acquisition/acquired/DS-090/Hemp_water_stress/test/water stress 9 days,path-derived,whole-plant,273,552,0.4946,212.3089,216.4959,212.0184,58.6087,54.0586,58.0988,214.6942,55.8195,5.3422,408.4516,0.0,0.6921,9eea64d2b6f21b5ba8d3ba9bb97ecc8aac22198257a98b7a8f3fe4ffee65232b,test,public-reference-or-acquired
DS-090,dataset/acquisition/acquired/DS-090/Hemp_water_stress/test/water stress 9 days/ryb_C3_20250109_17_00.jpg,ryb_C3_20250109_17_00.jpg,water_stress_9_days,DS-090|unknown_plant|water_stress_9_days,unknown_plant,dataset/acquisition/acquired/DS-090/Hemp_water_stress/test/water stress 9 days,path-derived,whole-plant,273,552,0.4946,204.422,207.7386,200.0245,59.7942,55.7794,62.1576,205.8654,57.6499,6.2103,487.8624,0.0,0.6312,632e47fcfd24d6f781b8e5afc8a102ecd2fe0cf3c51bbc5f2e29d8c9e58652c5,test,public-reference-or-acquired
DS-090,dataset/acquisition/acquired/DS-090/Hemp_water_stress/test/water stress 9 days/ryb_C3_20250110_12_00.jpg,ryb_C3_20250110_12_00.jpg,water_stress_9_days,DS-090|unknown_plant|water_stress_9_days,unknown_plant,dataset/acquisition/acquired/DS-090/Hemp_water_stress/test/water stress 9 days,path-derived,whole-plant,273,552,0.4946,208.3104,213.6263,201.9833,60.8834,54.5998,65.3578,210.6952,57.5914,5.8336,355.0443,0.0,0.6697,bdd4ff13f546b7721e07669de805971df8e753f2201a01c4d1f8ea524453ffb7,test,public-reference-or-acquired
DS-090,dataset/acquisition/acquired/DS-090/Hemp_water_stress/test/water stress 9 days/ryb_C4_20250108_11_00.jpg,ryb_C4_20250108_11_00.jpg,water_stress_9_days,DS-090|unknown_plant|water_stress_9_days,unknown_plant,dataset/acquisition/acquired/DS-090/Hemp_water_stress/test/water stress 9 days,path-derived,whole-plant,273,552,0.4946,220.0865,223.2257,217.9523,44.1302,41.5807,46.444,221.6485,42.8147,5.7436,245.3534,0.0,0.687,fa23ea8c840a1d584779a7cbe6c6e4b38b9e6bb22e96b868a7acfb0f2c4f74c2,test,public-reference-or-acquired
DS-090,dataset/acquisition/acquired/DS-090/Hemp_water_stress/test/water stress 9 days/ryb_C4_20250108_17_00.jpg,ryb_C4_20250108_17_00.jpg,water_stress_9_days,DS-090|unknown_plant|water_stress_9_days,unknown_plant,dataset/acquisition/acquired/DS-090/Hemp_water_stress/test/water stress 9 days,path-derived,whole-plant,273,552,0.4946,207.0888,210.2445,205.6744,38.9558,37.5072,40.6351,208.7847,38.2274,6.5862,166.311,0.0,0.5671,345c06c9e944ba448e902d2369df797609015ea67deaf2b69a33bb697b052c3a,test,public-reference-or-acquired
DS-090,dataset/acquisition/acquired/DS-090/Hemp_water_stress/test/water stress 9 days/ryb_C4_20250110_09_00.jpg,ryb_C4_20250110_09_00.jpg,water_stress_9_days,DS-090|unknown_plant|water_stress_9_days,unknown_plant,dataset/acquisition/acquired/DS-090/Hemp_water_stress/test/water stress 9 days,path-derived,whole-plant,273,552,0.4946,217.5147,221.1152,220.0038,43.7747,41.5398,44.5504,219.7979,42.4274,5.7679,260.315,0.0,0.6267,c5963c3990c5cde0c3f8e329694bc6b0fb3c36c955179f6660fe31391039aa81,test,public-reference-or-acquired
DS-090,dataset/acquisition/acquired/DS-090/Hemp_water_stress/test/water stress 9 days/ryb_C4_20250110_17_00.jpg,ryb_C4_20250110_17_00.jpg,water_stress_9_days,DS-090|unknown_plant|water_stress_9_days,unknown_plant,dataset/acquisition/acquired/DS-090/Hemp_water_stress/test/water stress 9 days,path-derived,whole-plant,273,552,0.4946,198.9986,202.6135,199.6445,40.553,38.3703,41.8558,201.202,39.3575,6.6459,166.823,0.0,0.4776,ec3cf7f1dd22f6d0e482123805bce7c48306aba7a23308a0034890906ae1e88b,test,public-reference-or-acquired
DS-090,dataset/acquisition/acquired/DS-090/Hemp_water_stress/test/water stress 9 days/ryb_C5_20250108_11_00.jpg,ryb_C5_20250108_11_00.jpg,water_stress_9_days,DS-090|unknown_plant|water_stress_9_days,unknown_plant,dataset/acquisition/acquired/DS-090/Hemp_water_stress/test/water stress 9 days,path-derived,whole-plant,273,552,0.4946,213.4207,217.4944,213.6999,58.5483,54.6823,59.4642,215.7375,56.2862,5.1126,690.9929,0.0,0.6975,4e8193a894f6aa58c7b592da2c9a33aa2b0255fca624cf9c7c86f34929ae42e6,test,public-reference-or-acquired
DS-090,dataset/acquisition/acquired/DS-090/Hemp_water_stress/test/water stress 9 days/ryb_C5_20250108_16_00.jpg,ryb_C5_20250108_16_00.jpg,water_stress_9_days,DS-090|unknown_plant|water_stress_9_days,unknown_plant,dataset/acquisition/acquired/DS-090/Hemp_water_stress/test/water stress 9 days,path-derived,whole-plant,273,552,0.4946,213.3603,217.6429,212.9533,55.7295,51.9833,56.816,215.7618,53.5514,5.5264,611.1115,0.0,0.6942,098bf89151c6843516cde4dc159d8b0e15bb8d554244aa987600d642f43f8da0,test,public-reference-or-acquired
DS-090,dataset/acquisition/acquired/DS-090/Hemp_water_stress/test/water stress 9 days/ryb_C5_20250109_14_00.jpg,ryb_C5_20250109_14_00.jpg,water_stress_9_days,DS-090|unknown_plant|water_stress_9_days,unknown_plant,dataset/acquisition/acquired/DS-090/Hemp_water_stress/test/water stress 9 days,path-derived,whole-plant,273,552,0.4946,210.9312,215.7593,206.3908,55.2197,51.0242,58.574,213.204,52.9909,5.9487,488.5455,0.0,0.6362,d47d2d0b47a8a7224ea83ec29b39b1a37ab4717ede90486a316aeebcd83d8f19,test,public-reference-or-acquired
DS-090,dataset/acquisition/acquired/DS-090/Hemp_water_stress/test/water stress 9 days/ryb_C5_20250110_08_00.jpg,ryb_C5_20250110_08_00.jpg,water_stress_9_days,DS-090|unknown_plant|water_stress_9_days,unknown_plant,dataset/acquisition/acquired/DS-090/Hemp_water_stress/test/water stress 9 days,path-derived,whole-plant,273,552,0.4946,222.8034,225.1367,222.6145,53.953,50.9296,53.8301,223.8957,52.0956,3.7545,478.3065,0.0,0.7316,7461ad0cefc72a04903a516146fb83cb4421e1c51ef97763960e9631e1ca3636,test,public-reference-or-acquired
DS-090,dataset/acquisition/acquired/DS-090/Hemp_water_stress/test/water stress 9 days/ryb_C5_20250110_12_00.jpg,ryb_C5_20250110_12_00.jpg,water_stress_9_days,DS-090|unknown_plant|water_stress_9_days,unknown_plant,dataset/acquisition/acquired/DS-090/Hemp_water_stress/test/water stress 9 days,path-derived,whole-plant,273,552,0.4946,210.3114,214.9458,206.9657,58.4933,53.7004,62.2157,212.5683,55.9667,5.397,559.0847,0.0,0.6522,5e2849be8a699c7cb957afaf59f058a4556096cf025722f25228bc213a94725c,test,public-reference-or-acquired
DS-090,dataset/acquisition/acquired/DS-090/Hemp_water_stress/test/water stress 9 days/ryb_C5_20250110_16_00.jpg,ryb_C5_20250110_16_00.jpg,water_stress_9_days,DS-090|unknown_plant|water_stress_9_days,unknown_plant,dataset/acquisition/acquired/DS-090/Hemp_water_stress/test/water stress 9 days,path-derived,whole-plant,273,552,0.4946,196.4789,201.3913,197.5386,57.4538,54.2655,59.2678,199.4838,55.7184,6.7335,663.7299,0.0,0.5838,94d573792d42e951c9348ff76a5eff49265ba7a8479475c58c010979f02e090d,test,public-reference-or-acquired
DS-090,dataset/acquisition/acquired/DS-090/Hemp_water_stress/train/healthy/ryb_C1_20241229_08_00.jpg,ryb_C1_20241229_08_00.jpg,healthy,DS-090|unknown_plant|healthy,unknown_plant,dataset/acquisition/acquired/DS-090/Hemp_water_stress/train/healthy,path-derived,whole-plant,273,552,0.4946,242.8358,243.2778,243.0131,36.7086,35.7764,35.6173,242.7093,36.0212,1.6931,92.7922,0.0,0.8908,e3a4b120901865f7de132c4f4de04a34b5bfdc90f4ac0ffbfdd8f21fa7edd48b,val,public-reference-or-acquired
DS-090,dataset/acquisition/acquired/DS-090/Hemp_water_stress/train/healthy/ryb_C1_20241229_09_00.jpg,ryb_C1_20241229_09_00.jpg,healthy,DS-090|unknown_plant|healthy,unknown_plant,dataset/acquisition/acquired/DS-090/Hemp_water_stress/train/healthy,path-derived,whole-plant,273,552,0.4946,232.3606,236.8017,240.1196,45.0068,40.8193,37.7229,235.6134,41.5521,3.4504,128.8496,0.0,0.8289,e4bce698dd9c03394abf22a5380e38291fbb402c2309b1e82adbdd94b2d3c684,val,public-reference-or-acquired
DS-090,dataset/acquisition/acquired/DS-090/Hemp_water_stress/train/healthy/ryb_C1_20241229_10_00.jpg,ryb_C1_20241229_10_00.jpg,healthy,DS-090|unknown_plant|healthy,unknown_plant,dataset/acquisition/acquired/DS-090/Hemp_water_stress/train/healthy,path-derived,whole-plant,273,552,0.4946,235.5363,237.1679,237.8026,42.2867,40.3032,40.4083,236.5253,40.8668,3.3781,145.5291,0.0,0.8484,c034706d601188606677a2aae68d12e2ea9e2c5446efa0fde486ef549e321b6d,val,public-reference-or-acquired
DS-090,dataset/acquisition/acquired/DS-090/Hemp_water_stress/train/healthy/ryb_C1_20241229_12_00.jpg,ryb_C1_20241229_12_00.jpg,healthy,DS-090|unknown_plant|healthy,unknown_plant,dataset/acquisition/acquired/DS-090/Hemp_water_stress/train/healthy,path-derived,whole-plant,273,552,0.4946,240.6405,241.5349,239.8825,38.2223,36.6075,39.2235,240.7198,37.3141,2.1609,123.9546,0.0,0.8676,70e666acf7865d293faabd05a18254097f63192a49c2a61e974753fd101b468d,val,public-reference-or-acquired
DS-090,dataset/acquisition/acquired/DS-090/Hemp_water_stress/train/healthy/ryb_C1_20241229_13_00.jpg,ryb_C1_20241229_13_00.jpg,healthy,DS-090|unknown_plant|healthy,unknown_plant,dataset/acquisition/acquired/DS-090/Hemp_water_stress/train/healthy,path-derived,whole-plant,273,552,0.4946,241.1365,242.5191,240.0753,36.3128,34.3314,37.8649,241.486,35.2103,2.4396,99.2822,0.0,0.8708,fbe5fa9a360af9202d88387e64a0b06a48d720d48948c4d7963aaa2c755957e0,val,public-reference-or-acquired
DS-090,dataset/acquisition/acquired/DS-090/Hemp_water_stress/train/healthy/ryb_C1_20241229_14_00.jpg,ryb_C1_20241229_14_00.jpg,healthy,DS-090|unknown_plant|healthy,unknown_plant,dataset/acquisition/acquired/DS-090/Hemp_water_stress/train/healthy,path-derived,whole-plant,273,552,0.4946,241.5985,242.5573,240.2767,35.6103,34.2109,36.8615,241.6791,34.8257,2.5197,89.004,0.0,0.8755,1e340b971679be330c97777957d5728700c841f794d81e9e409e06f4767e0744,val,public-reference-or-acquired
DS-090,dataset/acquisition/acquired/DS-090/Hemp_water_stress/train/healthy/ryb_C1_20241229_15_00.jpg,ryb_C1_20241229_15_00.jpg,healthy,DS-090|unknown_plant|healthy,unknown_plant,dataset/acquisition/acquired/DS-090/Hemp_water_stress/train/healthy,path-derived,whole-plant,273,552,0.4946,233.0287,234.6688,232.0375,41.3998,39.8251,42.5363,233.7705,40.5384,4.1798,115.4512,0.0,0.8295,535ff94e53d77a81436ba76ee590afc5e635d7ed57987d966bf96e36dbad0588,val,public-reference-or-acquired
DS-090,dataset/acquisition/acquired/DS-090/Hemp_water_stress/train/healthy/ryb_C1_20241229_16_00.jpg,ryb_C1_20241229_16_00.jpg,healthy,DS-090|unknown_plant|healthy,unknown_plant,dataset/acquisition/acquired/DS-090/Hemp_water_stress/train/healthy,path-derived,whole-plant,273,552,0.4946,233.2429,234.868,233.1038,42.8817,41.0957,42.9838,234.0276,41.7944,3.8703,136.9228,0.0,0.8394,43f975ce10e9029f1215a3253d71820f13afcdcedc3dd67c25f7dbb63f376b37,val,public-reference-or-acquired
DS-090,dataset/acquisition/acquired/DS-090/Hemp_water_stress/train/healthy/ryb_C1_20241229_17_00.jpg,ryb_C1_20241229_17_00.jpg,healthy,DS-090|unknown_plant|healthy,unknown_plant,dataset/acquisition/acquired/DS-090/Hemp_water_stress/train/healthy,path-derived,whole-plant,273,552,0.4946,235.4883,236.8611,235.4931,42.2963,40.6081,42.2051,236.0737,41.246,3.3315,147.9924,0.0,0.855,d296d010138a2631aad7c2b6f3bae7eaf7511c547da2e34a69c2627927fd7b99,val,public-reference-or-acquired
DS-090,dataset/acquisition/acquired/DS-090/Hemp_water_stress/train/healthy/ryb_C1_20241230_08_00.jpg,ryb_C1_20241230_08_00.jpg,healthy,DS-090|unknown_plant|healthy,unknown_plant,dataset/acquisition/acquired/DS-090/Hemp_water_stress/train/healthy,path-derived,whole-plant,273,552,0.4946,241.2975,241.8368,241.2324,38.0267,36.986,37.2436,241.2252,37.3008,2.0128,110.856,0.0,0.8747,afaa1c2c6547839d144a4c78015be48b6c683bba4aa2843236ae39c00ce4b79f,val,public-reference-or-acquired
DS-090,dataset/acquisition/acquired/DS-090/Hemp_water_stress/train/healthy/ryb_C1_20241230_09_00.jpg,ryb_C1_20241230_09_00.jpg,healthy,DS-090|unknown_plant|healthy,unknown_plant,dataset/acquisition/acquired/DS-090/Hemp_water_stress/train/healthy,path-derived,whole-plant,273,552,0.4946,241.0341,241.7797,240.1705,38.256,36.7014,38.7656,241.0001,37.3553,2.1558,134.6855,0.0,0.8719,c37c3d962e1533721b4b37afd4686b5cb1debb8133aed6a634326eb606506fe3,val,public-reference-or-acquired
DS-090,dataset/acquisition/acquired/DS-090/Hemp_water_stress/train/healthy/ryb_C1_20241230_11_00.jpg,ryb_C1_20241230_11_00.jpg,healthy,DS-090|unknown_plant|healthy,unknown_plant,dataset/acquisition/acquired/DS-090/Hemp_water_stress/train/healthy,path-derived,whole-plant,273,552,0.4946,239.5181,240.6014,238.9651,39.614,37.5913,39.9689,239.7271,38.4119,2.2872,153.7375,0.0,0.8601,5a7f2f3ff90380759e93b973b616b93806e9c297fcf4b194d03f57fe7ae34c9f,val,public-reference-or-acquired
DS-090,dataset/acquisition/acquired/DS-090/Hemp_water_stress/train/healthy/ryb_C1_20241230_12_00.jpg,ryb_C1_20241230_12_00.jpg,healthy,DS-090|unknown_plant|healthy,unknown_plant,dataset/acquisition/acquired/DS-090/Hemp_water_stress/train/healthy,path-derived,whole-plant,273,552,0.4946,237.5504,238.6313,236.1398,40.7839,39.0545,41.8539,237.7187,39.8353,2.8075,141.9764,0.0,0.8477,f02e4aa581f1547c91c96ed7d949b8fb2c569777dbde37154e68794dd0e5d601,val,public-reference-or-acquired
DS-090,dataset/acquisition/acquired/DS-090/Hemp_water_stress/train/healthy/ryb_C1_20241230_13_00.jpg,ryb_C1_20241230_13_00.jpg,healthy,DS-090|unknown_plant|healthy,unknown_plant,dataset/acquisition/acquired/DS-090/Hemp_water_stress/train/healthy,path-derived,whole-plant,273,552,0.4946,236.5888,237.5855,235.6795,40.8452,39.2363,41.2642,236.7928,39.8949,2.9962,141.6614,0.0,0.8399,79704fdc643b4ee85b8f3434292c59b281bec0883624323084a0aa88670da647,val,public-reference-or-acquired
DS-090,dataset/acquisition/acquired/DS-090/Hemp_water_stress/train/healthy/ryb_C1_20241230_15_00.jpg,ryb_C1_20241230_15_00.jpg,healthy,DS-090|unknown_plant|healthy,unknown_plant,dataset/acquisition/acquired/DS-090/Hemp_water_stress/train/healthy,path-derived,whole-plant,273,552,0.4946,238.7492,240.0256,238.2765,39.7298,37.8546,39.9172,239.1098,38.5806,2.5545,135.1278,0.0,0.8516,eb13e1d3ee0a3dc21162dbfc49fe827d020b001c96b2524c412fbad6e9f137b3,val,public-reference-or-acquired
DS-090,dataset/acquisition/acquired/DS-090/Hemp_water_stress/train/healthy/ryb_C1_20241230_16_00.jpg,ryb_C1_20241230_16_00.jpg,healthy,DS-090|unknown_plant|healthy,unknown_plant,dataset/acquisition/acquired/DS-090/Hemp_water_stress/train/healthy,path-derived,whole-plant,273,552,0.4946,229.8954,232.8397,231.7745,43.8948,41.9765,43.4227,231.7235,42.6605,4.3369,147.8779,0.0,0.8202,4f679e7b4da207c14d2342741d094cd2f55ef095a4bc949fc39d55ef38be9e0d,val,public-reference-or-acquired
DS-090,dataset/acquisition/acquired/DS-090/Hemp_water_stress/train/healthy/ryb_C1_20241230_17_00.jpg,ryb_C1_20241230_17_00.jpg,healthy,DS-090|unknown_plant|healthy,unknown_plant,dataset/acquisition/acquired/DS-090/Hemp_water_stress/train/healthy,path-derived,whole-plant,273,552,0.4946,237.2278,238.3673,236.4789,41.059,39.6474,41.0978,237.5353,40.1876,3.0421,150.8785,0.0,0.8562,ab4f16e1b2e6ce10be13910afc9c5aa7cf772d357567c8d005b62762ce442d0e,val,public-reference-or-acquired
DS-090,dataset/acquisition/acquired/DS-090/Hemp_water_stress/train/healthy/ryb_C1_20241231_08_00.jpg,ryb_C1_20241231_08_00.jpg,healthy,DS-090|unknown_plant|healthy,unknown_plant,dataset/acquisition/acquired/DS-090/Hemp_water_stress/train/healthy,path-derived,whole-plant,273,552,0.4946,244.0789,244.0789,244.0789,30.7325,30.7325,30.7325,243.7379,30.7295,2.2103,35.1558,0.0,0.8814,9fb6d0a21924d57192f5e2679d69951a136a2f0ce38ed43b162b22478c1aca75,val,public-reference-or-acquired
DS-090,dataset/acquisition/acquired/DS-090/Hemp_water_stress/train/healthy/ryb_C1_20241231_10_00.jpg,ryb_C1_20241231_10_00.jpg,healthy,DS-090|unknown_plant|healthy,unknown_plant,dataset/acquisition/acquired/DS-090/Hemp_water_stress/train/healthy,path-derived,whole-plant,273,552,0.4946,234.1227,235.8049,234.0813,44.2604,41.8169,44.0582,234.8498,42.7581,3.2447,195.6739,0.0,0.8318,275b8d9a3f4b8d1c4bf2f1ef0a73b36c0f4850563c5ffebdad9fb905a9f6ddb3,val,public-reference-or-acquired
DS-090,dataset/acquisition/acquired/DS-090/Hemp_water_stress/train/healthy/ryb_C1_20241231_11_00.jpg,ryb_C1_20241231_11_00.jpg,healthy,DS-090|unknown_plant|healthy,unknown_plant,dataset/acquisition/acquired/DS-090/Hemp_water_stress/train/healthy,path-derived,whole-plant,273,552,0.4946,236.6379,237.8777,235.5261,42.6193,40.4765,43.6018,236.909,41.4138,2.676,172.8362,0.0,0.8384,1723bf4b9d0b5a74b90e244f3391259e3131fe68397adc716564b15cacd74f3b,val,public-reference-or-acquired
DS-090,dataset/acquisition/acquired/DS-090/Hemp_water_stress/train/healthy/ryb_C1_20241231_12_00.jpg,ryb_C1_20241231_12_00.jpg,healthy,DS-090|unknown_plant|healthy,unknown_plant,dataset/acquisition/acquired/DS-090/Hemp_water_stress/train/healthy,path-derived,whole-plant,273,552,0.4946,236.5928,238.2782,236.1947,41.7565,39.0515,42.0759,237.2096,40.1269,2.723,154.8186,0.0,0.8327,3a56df2cef5e107398d770e82ab849de70108032a949639719c6731bdea37567,val,public-reference-or-acquired
DS-090,dataset/acquisition/acquired/DS-090/Hemp_water_stress/train/healthy/ryb_C1_20241231_13_00.jpg,ryb_C1_20241231_13_00.jpg,healthy,DS-090|unknown_plant|healthy,unknown_plant,dataset/acquisition/acquired/DS-090/Hemp_water_stress/train/healthy,path-derived,whole-plant,273,552,0.4946,239.9273,241.2804,237.8471,36.539,34.542,39.0861,240.1454,35.5251,2.6689,117.6409,0.0,0.846,73e02e403db9f2e1c6e1bfead16557c483d01e52dfdb2df2c5ca757619299a88,val,public-reference-or-acquired
DS-090,dataset/acquisition/acquired/DS-090/Hemp_water_stress/train/healthy/ryb_C1_20241231_14_00.jpg,ryb_C1_20241231_14_00.jpg,healthy,DS-090|unknown_plant|healthy,unknown_plant,dataset/acquisition/acquired/DS-090/Hemp_water_stress/train/healthy,path-derived,whole-plant,273,552,0.4946,235.8822,237.4523,235.962,41.677,39.3627,41.4194,236.5062,40.229,2.8957,162.1464,0.0,0.8306,98f3d5b1dbc065ffd7dbb0c5ede3e356f85f02b9aa1fb81fcddc4cfa73065798,val,public-reference-or-acquired
DS-090,dataset/acquisition/acquired/DS-090/Hemp_water_stress/train/healthy/ryb_C1_20241231_15_00.jpg,ryb_C1_20241231_15_00.jpg,healthy,DS-090|unknown_plant|healthy,unknown_plant,dataset/acquisition/acquired/DS-090/Hemp_water_stress/train/healthy,path-derived,whole-plant,273,552,0.4946,232.7709,234.2452,232.0435,43.3434,41.5034,43.9811,233.3533,42.2795,3.7535,151.4064,0.0,0.8182,8b85a80df642b4ab37ab64c1637477b7c16be73fea04b3bdffc271f384f69f18,val,public-reference-or-acquired
DS-090,dataset/acquisition/acquired/DS-090/Hemp_water_stress/train/healthy/ryb_C1_20241231_17_00.jpg,ryb_C1_20241231_17_00.jpg,healthy,DS-090|unknown_plant|healthy,unknown_plant,dataset/acquisition/acquired/DS-090/Hemp_water_stress/train/healthy,path-derived,whole-plant,273,552,0.4946,235.3741,236.5823,234.0779,42.2601,40.6679,43.3984,235.656,41.4051,3.1032,175.2679,0.0,0.8328,6f0f9774b26cfc52cc3b256afadab96dea8ee8cc78d080732275e204b7bb7e15,val,public-reference-or-acquired
DS-090,dataset/acquisition/acquired/DS-090/Hemp_water_stress/train/healthy/ryb_C2_20241229_09_00.jpg,ryb_C2_20241229_09_00.jpg,healthy,DS-090|unknown_plant|healthy,unknown_plant,dataset/acquisition/acquired/DS-090/Hemp_water_stress/train/healthy,path-derived,whole-plant,273,552,0.4946,212.6402,220.0908,219.6886,61.4183,54.5908,59.6434,217.6972,57.0114,5.4986,386.5097,0.0002,0.7073,91d7806d523e76e7a9dc83325844957ee563180ad028d01fbbc57190cb06c130,val,public-reference-or-acquired
DS-090,dataset/acquisition/acquired/DS-090/Hemp_water_stress/train/healthy/ryb_C2_20241229_10_00.jpg,ryb_C2_20241229_10_00.jpg,healthy,DS-090|unknown_plant|healthy,unknown_plant,dataset/acquisition/acquired/DS-090/Hemp_water_stress/train/healthy,path-derived,whole-plant,273,552,0.4946,215.4983,221.6575,216.8653,52.4315,46.2426,58.142,219.1578,49.0033,5.8221,411.2749,0.0001,0.72,f525db37455f866704ff43c87887c0ce86ed99da4fbf417163fdf7feb5327fcf,val,public-reference-or-acquired
DS-090,dataset/acquisition/acquired/DS-090/Hemp_water_stress/train/healthy/ryb_C2_20241229_15_00.jpg,ryb_C2_20241229_15_00.jpg,healthy,DS-090|unknown_plant|healthy,unknown_plant,dataset/acquisition/acquired/DS-090/Hemp_water_stress/train/healthy,path-derived,whole-plant,273,552,0.4946,212.2121,219.8263,214.1203,54.3519,48.6529,59.7881,216.888,51.3676,5.991,380.0216,0.0,0.728,62fa9fa09ec23aa32139dc2fc73b451bca66624f5bb9b1c3646b3ebbdd1f8559,val,public-reference-or-acquired
DS-090,dataset/acquisition/acquired/DS-090/Hemp_water_stress/train/healthy/ryb_C2_20241229_16_00.jpg,ryb_C2_20241229_16_00.jpg,healthy,DS-090|unknown_plant|healthy,unknown_plant,dataset/acquisition/acquired/DS-090/Hemp_water_stress/train/healthy,path-derived,whole-plant,273,552,0.4946,213.7836,217.7257,209.693,55.6377,51.0362,59.0333,215.6389,53.1861,5.8631,417.8744,0.0001,0.7242,2901ea20922002a0c29bfcedfe90abc28ae5b193127104914a7ccd32091e60d1,val,public-reference-or-acquired
DS-090,dataset/acquisition/acquired/DS-090/Hemp_water_stress/train/healthy/ryb_C2_20241229_17_00.jpg,ryb_C2_20241229_17_00.jpg,healthy,DS-090|unknown_plant|healthy,unknown_plant,dataset/acquisition/acquired/DS-090/Hemp_water_stress/train/healthy,path-derived,whole-plant,273,552,0.4946,210.6381,217.2185,213.0036,54.9115,51.3294,59.1489,214.7696,53.137,5.9953,411.4132,0.0,0.7109,e507f5ab2e6900e24a11186f2c640248cb09203edc7d2894caa9faeeb9dfd668,val,public-reference-or-acquired
DS-090,dataset/acquisition/acquired/DS-090/Hemp_water_stress/train/healthy/ryb_C2_20241230_08_00.jpg,ryb_C2_20241230_08_00.jpg,healthy,DS-090|unknown_plant|healthy,unknown_plant,dataset/acquisition/acquired/DS-090/Hemp_water_stress/train/healthy,path-derived,whole-plant,273,552,0.4946,222.9346,225.0383,221.1084,54.8657,51.8741,56.1302,223.8689,53.1745,4.4418,286.937,0.0,0.7725,50cc10f4cfa58af4d660043214f8348cf7cff9195640c4e930c1efb1c7ea683e,val,public-reference-or-acquired
DS-090,dataset/acquisition/acquired/DS-090/Hemp_water_stress/train/healthy/ryb_C2_20241230_12_00.jpg,ryb_C2_20241230_12_00.jpg,healthy,DS-090|unknown_plant|healthy,unknown_plant,dataset/acquisition/acquired/DS-090/Hemp_water_stress/train/healthy,path-derived,whole-plant,273,552,0.4946,218.5127,224.3445,216.8615,54.9805,48.8671,59.8942,221.7467,51.6655,5.717,336.5712,0.0001,0.7515,687a9959f24ae7aa39f90dd3ce3b45c9e168e9abde7b1faf9a4f7d9699bd87ab,val,public-reference-or-acquired
DS-090,dataset/acquisition/acquired/DS-090/Hemp_water_stress/train/healthy/ryb_C2_20241230_13_00.jpg,ryb_C2_20241230_13_00.jpg,healthy,DS-090|unknown_plant|healthy,unknown_plant,dataset/acquisition/acquired/DS-090/Hemp_water_stress/train/healthy,path-derived,whole-plant,273,552,0.4946,219.5867,224.5918,214.7287,54.1943,48.1045,59.3663,221.9823,50.8802,5.6601,341.8732,0.0001,0.746,3d91d83292ff4042ae2eb3a5ea9d518c88942cca545d1f001c1d9d55cf480a88,val,public-reference-or-acquired
DS-090,dataset/acquisition/acquired/DS-090/Hemp_water_stress/train/healthy/ryb_C2_20241230_16_00.jpg,ryb_C2_20241230_16_00.jpg,healthy,DS-090|unknown_plant|healthy,unknown_plant,dataset/acquisition/acquired/DS-090/Hemp_water_stress/train/healthy,path-derived,whole-plant,273,552,0.4946,215.696,219.8702,215.5278,55.9865,51.7256,59.332,218.1453,53.729,5.8401,416.601,0.0,0.7304,970d4bbd7bd48f2ac04f94c85bf46e7bb57c78935276cb743f30afd0c0d66f55,val,public-reference-or-acquired
DS-090,dataset/acquisition/acquired/DS-090/Hemp_water_stress/train/healthy/ryb_C2_20241230_17_00.jpg,ryb_C2_20241230_17_00.jpg,healthy,DS-090|unknown_plant|healthy,unknown_plant,dataset/acquisition/acquired/DS-090/Hemp_water_stress/train/healthy,path-derived,whole-plant,273,552,0.4946,217.7379,221.0984,215.5639,55.8117,51.4666,59.4169,219.4965,53.5201,5.4967,417.6529,0.0,0.7381,b3382a370a5eba8ad5335f21f758a9b2345adcb4299071285e8f08f597a5b987,val,public-reference-or-acquired
DS-090,dataset/acquisition/acquired/DS-090/Hemp_water_stress/train/healthy/ryb_C2_20241231_10_00.jpg,ryb_C2_20241231_10_00.jpg,healthy,DS-090|unknown_plant|healthy,unknown_plant,dataset/acquisition/acquired/DS-090/Hemp_water_stress/train/healthy,path-derived,whole-plant,273,552,0.4946,214.9183,221.2715,216.1418,54.3131,48.1147,59.6708,218.6674,50.9495,5.965,430.637,0.0002,0.7301,79ec5f1568f16e781a9d17abfd1f9bb58ed3f5842e78c18ead7e4c4268c90bbd,val,public-reference-or-acquired
DS-090,dataset/acquisition/acquired/DS-090/Hemp_water_stress/train/healthy/ryb_C2_20241231_12_00.jpg,ryb_C2_20241231_12_00.jpg,healthy,DS-090|unknown_plant|healthy,unknown_plant,dataset/acquisition/acquired/DS-090/Hemp_water_stress/train/healthy,path-derived,whole-plant,273,552,0.4946,211.2715,217.2068,209.672,54.8405,48.4492,59.8808,214.5651,51.3867,6.3625,361.6488,0.0001,0.6807,9bc872ef55601db867a1269da6ec956bd494a7822244422176e6b70f9bd3ce8c,val,public-reference-or-acquired
DS-090,dataset/acquisition/acquired/DS-090/Hemp_water_stress/train/healthy/ryb_C2_20241231_16_00.jpg,ryb_C2_20241231_16_00.jpg,healthy,DS-090|unknown_plant|healthy,unknown_plant,dataset/acquisition/acquired/DS-090/Hemp_water_stress/train/healthy,path-derived,whole-plant,273,552,0.4946,222.6522,227.9237,217.8158,57.0994,50.6727,62.1456,225.0209,53.6244,4.2957,384.9972,0.0001,0.7569,b6cf49e75a01d594f5ee66180b74a4ae8e7de79ebc69dba5d051a38f8419c3e4,val,public-reference-or-acquired
DS-090,dataset/acquisition/acquired/DS-090/Hemp_water_stress/train/healthy/ryb_C2_20241231_17_00.jpg,ryb_C2_20241231_17_00.jpg,healthy,DS-090|unknown_plant|healthy,unknown_plant,dataset/acquisition/acquired/DS-090/Hemp_water_stress/train/healthy,path-derived,whole-plant,273,552,0.4946,215.1332,218.7086,211.4286,56.0377,51.5418,60.0297,216.8266,53.7014,5.8154,409.4035,0.0001,0.732,baa23661a0c99a00a957ac91048272f2b96c2bb0bf78b964291143468e47d4e8,val,public-reference-or-acquired
DS-090,dataset/acquisition/acquired/DS-090/Hemp_water_stress/train/healthy/ryb_C3_20241229_10_00.jpg,ryb_C3_20241229_10_00.jpg,healthy,DS-090|unknown_plant|healthy,unknown_plant,dataset/acquisition/acquired/DS-090/Hemp_water_stress/train/healthy,path-derived,whole-plant,273,552,0.4946,214.3116,218.0315,213.198,52.4795,48.8767,53.9002,216.3505,50.4367,6.1413,327.0672,0.0,0.7038,911ff9aa775ad3fdea4587be46667bb9044564116dc7e1966a9d220db8e75cab,val,public-reference-or-acquired
DS-090,dataset/acquisition/acquired/DS-090/Hemp_water_stress/train/healthy/ryb_C3_20241229_11_00.jpg,ryb_C3_20241229_11_00.jpg,healthy,DS-090|unknown_plant|healthy,unknown_plant,dataset/acquisition/acquired/DS-090/Hemp_water_stress/train/healthy,path-derived,whole-plant,273,552,0.4946,221.2085,224.7193,218.1391,53.0399,49.369,55.3846,222.8708,51.0455,5.1158,281.9738,0.0,0.7484,bf1b3e99fb54a63469642a30944ff7c8d15c3abfefa2aca9506a054cebf5c478,val,public-reference-or-acquired
DS-090,dataset/acquisition/acquired/DS-090/Hemp_water_stress/train/healthy/ryb_C3_20241229_14_00.jpg,ryb_C3_20241229_14_00.jpg,healthy,DS-090|unknown_plant|healthy,unknown_plant,dataset/acquisition/acquired/DS-090/Hemp_water_stress/train/healthy,path-derived,whole-plant,273,552,0.4946,206.4822,209.4003,202.5792,47.0108,43.6644,50.6547,207.7646,45.3278,6.2349,199.1346,0.0,0.5714,b0a0b4d4dc7268e8b16d78c6deccde6464049bb97abaabb915923d339eea0ceb,val,public-reference-or-acquired
DS-090,dataset/acquisition/acquired/DS-090/Hemp_water_stress/train/healthy/ryb_C3_20241229_16_00.jpg,ryb_C3_20241229_16_00.jpg,healthy,DS-090|unknown_plant|healthy,unknown_plant,dataset/acquisition/acquired/DS-090/Hemp_water_stress/train/healthy,path-derived,whole-plant,273,552,0.4946,202.9223,205.9215,201.3944,51.1507,48.1075,53.1432,204.5247,49.521,6.2821,306.0685,0.0,0.548,44753893fcde4a690d85e4aac5a53b880b4adab669d3fca81e685dcf7f945dc6,val,public-reference-or-acquired
DS-090,dataset/acquisition/acquired/DS-090/Hemp_water_stress/train/healthy/ryb_C3_20241230_10_00.jpg,ryb_C3_20241230_10_00.jpg,healthy,DS-090|unknown_plant|healthy,unknown_plant,dataset/acquisition/acquired/DS-090/Hemp_water_stress/train/healthy,path-derived,whole-plant,273,552,0.4946,213.606,217.77,214.0744,53.6311,50.0812,54.8877,216.0881,51.6031,6.0194,366.9325,0.0,0.6953,d76a51aed45869f1d6827014c555428b08735dda474f203deccfee09fcb74343,val,public-reference-or-acquired
DS-090,dataset/acquisition/acquired/DS-090/Hemp_water_stress/train/healthy/ryb_C3_20241230_14_00.jpg,ryb_C3_20241230_14_00.jpg,healthy,DS-090|unknown_plant|healthy,unknown_plant,dataset/acquisition/acquired/DS-090/Hemp_water_stress/train/healthy,path-derived,whole-plant,273,552,0.4946,217.6997,222.5787,214.7605,51.1148,46.8315,52.9471,220.2176,48.6671,5.512,280.1402,0.0,0.6976,607b9846ca8d42ae391ce720a372e63aa36bd289c269ee2f3a7569b02b4787f4,val,public-reference-or-acquired
DS-090,dataset/acquisition/acquired/DS-090/Hemp_water_stress/train/healthy/ryb_C3_20241230_17_00.jpg,ryb_C3_20241230_17_00.jpg,healthy,DS-090|unknown_plant|healthy,unknown_plant,dataset/acquisition/acquired/DS-090/Hemp_water_stress/train/healthy,path-derived,whole-plant,273,552,0.4946,204.5787,207.0876,203.7212,49.4743,46.7877,50.7871,205.955,47.9858,6.4109,283.8954,0.0,0.5488,edc4af11369a2f5ae4c57ca81cb01dbb85346b075b032117b49588e62cee5f76,val,public-reference-or-acquired
DS-090,dataset/acquisition/acquired/DS-090/Hemp_water_stress/train/healthy/ryb_C3_20241231_08_00.jpg,ryb_C3_20241231_08_00.jpg,healthy,DS-090|unknown_plant|healthy,unknown_plant,dataset/acquisition/acquired/DS-090/Hemp_water_stress/train/healthy,path-derived,whole-plant,273,552,0.4946,246.6736,246.6736,246.6736,36.2223,36.2223,36.2223,246.1966,36.2191,0.9964,39.3927,0.0,0.9453,77351aebcce549efbce242718f0a09f0664dde66a7440e7ce03b80b5932fd585,val,public-reference-or-acquired
DS-090,dataset/acquisition/acquired/DS-090/Hemp_water_stress/train/healthy/ryb_C3_20241231_12_00.jpg,ryb_C3_20241231_12_00.jpg,healthy,DS-090|unknown_plant|healthy,unknown_plant,dataset/acquisition/acquired/DS-090/Hemp_water_stress/train/healthy,path-derived,whole-plant,273,552,0.4946,207.1438,210.5074,204.0481,51.3307,47.7587,54.2565,208.7678,49.463,6.4909,297.6679,0.0,0.6358,7fb12da925af35dea9ed3de11b777be67925b681cbd7cc5cd57e3869cc19c4e8,val,public-reference-or-acquired
DS-090,dataset/acquisition/acquired/DS-090/Hemp_water_stress/train/healthy/ryb_C3_20241231_15_00.jpg,ryb_C3_20241231_15_00.jpg,healthy,DS-090|unknown_plant|healthy,unknown_plant,dataset/acquisition/acquired/DS-090/Hemp_water_stress/train/healthy,path-derived,whole-plant,273,552,0.4946,203.7291,207.6007,205.1301,51.1299,48.2956,53.1,206.1527,49.6258,6.7089,268.6862,0.0,0.5552,7a97b94a912bc19cb2291e2cfc2c588b08d8b63a67829b8a3a446e75e20c1cb7,val,public-reference-or-acquired
DS-090,dataset/acquisition/acquired/DS-090/Hemp_water_stress/train/healthy/ryb_C3_20241231_16_00.jpg,ryb_C3_20241231_16_00.jpg,healthy,DS-090|unknown_plant|healthy,unknown_plant,dataset/acquisition/acquired/DS-090/Hemp_water_stress/train/healthy,path-derived,whole-plant,273,552,0.4946,220.9331,225.1399,215.3805,49.7696,45.2578,52.7145,222.7254,47.2849,5.3539,298.628,0.0,0.72,8111125ba81fff9b8586a6806568f0038b5195bf0232aec0e4bfbf21a6a572e5,val,public-reference-or-acquired
DS-090,dataset/acquisition/acquired/DS-090/Hemp_water_stress/train/healthy/ryb_C4_20241229_08_00.jpg,ryb_C4_20241229_08_00.jpg,healthy,DS-090|unknown_plant|healthy,unknown_plant,dataset/acquisition/acquired/DS-090/Hemp_water_stress/train/healthy,path-derived,whole-plant,273,552,0.4946,227.1739,229.6416,227.4139,40.9458,39.4693,40.8969,228.5857,40.0389,5.2857,157.2985,0.0,0.7713,383a24e91674c534cca14c8b253ff80b348b704bd184f93b1e8bb6643a991d9c,val,public-reference-or-acquired
DS-090,dataset/acquisition/acquired/DS-090/Hemp_water_stress/train/healthy/ryb_C4_20241229_10_00.jpg,ryb_C4_20241229_10_00.jpg,healthy,DS-090|unknown_plant|healthy,unknown_plant,dataset/acquisition/acquired/DS-090/Hemp_water_stress/train/healthy,path-derived,whole-plant,273,552,0.4946,210.3087,213.7498,211.5497,40.2994,38.6716,42.0294,212.4707,39.476,6.5136,194.286,0.0,0.6013,34e7bdf73ea381047e4e4cc0b30fb4ddfd8bddf9774fa63a5779ebc952bb3ae6,val,public-reference-or-acquired
DS-090,dataset/acquisition/acquired/DS-090/Hemp_water_stress/train/healthy/ryb_C4_20241229_12_00.jpg,ryb_C4_20241229_12_00.jpg,healthy,DS-090|unknown_plant|healthy,unknown_plant,dataset/acquisition/acquired/DS-090/Hemp_water_stress/train/healthy,path-derived,whole-plant,273,552,0.4946,223.7505,225.8905,219.377,38.4475,36.719,41.4077,224.5304,37.6873,5.8969,162.0674,0.0,0.7417,04604a7daeab4f6bfb9d7cb3bfb047e3d0003ca2c6187800534d6fb463066ed4,val,public-reference-or-acquired
DS-090,dataset/acquisition/acquired/DS-090/Hemp_water_stress/train/healthy/ryb_C4_20241229_13_00.jpg,ryb_C4_20241229_13_00.jpg,healthy,DS-090|unknown_plant|healthy,unknown_plant,dataset/acquisition/acquired/DS-090/Hemp_water_stress/train/healthy,path-derived,whole-plant,273,552,0.4946,211.1944,217.0686,210.076,32.8674,31.8477,38.6489,214.5163,32.7349,6.1463,100.4106,0.0,0.6339,60adc1ceaaab25b324c2cbc30479024f0fdee44f6cec4cdc89613db6abf25eba,val,public-reference-or-acquired
DS-090,dataset/acquisition/acquired/DS-090/Hemp_water_stress/train/healthy/ryb_C4_20241229_17_00.jpg,ryb_C4_20241229_17_00.jpg,healthy,DS-090|unknown_plant|healthy,unknown_plant,dataset/acquisition/acquired/DS-090/Hemp_water_stress/train/healthy,path-derived,whole-plant,273,552,0.4946,205.5623,207.399,204.4476,38.5029,37.0424,39.6821,206.5231,37.7289,6.4986,143.3137,0.0,0.4286,c2c67d48895c8869a6b8ac82dfe221715c5ad537c8e6451156d61583b3d4ae6d,val,public-reference-or-acquired
DS-090,dataset/acquisition/acquired/DS-090/Hemp_water_stress/train/healthy/ryb_C4_20241230_09_00.jpg,ryb_C4_20241230_09_00.jpg,healthy,DS-090|unknown_plant|healthy,unknown_plant,dataset/acquisition/acquired/DS-090/Hemp_water_stress/train/healthy,path-derived,whole-plant,273,552,0.4946,220.6936,221.9957,215.5632,40.6867,39.2116,42.1792,220.8629,39.9306,6.0877,209.0937,0.0,0.694,f8e4c3c154315a38d014a44fa1baefeff0753615311d8614e043fef6f35fd575,val,public-reference-or-acquired
DS-090,dataset/acquisition/acquired/DS-090/Hemp_water_stress/train/healthy/ryb_C4_20241230_11_00.jpg,ryb_C4_20241230_11_00.jpg,healthy,DS-090|unknown_plant|healthy,unknown_plant,dataset/acquisition/acquired/DS-090/Hemp_water_stress/train/healthy,path-derived,whole-plant,273,552,0.4946,220.276,224.155,219.892,40.9887,39.2406,43.3627,222.4817,40.1368,5.9895,217.5361,0.0,0.7356,83091611a8f81452306a72d49cdb085a4b61cccc6b3ddb80fb7debdb70e64a07,val,public-reference-or-acquired
DS-090,dataset/acquisition/acquired/DS-090/Hemp_water_stress/train/healthy/ryb_C4_20241230_12_00.jpg,ryb_C4_20241230_12_00.jpg,healthy,DS-090|unknown_plant|healthy,unknown_plant,dataset/acquisition/acquired/DS-090/Hemp_water_stress/train/healthy,path-derived,whole-plant,273,552,0.4946,208.457,212.4662,209.9032,38.5703,36.4083,40.8327,210.983,37.4624,6.5842,147.3925,0.0,0.5459,e4cadd8021ae5ac4769b5cebe6b1cab1d95ac0b417f05e108dbd0193c76b6d41,val,public-reference-or-acquired
DS-090,dataset/acquisition/acquired/DS-090/Hemp_water_stress/train/healthy/ryb_C4_20241230_14_00.jpg,ryb_C4_20241230_14_00.jpg,healthy,DS-090|unknown_plant|healthy,unknown_plant,dataset/acquisition/acquired/DS-090/Hemp_water_stress/train/healthy,path-derived,whole-plant,273,552,0.4946,216.2616,220.1909,216.2741,38.9494,36.6067,40.8812,218.5699,37.6758,6.3182,156.1628,0.0,0.6454,a778e260eafae23a259f75740d90fa7aaa7336a6b5f849f3906bc7774590d671,val,public-reference-or-acquired
DS-090,dataset/acquisition/acquired/DS-090/Hemp_water_stress/train/healthy/ryb_C4_20241230_15_00.jpg,ryb_C4_20241230_15_00.jpg,healthy,DS-090|unknown_plant|healthy,unknown_plant,dataset/acquisition/acquired/DS-090/Hemp_water_stress/train/healthy,path-derived,whole-plant,273,552,0.4946,213.7246,217.5815,211.6224,39.1161,36.9075,41.7299,215.7528,37.9921,6.4602,165.52,0.0,0.6063,4df8bfbd9b0f3f9a2e130922a6ccdb39e62209ecc06a11bdfafb454d4290ac77,val,public-reference-or-acquired
DS-090,dataset/acquisition/acquired/DS-090/Hemp_water_stress/train/healthy/ryb_C4_20241230_16_00.jpg,ryb_C4_20241230_16_00.jpg,healthy,DS-090|unknown_plant|healthy,unknown_plant,dataset/acquisition/acquired/DS-090/Hemp_water_stress/train/healthy,path-derived,whole-plant,273,552,0.4946,201.9294,206.8774,206.5368,37.3442,36.9555,40.2369,205.3667,37.369,6.631,159.5662,0.0,0.4237,795f1cb568b8a5f2faaac3641e95f57324b2b84a784185230479b79d26423617,val,public-reference-or-acquired
DS-090,dataset/acquisition/acquired/DS-090/Hemp_water_stress/train/healthy/ryb_C4_20241230_17_00.jpg,ryb_C4_20241230_17_00.jpg,healthy,DS-090|unknown_plant|healthy,unknown_plant,dataset/acquisition/acquired/DS-090/Hemp_water_stress/train/healthy,path-derived,whole-plant,273,552,0.4946,199.4587,203.2636,202.2261,38.0602,36.5818,39.862,202.0014,37.3331,6.6219,164.4492,0.0,0.3462,2c7868964cbed6ce76e076e6a695b95566ec348516e688b7beac39456fdf9907,val,public-reference-or-acquired
DS-090,dataset/acquisition/acquired/DS-090/Hemp_water_stress/train/healthy/ryb_C4_20241231_08_00.jpg,ryb_C4_20241231_08_00.jpg,healthy,DS-090|unknown_plant|healthy,unknown_plant,dataset/acquisition/acquired/DS-090/Hemp_water_stress/train/healthy,path-derived,whole-plant,273,552,0.4946,249.729,249.729,249.729,25.6533,25.6533,25.6533,249.2205,25.6492,0.6859,33.4966,0.0,0.9505,154bd9badd4b1ae281a8224aa22a4617bbaf3fa65485f217f8cd16798137d7c6,val,public-reference-or-acquired
DS-090,dataset/acquisition/acquired/DS-090/Hemp_water_stress/train/healthy/ryb_C4_20241231_09_00.jpg,ryb_C4_20241231_09_00.jpg,healthy,DS-090|unknown_plant|healthy,unknown_plant,dataset/acquisition/acquired/DS-090/Hemp_water_stress/train/healthy,path-derived,whole-plant,273,552,0.4946,219.9873,222.2533,220.2011,40.5569,38.991,41.0563,221.334,39.6511,6.0053,196.3376,0.0,0.7002,305504c0197c95f4b5e1024b5337e751acb3439ab58a19336db0a4a7fba1c785,val,public-reference-or-acquired
DS-090,dataset/acquisition/acquired/DS-090/Hemp_water_stress/train/healthy/ryb_C4_20241231_10_00.jpg,ryb_C4_20241231_10_00.jpg,healthy,DS-090|unknown_plant|healthy,unknown_plant,dataset/acquisition/acquired/DS-090/Hemp_water_stress/train/healthy,path-derived,whole-plant,273,552,0.4946,207.4388,211.2473,210.4231,41.5289,39.4105,43.0297,210.0045,40.3829,6.5864,235.884,0.0,0.5982,4598b301dccb7dc6db4ac7f02865683ceba3119b0d34b70085fd9b3c0d2d4232,val,public-reference-or-acquired
DS-090,dataset/acquisition/acquired/DS-090/Hemp_water_stress/train/healthy/ryb_C4_20241231_16_00.jpg,ryb_C4_20241231_16_00.jpg,healthy,DS-090|unknown_plant|healthy,unknown_plant,dataset/acquisition/acquired/DS-090/Hemp_water_stress/train/healthy,path-derived,whole-plant,273,552,0.4946,216.4431,220.5906,211.6386,40.2709,37.3321,42.06,218.3283,38.6323,6.2779,175.9322,0.0,0.6383,86877509e92924b972d37f4ebabc89b3a09cc65a1ce8c55c334efa8ab37707e5,val,public-reference-or-acquired
DS-090,dataset/acquisition/acquired/DS-090/Hemp_water_stress/train/healthy/ryb_C4_20241231_17_00.jpg,ryb_C4_20241231_17_00.jpg,healthy,DS-090|unknown_plant|healthy,unknown_plant,dataset/acquisition/acquired/DS-090/Hemp_water_stress/train/healthy,path-derived,whole-plant,273,552,0.4946,246.7213,247.6396,244.6769,21.4118,20.9581,23.3702,246.6534,21.2475,2.8531,34.6371,0.0,0.9265,26f9fb04fc202bb04baa58c39542a099cc571f170fb2af4d646781f8a0e898f8,val,public-reference-or-acquired
DS-090,dataset/acquisition/acquired/DS-090/Hemp_water_stress/train/healthy/ryb_C5_20241229_11_00.jpg,ryb_C5_20241229_11_00.jpg,healthy,DS-090|unknown_plant|healthy,unknown_plant,dataset/acquisition/acquired/DS-090/Hemp_water_stress/train/healthy,path-derived,whole-plant,273,552,0.4946,222.6289,225.287,222.502,50.3926,47.9835,51.8279,224.1243,49.026,5.1784,340.8768,0.0,0.7812,39f9d62c35314c96b7c9cd1bd1d9c2294a51658005f6828683e09290b7fc72ea,val,public-reference-or-acquired
DS-090,dataset/acquisition/acquired/DS-090/Hemp_water_stress/train/healthy/ryb_C5_20241229_12_00.jpg,ryb_C5_20241229_12_00.jpg,healthy,DS-090|unknown_plant|healthy,unknown_plant,dataset/acquisition/acquired/DS-090/Hemp_water_stress/train/healthy,path-derived,whole-plant,273,552,0.4946,225.1767,227.6414,224.4952,48.9676,46.4666,50.8303,226.4708,47.5649,4.8526,364.9116,0.0,0.7883,42c6f7cf62b8a71122a5ff6adc1c9b2f96946eb8caaa379aa30a4b27a935152c,val,public-reference-or-acquired
DS-090,dataset/acquisition/acquired/DS-090/Hemp_water_stress/train/healthy/ryb_C5_20241229_13_00.jpg,ryb_C5_20241229_13_00.jpg,healthy,DS-090|unknown_plant|healthy,unknown_plant,dataset/acquisition/acquired/DS-090/Hemp_water_stress/train/healthy,path-derived,whole-plant,273,552,0.4946,217.7259,221.7712,214.4865,45.9968,43.5621,50.2969,219.7261,44.8365,6.0302,300.3214,0.0,0.687,1444cae53554946491ba26dc153a7090a3bb7a72554f7123a39425a81060af44,val,public-reference-or-acquired
DS-090,dataset/acquisition/acquired/DS-090/Hemp_water_stress/train/healthy/ryb_C5_20241229_16_00.jpg,ryb_C5_20241229_16_00.jpg,healthy,DS-090|unknown_plant|healthy,unknown_plant,dataset/acquisition/acquired/DS-090/Hemp_water_stress/train/healthy,path-derived,whole-plant,273,552,0.4946,213.2475,214.0067,208.2115,50.5117,49.1858,51.7697,213.1169,49.8304,6.2708,408.7777,0.0,0.6149,cc40c46a7f52c91bc8b944b1bd0f549b1d30d6e714cb57c83e9c056b2fbad6dd,val,public-reference-or-acquired
DS-090,dataset/acquisition/acquired/DS-090/Hemp_water_stress/train/healthy/ryb_C5_20241230_09_00.jpg,ryb_C5_20241230_09_00.jpg,healthy,DS-090|unknown_plant|healthy,unknown_plant,dataset/acquisition/acquired/DS-090/Hemp_water_stress/train/healthy,path-derived,whole-plant,273,552,0.4946,227.5837,228.9165,225.0418,51.0489,49.1104,52.6901,227.9183,50.012,4.3954,444.5156,0.0,0.7985,8f76c4a2b67e06eaa07277c144d8fd169f169833149449a4b19f7b4079743ede,val,public-reference-or-acquired
DS-090,dataset/acquisition/acquired/DS-090/Hemp_water_stress/train/healthy/ryb_C5_20241230_10_00.jpg,ryb_C5_20241230_10_00.jpg,healthy,DS-090|unknown_plant|healthy,unknown_plant,dataset/acquisition/acquired/DS-090/Hemp_water_stress/train/healthy,path-derived,whole-plant,273,552,0.4946,223.5363,226.0205,223.6162,50.7532,48.1057,52.415,224.8364,49.2557,4.9895,408.1994,0.0,0.7384,617ac6cfe02be718576e459ddb1a2f4b8d8736cbc66e58afc2b1a18124da0da8,val,public-reference-or-acquired
DS-090,dataset/acquisition/acquired/DS-090/Hemp_water_stress/train/healthy/ryb_C5_20241230_11_00.jpg,ryb_C5_20241230_11_00.jpg,healthy,DS-090|unknown_plant|healthy,unknown_plant,dataset/acquisition/acquired/DS-090/Hemp_water_stress/train/healthy,path-derived,whole-plant,273,552,0.4946,221.1107,223.7659,220.1841,52.1374,49.7003,53.7459,222.4931,50.7911,5.2038,445.0162,0.0,0.7617,7ca2404a8326692c0831724e2b88d999517551464cde3b30c50435c028cbb23d,val,public-reference-or-acquired
DS-090,dataset/acquisition/acquired/DS-090/Hemp_water_stress/train/healthy/ryb_C5_20241230_12_00.jpg,ryb_C5_20241230_12_00.jpg,healthy,DS-090|unknown_plant|healthy,unknown_plant,dataset/acquisition/acquired/DS-090/Hemp_water_stress/train/healthy,path-derived,whole-plant,273,552,0.4946,217.9616,220.8728,215.4103,49.5912,47.1355,52.0882,219.3691,48.3132,5.7729,346.1297,0.0,0.7109,8ec9ce0bc22bfdafe1d34e186298a80ef82274f516e9da921ce46c1f93d00b48,val,public-reference-or-acquired
DS-090,dataset/acquisition/acquired/DS-090/Hemp_water_stress/train/healthy/ryb_C5_20241230_13_00.jpg,ryb_C5_20241230_13_00.jpg,healthy,DS-090|unknown_plant|healthy,unknown_plant,dataset/acquisition/acquired/DS-090/Hemp_water_stress/train/healthy,path-derived,whole-plant,273,552,0.4946,215.2614,217.8094,210.2807,48.4992,46.17,50.9907,216.1856,47.2783,6.2235,360.6214,0.0,0.6656,685cf9a41d22a384488d5d70f612a2fb1fe585f5ddc33f50bff89e4247d6d5e8,val,public-reference-or-acquired
DS-090,dataset/acquisition/acquired/DS-090/Hemp_water_stress/train/healthy/ryb_C5_20241230_17_00.jpg,ryb_C5_20241230_17_00.jpg,healthy,DS-090|unknown_plant|healthy,unknown_plant,dataset/acquisition/acquired/DS-090/Hemp_water_stress/train/healthy,path-derived,whole-plant,273,552,0.4946,212.1363,214.9548,214.3094,50.6736,49.3411,51.5082,214.0401,49.9255,6.1515,420.6728,0.0,0.6804,76ad0481260e1143f7ab7aa65829f264c6477db0ccaf23fbfa6efbb66f7a7e52,val,public-reference-or-acquired
DS-090,dataset/acquisition/acquired/DS-090/Hemp_water_stress/train/healthy/ryb_C5_20241231_09_00.jpg,ryb_C5_20241231_09_00.jpg,healthy,DS-090|unknown_plant|healthy,unknown_plant,dataset/acquisition/acquired/DS-090/Hemp_water_stress/train/healthy,path-derived,whole-plant,273,552,0.4946,225.8148,227.2666,225.306,50.8832,49.3773,51.5158,226.4621,50.0161,4.4007,473.9773,0.0,0.7795,e0bd75abd4c2aa15993372b63ac6cd6f908db754ca49fbcc56196dd746c38bb8,val,public-reference-or-acquired
DS-090,dataset/acquisition/acquired/DS-090/Hemp_water_stress/train/healthy/ryb_C5_20241231_12_00.jpg,ryb_C5_20241231_12_00.jpg,healthy,DS-090|unknown_plant|healthy,unknown_plant,dataset/acquisition/acquired/DS-090/Hemp_water_stress/train/healthy,path-derived,whole-plant,273,552,0.4946,214.5422,218.0345,213.9676,51.5726,48.4627,53.3234,216.5156,49.8199,5.872,371.9898,0.0,0.6446,ff707d75ff57195b26bc2eaa34c95a1fd2a1a1c2ba7ed7e0d28c7dc82d9dbb64,val,public-reference-or-acquired
DS-090,dataset/acquisition/acquired/DS-090/Hemp_water_stress/train/healthy/ryb_C5_20241231_15_00.jpg,ryb_C5_20241231_15_00.jpg,healthy,DS-090|unknown_plant|healthy,unknown_plant,dataset/acquisition/acquired/DS-090/Hemp_water_stress/train/healthy,path-derived,whole-plant,273,552,0.4946,210.523,213.6005,213.0878,47.3133,46.1502,49.8381,212.6209,46.8268,6.5309,345.0502,0.0,0.6318,90887628f023734fabe02a020550d350e808aade86fcd0cca5f1eb7b6f240e37,val,public-reference-or-acquired
DS-090,dataset/acquisition/acquired/DS-090/Hemp_water_stress/train/healthy/ryb_C5_20241231_17_00.jpg,ryb_C5_20241231_17_00.jpg,healthy,DS-090|unknown_plant|healthy,unknown_plant,dataset/acquisition/acquired/DS-090/Hemp_water_stress/train/healthy,path-derived,whole-plant,273,552,0.4946,207.0151,209.6424,205.8983,50.6341,49.1682,52.6404,208.4338,49.9253,6.5266,458.5383,0.0,0.5796,917210fc762130271fb3b3449806876462cef2e08922c88033841d9c413867fb,val,public-reference-or-acquired
DS-090,dataset/acquisition/acquired/DS-090/Hemp_water_stress/train/water stress 3 days/ryb_C1_20250102_08_00.jpg,ryb_C1_20250102_08_00.jpg,water_stress_3_days,DS-090|unknown_plant|water_stress_3_days,unknown_plant,dataset/acquisition/acquired/DS-090/Hemp_water_stress/train/water stress 3 days,path-derived,whole-plant,273,552,0.4946,237.9543,238.7522,237.5748,41.2135,39.7193,40.8733,238.0168,40.266,2.4434,146.0625,0.0,0.8434,1ccc323e02bce853bf98951ec74ed57b8cc2143dbf496f5aac4e542018c1a9d4,train,public-reference-or-acquired
DS-090,dataset/acquisition/acquired/DS-090/Hemp_water_stress/train/water stress 3 days/ryb_C1_20250102_09_00.jpg,ryb_C1_20250102_09_00.jpg,water_stress_3_days,DS-090|unknown_plant|water_stress_3_days,unknown_plant,dataset/acquisition/acquired/DS-090/Hemp_water_stress/train/water stress 3 days,path-derived,whole-plant,273,552,0.4946,229.9567,235.5738,236.4056,46.0868,40.4853,40.2939,233.7683,41.9789,3.7279,180.4896,0.0,0.8182,024725142d7cbd15a54b9d3f488816b28b4de6fefa7e3e4f30baf3d91db247f4,train,public-reference-or-acquired
DS-090,dataset/acquisition/acquired/DS-090/Hemp_water_stress/train/water stress 3 days/ryb_C1_20250102_10_00.jpg,ryb_C1_20250102_10_00.jpg,water_stress_3_days,DS-090|unknown_plant|water_stress_3_days,unknown_plant,dataset/acquisition/acquired/DS-090/Hemp_water_stress/train/water stress 3 days,path-derived,whole-plant,273,552,0.4946,234.7848,236.6154,234.1925,42.1824,39.2886,42.6203,235.4959,40.4621,3.0794,194.6985,0.0,0.817,a3c682e25b0fe71a1c79a9205f082b62cba5833dbd349aa0c54b4365fb53abaa,train,public-reference-or-acquired
DS-090,dataset/acquisition/acquired/DS-090/Hemp_water_stress/train/water stress 3 days/ryb_C1_20250102_11_00.jpg,ryb_C1_20250102_11_00.jpg,water_stress_3_days,DS-090|unknown_plant|water_stress_3_days,unknown_plant,dataset/acquisition/acquired/DS-090/Hemp_water_stress/train/water stress 3 days,path-derived,whole-plant,273,552,0.4946,237.1851,238.5762,236.8991,40.0982,37.6543,39.9739,237.6194,38.5779,2.5868,167.8025,0.0,0.8238,31951971558ce197e73bb0dad89014d52394527ed37ca93b9032030a67349dd6,train,public-reference-or-acquired
DS-090,dataset/acquisition/acquired/DS-090/Hemp_water_stress/train/water stress 3 days/ryb_C1_20250102_13_00.jpg,ryb_C1_20250102_13_00.jpg,water_stress_3_days,DS-090|unknown_plant|water_stress_3_days,unknown_plant,dataset/acquisition/acquired/DS-090/Hemp_water_stress/train/water stress 3 days,path-derived,whole-plant,273,552,0.4946,237.0553,239.3186,235.5033,38.9704,35.9475,40.9818,237.8776,37.2668,2.9981,143.5007,0.0,0.8222,1534cc299b8fc7fe0b74aa07695926d54c73daa7173f3240388f35065f150bf3,train,public-reference-or-acquired
DS-090,dataset/acquisition/acquired/DS-090/Hemp_water_stress/train/water stress 3 days/ryb_C1_20250102_14_00.jpg,ryb_C1_20250102_14_00.jpg,water_stress_3_days,DS-090|unknown_plant|water_stress_3_days,unknown_plant,dataset/acquisition/acquired/DS-090/Hemp_water_stress/train/water stress 3 days,path-derived,whole-plant,273,552,0.4946,233.9034,235.4619,230.4804,41.4075,39.3417,44.7196,234.2013,40.4138,3.8292,146.3306,0.0,0.8043,35cb88c38872809afd6a3acc9407789bc36d86c2f52b95428767008dabb1a3c1,train,public-reference-or-acquired
DS-090,dataset/acquisition/acquired/DS-090/Hemp_water_stress/train/water stress 3 days/ryb_C1_20250102_15_00.jpg,ryb_C1_20250102_15_00.jpg,water_stress_3_days,DS-090|unknown_plant|water_stress_3_days,unknown_plant,dataset/acquisition/acquired/DS-090/Hemp_water_stress/train/water stress 3 days,path-derived,whole-plant,273,552,0.4946,229.2391,231.0839,226.7307,44.0169,42.0218,46.374,229.9012,43.0231,4.4793,159.6568,0.0,0.7783,406f5a0ea56c6dad73b14320d607e82a5cba0b0bb25d3350aa71f7921fce19f5,train,public-reference-or-acquired
DS-090,dataset/acquisition/acquired/DS-090/Hemp_water_stress/train/water stress 3 days/ryb_C1_20250102_17_00.jpg,ryb_C1_20250102_17_00.jpg,water_stress_3_days,DS-090|unknown_plant|water_stress_3_days,unknown_plant,dataset/acquisition/acquired/DS-090/Hemp_water_stress/train/water stress 3 days,path-derived,whole-plant,273,552,0.4946,225.4332,228.8092,228.6444,47.2741,44.8936,46.1867,227.676,45.6945,4.7534,208.4652,0.0,0.7781,f644e16e57887cd5410ad1b8efc233ae8b748619d2bbb0910833cb31c217f4f4,train,public-reference-or-acquired
DS-090,dataset/acquisition/acquired/DS-090/Hemp_water_stress/train/water stress 3 days/ryb_C1_20250103_08_00.jpg,ryb_C1_20250103_08_00.jpg,water_stress_3_days,DS-090|unknown_plant|water_stress_3_days,unknown_plant,dataset/acquisition/acquired/DS-090/Hemp_water_stress/train/water stress 3 days,path-derived,whole-plant,273,552,0.4946,235.4525,236.2792,235.6094,43.6873,42.1911,42.463,235.6252,42.6297,2.7045,170.4003,0.0,0.8245,b58f578455f3964594f3d1ee614e4f88df8cb767f380d07b5684b2b85edf301a,train,public-reference-or-acquired
DS-090,dataset/acquisition/acquired/DS-090/Hemp_water_stress/train/water stress 3 days/ryb_C1_20250103_09_00.jpg,ryb_C1_20250103_09_00.jpg,water_stress_3_days,DS-090|unknown_plant|water_stress_3_days,unknown_plant,dataset/acquisition/acquired/DS-090/Hemp_water_stress/train/water stress 3 days,path-derived,whole-plant,273,552,0.4946,224.7462,231.0891,233.2611,49.422,43.2711,42.201,229.2388,44.8058,4.1169,200.5175,0.0,0.7477,1c1156fbb6f7583d537e0483c7c650f8c240dd60dfc8e9469119e59c5a485bfa,train,public-reference-or-acquired
DS-090,dataset/acquisition/acquired/DS-090/Hemp_water_stress/train/water stress 3 days/ryb_C1_20250103_10_00.jpg,ryb_C1_20250103_10_00.jpg,water_stress_3_days,DS-090|unknown_plant|water_stress_3_days,unknown_plant,dataset/acquisition/acquired/DS-090/Hemp_water_stress/train/water stress 3 days,path-derived,whole-plant,273,552,0.4946,229.2947,232.3756,231.3907,44.5225,41.4151,43.9551,231.1187,42.5462,4.4178,206.0993,0.0,0.791,4113ba2d9d9c350a835cc01c733f53ecf0ddb4172447519d2bd3b7e4a142e637,train,public-reference-or-acquired
DS-090,dataset/acquisition/acquired/DS-090/Hemp_water_stress/train/water stress 3 days/ryb_C1_20250103_11_00.jpg,ryb_C1_20250103_11_00.jpg,water_stress_3_days,DS-090|unknown_plant|water_stress_3_days,unknown_plant,dataset/acquisition/acquired/DS-090/Hemp_water_stress/train/water stress 3 days,path-derived,whole-plant,273,552,0.4946,237.0878,238.1332,236.235,40.0104,38.2284,40.8137,237.2633,38.9947,2.6587,173.2753,0.0,0.8214,38b0e86747d00b4ce8be248d2cb63117c2e156efa592b3205e9d16d0638e3ac8,train,public-reference-or-acquired
DS-090,dataset/acquisition/acquired/DS-090/Hemp_water_stress/train/water stress 3 days/ryb_C1_20250103_12_00.jpg,ryb_C1_20250103_12_00.jpg,water_stress_3_days,DS-090|unknown_plant|water_stress_3_days,unknown_plant,dataset/acquisition/acquired/DS-090/Hemp_water_stress/train/water stress 3 days,path-derived,whole-plant,273,552,0.4946,236.6721,237.902,234.2938,40.1233,38.1529,43.1773,236.7931,39.2129,2.871,172.8816,0.0,0.8152,26a802244410182163cb694f54ace0676e40ee98eefa082e5005fa9b17038614,train,public-reference-or-acquired
DS-090,dataset/acquisition/acquired/DS-090/Hemp_water_stress/train/water stress 3 days/ryb_C1_20250103_13_00.jpg,ryb_C1_20250103_13_00.jpg,water_stress_3_days,DS-090|unknown_plant|water_stress_3_days,unknown_plant,dataset/acquisition/acquired/DS-090/Hemp_water_stress/train/water stress 3 days,path-derived,whole-plant,273,552,0.4946,239.7802,241.6952,236.8359,35.7912,33.1896,39.2015,240.2165,34.4568,2.7926,118.4897,0.0,0.842,0e5e6b90d356fade1985621a6e9d86ff55c7cca2da1c6c549dd9b4a6d7d40750,train,public-reference-or-acquired
DS-090,dataset/acquisition/acquired/DS-090/Hemp_water_stress/train/water stress 3 days/ryb_C1_20250103_14_00.jpg,ryb_C1_20250103_14_00.jpg,water_stress_3_days,DS-090|unknown_plant|water_stress_3_days,unknown_plant,dataset/acquisition/acquired/DS-090/Hemp_water_stress/train/water stress 3 days,path-derived,whole-plant,273,552,0.4946,237.8555,238.6383,233.1116,38.1635,37.1309,43.263,237.4553,37.9896,3.1476,134.2004,0.0,0.8202,5ffe92442d9d8a4a2aac4a6cef3084900470f798e48061262bc02805a37b2757,train,public-reference-or-acquired
DS-090,dataset/acquisition/acquired/DS-090/Hemp_water_stress/train/water stress 3 days/ryb_C1_20250103_16_00.jpg,ryb_C1_20250103_16_00.jpg,water_stress_3_days,DS-090|unknown_plant|water_stress_3_days,unknown_plant,dataset/acquisition/acquired/DS-090/Hemp_water_stress/train/water stress 3 days,path-derived,whole-plant,273,552,0.4946,223.1682,225.3275,221.9276,47.5641,45.4912,48.2725,224.2219,46.3788,5.0546,201.2935,0.0,0.7401,35064c567ba3e6ef21b687be4cca4c6c072d972a3767ffe3dca7280a8617e168,train,public-reference-or-acquired
DS-090,dataset/acquisition/acquired/DS-090/Hemp_water_stress/train/water stress 3 days/ryb_C1_20250103_17_00.jpg,ryb_C1_20250103_17_00.jpg,water_stress_3_days,DS-090|unknown_plant|water_stress_3_days,unknown_plant,dataset/acquisition/acquired/DS-090/Hemp_water_stress/train/water stress 3 days,path-derived,whole-plant,273,552,0.4946,233.7227,235.025,231.3855,43.1535,41.4492,45.1733,233.9381,42.3098,3.358,200.3673,0.0,0.8056,9bf248b768e1d883b3f9ddc3013dfca0bd956cb207536d2975bb151c7714472a,train,public-reference-or-acquired
DS-090,dataset/acquisition/acquired/DS-090/Hemp_water_stress/train/water stress 3 days/ryb_C1_20250104_08_00.jpg,ryb_C1_20250104_08_00.jpg,water_stress_3_days,DS-090|unknown_plant|water_stress_3_days,unknown_plant,dataset/acquisition/acquired/DS-090/Hemp_water_stress/train/water stress 3 days,path-derived,whole-plant,273,552,0.4946,234.5401,235.2407,234.6421,44.1514,42.8074,42.9249,234.649,43.1923,2.8723,173.0046,0.0,0.8144,aa2477a97836790e516c7c0b392dae19bbb9480253640586da56db90c4427b8f,train,public-reference-or-acquired
DS-090,dataset/acquisition/acquired/DS-090/Hemp_water_stress/train/water stress 3 days/ryb_C1_20250104_09_00.jpg,ryb_C1_20250104_09_00.jpg,water_stress_3_days,DS-090|unknown_plant|water_stress_3_days,unknown_plant,dataset/acquisition/acquired/DS-090/Hemp_water_stress/train/water stress 3 days,path-derived,whole-plant,273,552,0.4946,224.1445,228.0383,229.781,50.1019,45.7001,45.183,226.8904,46.8635,4.2117,229.1394,0.0,0.7321,a0aee4b6767cf32fce0fdf4890abaddb01a5520839b4e8ab4cc22d4f0c807fc9,train,public-reference-or-acquired
DS-090,dataset/acquisition/acquired/DS-090/Hemp_water_stress/train/water stress 3 days/ryb_C1_20250104_10_00.jpg,ryb_C1_20250104_10_00.jpg,water_stress_3_days,DS-090|unknown_plant|water_stress_3_days,unknown_plant,dataset/acquisition/acquired/DS-090/Hemp_water_stress/train/water stress 3 days,path-derived,whole-plant,273,552,0.4946,234.4778,236.5934,234.8124,41.8171,38.6148,40.9255,235.4408,39.7595,3.0405,205.1092,0.0,0.8052,4fc1bd85a9f3ad8a2d21440ba18d738594ac75adba0f76347f1068689c3b0f26,train,public-reference-or-acquired
DS-090,dataset/acquisition/acquired/DS-090/Hemp_water_stress/train/water stress 3 days/ryb_C1_20250104_11_00.jpg,ryb_C1_20250104_11_00.jpg,water_stress_3_days,DS-090|unknown_plant|water_stress_3_days,unknown_plant,dataset/acquisition/acquired/DS-090/Hemp_water_stress/train/water stress 3 days,path-derived,whole-plant,273,552,0.4946,235.0594,236.5104,234.326,42.2576,39.7857,42.8352,235.4929,40.8088,2.8193,199.4167,0.0,0.8076,3ee64d8933a88b7c0ea4de53ac4ca9c236aafc13e783d5a7fc3b83c61299e864,train,public-reference-or-acquired
DS-090,dataset/acquisition/acquired/DS-090/Hemp_water_stress/train/water stress 3 days/ryb_C1_20250104_12_00.jpg,ryb_C1_20250104_12_00.jpg,water_stress_3_days,DS-090|unknown_plant|water_stress_3_days,unknown_plant,dataset/acquisition/acquired/DS-090/Hemp_water_stress/train/water stress 3 days,path-derived,whole-plant,273,552,0.4946,234.5849,236.277,233.0803,42.9136,40.2374,44.4755,235.0811,41.4412,2.9866,182.3882,0.0,0.8036,5ced4484b966b44f2c8c20f019ee86e72430508ff377f558b021406276c72b68,train,public-reference-or-acquired
DS-090,dataset/acquisition/acquired/DS-090/Hemp_water_stress/train/water stress 3 days/ryb_C1_20250104_14_00.jpg,ryb_C1_20250104_14_00.jpg,water_stress_3_days,DS-090|unknown_plant|water_stress_3_days,unknown_plant,dataset/acquisition/acquired/DS-090/Hemp_water_stress/train/water stress 3 days,path-derived,whole-plant,273,552,0.4946,232.3821,233.9949,229.5268,43.6013,41.2732,46.5419,232.7166,42.4755,3.4157,191.6336,0.0,0.7852,67a9b40c37b5e45e19e263471e5e3774f192c2cdf75916f47d10dba35db210c0,train,public-reference-or-acquired
DS-090,dataset/acquisition/acquired/DS-090/Hemp_water_stress/train/water stress 3 days/ryb_C1_20250104_15_00.jpg,ryb_C1_20250104_15_00.jpg,water_stress_3_days,DS-090|unknown_plant|water_stress_3_days,unknown_plant,dataset/acquisition/acquired/DS-090/Hemp_water_stress/train/water stress 3 days,path-derived,whole-plant,273,552,0.4946,227.1685,229.8613,227.5683,45.4723,42.8551,45.803,228.6447,43.8933,4.489,176.1482,0.0,0.7608,27951a96fbfd4e378e5d564e8243e42d149e1c3432771e15d646b7e03797a37d,train,public-reference-or-acquired
DS-090,dataset/acquisition/acquired/DS-090/Hemp_water_stress/train/water stress 3 days/ryb_C1_20250104_16_00.jpg,ryb_C1_20250104_16_00.jpg,water_stress_3_days,DS-090|unknown_plant|water_stress_3_days,unknown_plant,dataset/acquisition/acquired/DS-090/Hemp_water_stress/train/water stress 3 days,path-derived,whole-plant,273,552,0.4946,216.7917,220.4731,219.3036,48.8706,46.6563,49.1675,219.2174,47.5451,5.7713,210.1046,0.0,0.6833,5aed3d13ca6bec47a721274c072d0a1b8eb608a4e83bfe401ea1eb1f9fe541f3,train,public-reference-or-acquired
DS-090,dataset/acquisition/acquired/DS-090/Hemp_water_stress/train/water stress 3 days/ryb_C1_20250104_17_00.jpg,ryb_C1_20250104_17_00.jpg,water_stress_3_days,DS-090|unknown_plant|water_stress_3_days,unknown_plant,dataset/acquisition/acquired/DS-090/Hemp_water_stress/train/water stress 3 days,path-derived,whole-plant,273,552,0.4946,232.375,233.8898,230.3436,44.0727,42.0849,45.7869,232.7599,43.0325,3.4797,214.3638,0.0,0.7939,9b7b2dd02d077fed0c134f84e3454145bd3ad970c3030f0ff8c8b6092d664100,train,public-reference-or-acquired
DS-090,dataset/acquisition/acquired/DS-090/Hemp_water_stress/train/water stress 3 days/ryb_C2_20250102_08_00.jpg,ryb_C2_20250102_08_00.jpg,water_stress_3_days,DS-090|unknown_plant|water_stress_3_days,unknown_plant,dataset/acquisition/acquired/DS-090/Hemp_water_stress/train/water stress 3 days,path-derived,whole-plant,273,552,0.4946,224.6255,228.0858,224.1343,56.5363,51.8405,56.6955,226.347,53.6911,3.5988,284.7071,0.0,0.7918,67771f47791e8fe449bee8bafcc6a096ffe429f05eb2695cb4864cd05bf937e7,train,public-reference-or-acquired
DS-090,dataset/acquisition/acquired/DS-090/Hemp_water_stress/train/water stress 3 days/ryb_C2_20250102_09_00.jpg,ryb_C2_20250102_09_00.jpg,water_stress_3_days,DS-090|unknown_plant|water_stress_3_days,unknown_plant,dataset/acquisition/acquired/DS-090/Hemp_water_stress/train/water stress 3 days,path-derived,whole-plant,273,552,0.4946,214.4089,222.4284,219.322,58.8251,52.3722,60.5198,219.4917,55.0008,5.0489,358.0787,0.0001,0.7282,674c6d97fc31535252521abc509d7d1afa367b29cf8717e2a9a678960997b690,train,public-reference-or-acquired
DS-090,dataset/acquisition/acquired/DS-090/Hemp_water_stress/train/water stress 3 days/ryb_C2_20250102_10_00.jpg,ryb_C2_20250102_10_00.jpg,water_stress_3_days,DS-090|unknown_plant|water_stress_3_days,unknown_plant,dataset/acquisition/acquired/DS-090/Hemp_water_stress/train/water stress 3 days,path-derived,whole-plant,273,552,0.4946,201.4197,207.9402,207.6433,54.5243,49.17,59.0827,205.86,51.6308,6.274,433.9117,0.0002,0.5812,42c9fae07ef4448684c113a6a2beafe58f84afee973cf6e52b85efdad6566b7f,train,public-reference-or-acquired
DS-090,dataset/acquisition/acquired/DS-090/Hemp_water_stress/train/water stress 3 days/ryb_C2_20250102_12_00.jpg,ryb_C2_20250102_12_00.jpg,water_stress_3_days,DS-090|unknown_plant|water_stress_3_days,unknown_plant,dataset/acquisition/acquired/DS-090/Hemp_water_stress/train/water stress 3 days,path-derived,whole-plant,273,552,0.4946,218.4266,222.618,214.9061,55.1552,48.8816,59.9424,220.4859,51.7342,5.5972,361.7877,0.0001,0.763,3d00d6763833dc435b750fbf1dfb2b14c3af864f3feb612df666855d9bff8069,train,public-reference-or-acquired
DS-090,dataset/acquisition/acquired/DS-090/Hemp_water_stress/train/water stress 3 days/ryb_C2_20250102_13_00.jpg,ryb_C2_20250102_13_00.jpg,water_stress_3_days,DS-090|unknown_plant|water_stress_3_days,unknown_plant,dataset/acquisition/acquired/DS-090/Hemp_water_stress/train/water stress 3 days,path-derived,whole-plant,273,552,0.4946,215.8346,222.5542,214.9388,48.333,42.6196,57.2626,219.6612,45.5188,5.6549,281.3257,0.0001,0.767,cd68cdefd33d212cce880afc164d60c456f3fa108922b5464b548d262c68e7a3,train,public-reference-or-acquired
DS-090,dataset/acquisition/acquired/DS-090/Hemp_water_stress/train/water stress 3 days/ryb_C2_20250102_14_00.jpg,ryb_C2_20250102_14_00.jpg,water_stress_3_days,DS-090|unknown_plant|water_stress_3_days,unknown_plant,dataset/acquisition/acquired/DS-090/Hemp_water_stress/train/water stress 3 days,path-derived,whole-plant,273,552,0.4946,217.5754,222.6231,215.88,50.1403,44.4941,57.9494,220.3595,47.3466,5.8218,289.7976,0.0001,0.7639,b71f42e78e4788de0b4f74f18ea3191f97f061d661e3d8ed176db11764827d26,train,public-reference-or-acquired
DS-090,dataset/acquisition/acquired/DS-090/Hemp_water_stress/train/water stress 3 days/ryb_C2_20250102_16_00.jpg,ryb_C2_20250102_16_00.jpg,water_stress_3_days,DS-090|unknown_plant|water_stress_3_days,unknown_plant,dataset/acquisition/acquired/DS-090/Hemp_water_stress/train/water stress 3 days,path-derived,whole-plant,273,552,0.4946,215.0753,218.7038,215.53,54.4068,50.5085,57.5817,217.2584,52.3686,6.0322,379.2741,0.0001,0.7594,1643d32312e105722c61d6650a1e33d54027c74ef79222813a3ee137ad32b0b0,train,public-reference-or-acquired
DS-090,dataset/acquisition/acquired/DS-090/Hemp_water_stress/train/water stress 3 days/ryb_C2_20250102_17_00.jpg,ryb_C2_20250102_17_00.jpg,water_stress_3_days,DS-090|unknown_plant|water_stress_3_days,unknown_plant,dataset/acquisition/acquired/DS-090/Hemp_water_stress/train/water stress 3 days,path-derived,whole-plant,273,552,0.4946,218.2924,222.2514,218.5828,55.2965,51.2056,58.068,220.6805,53.0879,5.6805,387.3028,0.0,0.7732,6f33be7cc6dfd1bcc1b19fa1fef69267d15b0a9032e2775b5f6801020dde6742,train,public-reference-or-acquired
DS-090,dataset/acquisition/acquired/DS-090/Hemp_water_stress/train/water stress 3 days/ryb_C2_20250103_11_00.jpg,ryb_C2_20250103_11_00.jpg,water_stress_3_days,DS-090|unknown_plant|water_stress_3_days,unknown_plant,dataset/acquisition/acquired/DS-090/Hemp_water_stress/train/water stress 3 days,path-derived,whole-plant,273,552,0.4946,219.7086,224.792,219.4044,54.1848,48.8513,58.6537,222.6251,51.3054,5.3175,381.8937,0.0001,0.8017,4586e616f8ad9c107deb17684393c9ba0f737daf0a361b234f929dbf6d1c3bf1,train,public-reference-or-acquired
DS-090,dataset/acquisition/acquired/DS-090/Hemp_water_stress/train/water stress 3 days/ryb_C2_20250103_13_00.jpg,ryb_C2_20250103_13_00.jpg,water_stress_3_days,DS-090|unknown_plant|water_stress_3_days,unknown_plant,dataset/acquisition/acquired/DS-090/Hemp_water_stress/train/water stress 3 days,path-derived,whole-plant,273,552,0.4946,221.629,225.9879,216.6217,50.4904,45.2955,56.9125,223.6325,47.8136,5.5998,281.6457,0.0001,0.7765,222f5f5dbe4cc8d1a1fc572ec258105c348bc0074fbe995769d91c157e372a5b,train,public-reference-or-acquired
DS-090,dataset/acquisition/acquired/DS-090/Hemp_water_stress/train/water stress 3 days/ryb_C2_20250103_14_00.jpg,ryb_C2_20250103_14_00.jpg,water_stress_3_days,DS-090|unknown_plant|water_stress_3_days,unknown_plant,dataset/acquisition/acquired/DS-090/Hemp_water_stress/train/water stress 3 days,path-derived,whole-plant,273,552,0.4946,226.3566,230.2964,222.3325,53.1491,47.7252,58.1111,228.1145,50.2661,4.4788,281.8818,0.0001,0.8089,2fe6fbe0e5ee4a79e1f6c3f4cad5a31ae3130668098af7900ebb00be170c9426,train,public-reference-or-acquired
DS-090,dataset/acquisition/acquired/DS-090/Hemp_water_stress/train/water stress 3 days/ryb_C2_20250103_15_00.jpg,ryb_C2_20250103_15_00.jpg,water_stress_3_days,DS-090|unknown_plant|water_stress_3_days,unknown_plant,dataset/acquisition/acquired/DS-090/Hemp_water_stress/train/water stress 3 days,path-derived,whole-plant,273,552,0.4946,220.7082,225.4742,218.396,55.5442,50.8137,59.3956,223.241,53.0298,5.297,328.3987,0.0001,0.7873,110638341055593bb57f067dd0152e9e501b21292a8a9715e08ce6889d1537ca,train,public-reference-or-acquired
DS-090,dataset/acquisition/acquired/DS-090/Hemp_water_stress/train/water stress 3 days/ryb_C2_20250104_08_00.jpg,ryb_C2_20250104_08_00.jpg,water_stress_3_days,DS-090|unknown_plant|water_stress_3_days,unknown_plant,dataset/acquisition/acquired/DS-090/Hemp_water_stress/train/water stress 3 days,path-derived,whole-plant,273,552,0.4946,227.1268,229.1267,226.0306,53.9059,50.9015,54.3224,227.9912,52.1157,3.9343,219.1273,0.0,0.8096,5eea8606ac5b36cb4f2751bd9a2617691329cc5c242965b518d1afde2aaebe9e,train,public-reference-or-acquired
DS-090,dataset/acquisition/acquired/DS-090/Hemp_water_stress/train/water stress 3 days/ryb_C2_20250104_09_00.jpg,ryb_C2_20250104_09_00.jpg,water_stress_3_days,DS-090|unknown_plant|water_stress_3_days,unknown_plant,dataset/acquisition/acquired/DS-090/Hemp_water_stress/train/water stress 3 days,path-derived,whole-plant,273,552,0.4946,215.0026,219.4584,219.6646,55.0268,49.9715,57.7468,218.0132,52.148,5.8381,266.8869,0.0001,0.7316,a9a8d531ce40d5d8377754cc97f1f55b1ac77d56a483685a1e22ec78d7916f30,train,public-reference-or-acquired
DS-090,dataset/acquisition/acquired/DS-090/Hemp_water_stress/train/water stress 3 days/ryb_C2_20250104_12_00.jpg,ryb_C2_20250104_12_00.jpg,water_stress_3_days,DS-090|unknown_plant|water_stress_3_days,unknown_plant,dataset/acquisition/acquired/DS-090/Hemp_water_stress/train/water stress 3 days,path-derived,whole-plant,273,552,0.4946,219.3131,223.5919,218.7254,52.3881,47.012,55.7684,221.7533,49.3686,5.5614,251.8042,0.0001,0.7927,60963b2abd293aaac0011489305c758ff68f722f486f4b44ea4e101a181753c7,train,public-reference-or-acquired
DS-090,dataset/acquisition/acquired/DS-090/Hemp_water_stress/train/water stress 3 days/ryb_C2_20250104_14_00.jpg,ryb_C2_20250104_14_00.jpg,water_stress_3_days,DS-090|unknown_plant|water_stress_3_days,unknown_plant,dataset/acquisition/acquired/DS-090/Hemp_water_stress/train/water stress 3 days,path-derived,whole-plant,273,552,0.4946,217.5636,220.3941,217.1307,50.2993,46.4599,54.0302,219.1718,48.33,5.542,259.4423,0.0001,0.7932,e6103659b206174ae45ea48b8a3a089bac16b72ff9941eb7b817f0f090de2ee1,train,public-reference-or-acquired
DS-090,dataset/acquisition/acquired/DS-090/Hemp_water_stress/train/water stress 3 days/ryb_C3_20250102_08_00.jpg,ryb_C3_20250102_08_00.jpg,water_stress_3_days,DS-090|unknown_plant|water_stress_3_days,unknown_plant,dataset/acquisition/acquired/DS-090/Hemp_water_stress/train/water stress 3 days,path-derived,whole-plant,273,552,0.4946,214.2166,215.804,211.964,54.5219,52.3425,53.4325,214.8794,53.0847,5.8073,267.0929,0.0,0.6572,e6aef2a2eaeebfdbad32c52a1b04874399a95ec6e5be6fa44774feb2e526dae9,train,public-reference-or-acquired
DS-090,dataset/acquisition/acquired/DS-090/Hemp_water_stress/train/water stress 3 days/ryb_C3_20250102_10_00.jpg,ryb_C3_20250102_10_00.jpg,water_stress_3_days,DS-090|unknown_plant|water_stress_3_days,unknown_plant,dataset/acquisition/acquired/DS-090/Hemp_water_stress/train/water stress 3 days,path-derived,whole-plant,273,552,0.4946,202.5195,206.7424,203.5603,57.7546,53.7374,58.8882,205.0921,55.4394,6.5008,484.0382,0.0,0.5735,89c1f5561f2f76c340153b012d2d40af468ec0ee7e856272cdec17fc99214618,train,public-reference-or-acquired
DS-090,dataset/acquisition/acquired/DS-090/Hemp_water_stress/train/water stress 3 days/ryb_C3_20250102_11_00.jpg,ryb_C3_20250102_11_00.jpg,water_stress_3_days,DS-090|unknown_plant|water_stress_3_days,unknown_plant,dataset/acquisition/acquired/DS-090/Hemp_water_stress/train/water stress 3 days,path-derived,whole-plant,273,552,0.4946,215.7236,219.6562,213.4184,55.9136,51.221,58.19,217.6792,53.3145,5.2783,455.1177,0.0,0.6976,91c3836ce3f75fef53a40e25812c3b2c9926db2db10d47e0cc8ff2272a372034,train,public-reference-or-acquired
DS-090,dataset/acquisition/acquired/DS-090/Hemp_water_stress/train/water stress 3 days/ryb_C3_20250102_14_00.jpg,ryb_C3_20250102_14_00.jpg,water_stress_3_days,DS-090|unknown_plant|water_stress_3_days,unknown_plant,dataset/acquisition/acquired/DS-090/Hemp_water_stress/train/water stress 3 days,path-derived,whole-plant,273,552,0.4946,202.7847,207.8296,197.6968,50.1201,45.8798,53.9,205.179,47.891,6.752,316.1593,0.0,0.5614,8b839c808d21b468118c391fe8593f8686efcf37818122612c4d51675d8363da,train,public-reference-or-acquired
DS-090,dataset/acquisition/acquired/DS-090/Hemp_water_stress/train/water stress 3 days/ryb_C3_20250102_15_00.jpg,ryb_C3_20250102_15_00.jpg,water_stress_3_days,DS-090|unknown_plant|water_stress_3_days,unknown_plant,dataset/acquisition/acquired/DS-090/Hemp_water_stress/train/water stress 3 days,path-derived,whole-plant,273,552,0.4946,199.8069,205.4633,200.6388,52.5982,48.5852,54.6707,203.219,50.3853,6.7903,326.1386,0.0,0.5322,424e1f1ec52454aaa08e34f5cee2b6af4674039ae39f58d21bf2bebdf9214712,train,public-reference-or-acquired
DS-090,dataset/acquisition/acquired/DS-090/Hemp_water_stress/train/water stress 3 days/ryb_C3_20250102_17_00.jpg,ryb_C3_20250102_17_00.jpg,water_stress_3_days,DS-090|unknown_plant|water_stress_3_days,unknown_plant,dataset/acquisition/acquired/DS-090/Hemp_water_stress/train/water stress 3 days,path-derived,whole-plant,273,552,0.4946,200.8751,203.2153,198.1357,53.3859,50.7265,54.3668,201.9297,51.8856,6.7511,392.6519,0.0,0.5442,872724f1f232e3a1633edb735493f4925d5161f88fc23dafe9c8fb8156e93ca0,train,public-reference-or-acquired
DS-090,dataset/acquisition/acquired/DS-090/Hemp_water_stress/train/water stress 3 days/ryb_C3_20250103_08_00.jpg,ryb_C3_20250103_08_00.jpg,water_stress_3_days,DS-090|unknown_plant|water_stress_3_days,unknown_plant,dataset/acquisition/acquired/DS-090/Hemp_water_stress/train/water stress 3 days,path-derived,whole-plant,273,552,0.4946,213.2523,217.7749,215.1194,59.0665,53.9723,57.0659,216.0644,55.7655,5.165,343.9105,0.0,0.6854,abb9daaab7370d3fa2bf0881633c4652d142fdacbca7c6fb5029ae798a07869c,train,public-reference-or-acquired
DS-090,dataset/acquisition/acquired/DS-090/Hemp_water_stress/train/water stress 3 days/ryb_C3_20250103_10_00.jpg,ryb_C3_20250103_10_00.jpg,water_stress_3_days,DS-090|unknown_plant|water_stress_3_days,unknown_plant,dataset/acquisition/acquired/DS-090/Hemp_water_stress/train/water stress 3 days,path-derived,whole-plant,273,552,0.4946,200.0703,204.3962,198.4778,57.9878,53.3047,59.212,202.4162,55.2895,6.6829,494.6743,0.0,0.5276,a410e4fb7dc01980b91a8425fca47496b35870d86851f6f788c21c30cc8d2703,train,public-reference-or-acquired
DS-090,dataset/acquisition/acquired/DS-090/Hemp_water_stress/train/water stress 3 days/ryb_C3_20250103_13_00.jpg,ryb_C3_20250103_13_00.jpg,water_stress_3_days,DS-090|unknown_plant|water_stress_3_days,unknown_plant,dataset/acquisition/acquired/DS-090/Hemp_water_stress/train/water stress 3 days,path-derived,whole-plant,273,552,0.4946,209.5415,215.328,202.5411,49.6009,44.1826,54.5117,212.1403,46.7801,6.5912,258.3694,0.0,0.6374,d9a80843d8ded4ef93f2c64b3cf6ec328b03c7222fcd6853872e2e0a2919e645,train,public-reference-or-acquired
DS-090,dataset/acquisition/acquired/DS-090/Hemp_water_stress/train/water stress 3 days/ryb_C3_20250103_14_00.jpg,ryb_C3_20250103_14_00.jpg,water_stress_3_days,DS-090|unknown_plant|water_stress_3_days,unknown_plant,dataset/acquisition/acquired/DS-090/Hemp_water_stress/train/water stress 3 days,path-derived,whole-plant,273,552,0.4946,219.596,224.5943,213.481,49.9586,43.8259,54.203,221.7898,46.6574,5.4357,297.0044,0.0,0.706,9c78eaf002bcbd4b90eb4542e37b296c40b0ee154c9a51b2c050cdae90c5c694,train,public-reference-or-acquired
DS-090,dataset/acquisition/acquired/DS-090/Hemp_water_stress/train/water stress 3 days/ryb_C3_20250103_16_00.jpg,ryb_C3_20250103_16_00.jpg,water_stress_3_days,DS-090|unknown_plant|water_stress_3_days,unknown_plant,dataset/acquisition/acquired/DS-090/Hemp_water_stress/train/water stress 3 days,path-derived,whole-plant,273,552,0.4946,195.4567,200.5725,194.3169,53.3341,48.9684,54.8252,198.3331,50.8593,6.8204,378.4408,0.0,0.4858,3d377b4c634702ae2f0c5f98bc0ee09bd0193aad6fc4f324e77d5d17b6d4b31e,train,public-reference-or-acquired
DS-090,dataset/acquisition/acquired/DS-090/Hemp_water_stress/train/water stress 3 days/ryb_C3_20250103_17_00.jpg,ryb_C3_20250103_17_00.jpg,water_stress_3_days,DS-090|unknown_plant|water_stress_3_days,unknown_plant,dataset/acquisition/acquired/DS-090/Hemp_water_stress/train/water stress 3 days,path-derived,whole-plant,273,552,0.4946,211.7287,213.9695,205.6134,54.0561,51.1783,55.9219,212.3485,52.5216,6.1532,383.9894,0.0,0.6618,9e0b3f58420971c1ca5f1c5f1a5fcc649ed892289cf4136a979e509437e7d473,train,public-reference-or-acquired
DS-090,dataset/acquisition/acquired/DS-090/Hemp_water_stress/train/water stress 3 days/ryb_C3_20250104_10_00.jpg,ryb_C3_20250104_10_00.jpg,water_stress_3_days,DS-090|unknown_plant|water_stress_3_days,unknown_plant,dataset/acquisition/acquired/DS-090/Hemp_water_stress/train/water stress 3 days,path-derived,whole-plant,273,552,0.4946,208.6061,213.0197,207.0121,57.6965,53.0582,59.2305,211.0053,55.0698,5.8051,469.7502,0.0,0.6568,6b52ce51821df061f63e366217c1f6ad41a7d945a671fa172856b643be6ab8fd,train,public-reference-or-acquired
DS-090,dataset/acquisition/acquired/DS-090/Hemp_water_stress/train/water stress 3 days/ryb_C3_20250104_11_00.jpg,ryb_C3_20250104_11_00.jpg,water_stress_3_days,DS-090|unknown_plant|water_stress_3_days,unknown_plant,dataset/acquisition/acquired/DS-090/Hemp_water_stress/train/water stress 3 days,path-derived,whole-plant,273,552,0.4946,213.5182,217.0235,208.6271,57.3853,52.4624,60.3607,214.9657,54.744,5.6811,457.8726,0.0,0.6977,1cc72ce50a6821d9a1c015e53c19d1a949369f3b2e4d8e11dbcfefcb18b137aa,train,public-reference-or-acquired
DS-090,dataset/acquisition/acquired/DS-090/Hemp_water_stress/train/water stress 3 days/ryb_C3_20250104_12_00.jpg,ryb_C3_20250104_12_00.jpg,water_stress_3_days,DS-090|unknown_plant|water_stress_3_days,unknown_plant,dataset/acquisition/acquired/DS-090/Hemp_water_stress/train/water stress 3 days,path-derived,whole-plant,273,552,0.4946,206.4845,210.7666,202.1175,54.0999,49.2254,57.3892,208.4938,51.4996,6.5377,359.8822,0.0,0.6434,51232bcd2121b03b6f2fd1c215ebabc788bcd905c3cc5f49bf60ba4fa796beac,train,public-reference-or-acquired
DS-090,dataset/acquisition/acquired/DS-090/Hemp_water_stress/train/water stress 3 days/ryb_C3_20250104_13_00.jpg,ryb_C3_20250104_13_00.jpg,water_stress_3_days,DS-090|unknown_plant|water_stress_3_days,unknown_plant,dataset/acquisition/acquired/DS-090/Hemp_water_stress/train/water stress 3 days,path-derived,whole-plant,273,552,0.4946,218.4628,224.5198,212.7605,49.7858,42.9858,54.2182,221.3198,46.0988,5.4233,284.7145,0.0,0.7056,241caf214cf2492551d5ddd48993433efdfaa2970eea93a0ab496a20503047fa,train,public-reference-or-acquired
DS-090,dataset/acquisition/acquired/DS-090/Hemp_water_stress/train/water stress 3 days/ryb_C3_20250104_15_00.jpg,ryb_C3_20250104_15_00.jpg,water_stress_3_days,DS-090|unknown_plant|water_stress_3_days,unknown_plant,dataset/acquisition/acquired/DS-090/Hemp_water_stress/train/water stress 3 days,path-derived,whole-plant,273,552,0.4946,201.3819,206.2583,197.7179,53.8139,48.8757,56.1625,203.8302,51.0921,6.6867,316.336,0.0,0.5423,1e292b7a72cd1172b46240f031429e000bfca288024a566f725791c890851dd3,train,public-reference-or-acquired
DS-090,dataset/acquisition/acquired/DS-090/Hemp_water_stress/train/water stress 3 days/ryb_C3_20250104_16_00.jpg,ryb_C3_20250104_16_00.jpg,water_stress_3_days,DS-090|unknown_plant|water_stress_3_days,unknown_plant,dataset/acquisition/acquired/DS-090/Hemp_water_stress/train/water stress 3 days,path-derived,whole-plant,273,552,0.4946,192.2888,196.5456,191.7752,52.9051,49.8874,54.6668,194.7258,51.286,6.8487,392.1806,0.0,0.4148,0016175dc522e897e1cdb04b5d89996a85125afe8c94c241f04383927d1f06d8,train,public-reference-or-acquired
DS-090,dataset/acquisition/acquired/DS-090/Hemp_water_stress/train/water stress 3 days/ryb_C4_20250102_08_00.jpg,ryb_C4_20250102_08_00.jpg,water_stress_3_days,DS-090|unknown_plant|water_stress_3_days,unknown_plant,dataset/acquisition/acquired/DS-090/Hemp_water_stress/train/water stress 3 days,path-derived,whole-plant,273,552,0.4946,226.3269,225.7725,222.8852,41.0993,40.6051,41.4587,225.5373,40.8176,5.5162,130.5116,0.0,0.7259,542943037ed7a45f4c9532dd6124815ab6c5d9216bc1c6e29f4d533349826508,train,public-reference-or-acquired
DS-090,dataset/acquisition/acquired/DS-090/Hemp_water_stress/train/water stress 3 days/ryb_C4_20250102_10_00.jpg,ryb_C4_20250102_10_00.jpg,water_stress_3_days,DS-090|unknown_plant|water_stress_3_days,unknown_plant,dataset/acquisition/acquired/DS-090/Hemp_water_stress/train/water stress 3 days,path-derived,whole-plant,273,552,0.4946,205.8349,210.812,208.9765,40.7443,38.7564,43.0473,209.1126,39.7447,6.5801,236.1521,0.0,0.5877,7aaeee862111a5f9b4e8b759483a5e6d7588e73c625680ce2a113911b6a65b60,train,public-reference-or-acquired
DS-090,dataset/acquisition/acquired/DS-090/Hemp_water_stress/train/water stress 3 days/ryb_C4_20250102_11_00.jpg,ryb_C4_20250102_11_00.jpg,water_stress_3_days,DS-090|unknown_plant|water_stress_3_days,unknown_plant,dataset/acquisition/acquired/DS-090/Hemp_water_stress/train/water stress 3 days,path-derived,whole-plant,273,552,0.4946,228.6716,231.5708,226.0995,41.9519,38.9256,44.1931,229.849,40.3431,4.4008,224.821,0.0,0.7307,fc870dfc77237d64dbc0f40e54f82208dc80a3ca34ec0c56b83773ec0dc30144,train,public-reference-or-acquired
DS-090,dataset/acquisition/acquired/DS-090/Hemp_water_stress/train/water stress 3 days/ryb_C4_20250103_09_00.jpg,ryb_C4_20250103_09_00.jpg,water_stress_3_days,DS-090|unknown_plant|water_stress_3_days,unknown_plant,dataset/acquisition/acquired/DS-090/Hemp_water_stress/train/water stress 3 days,path-derived,whole-plant,273,552,0.4946,210.1228,215.4126,215.6912,45.0139,42.4852,44.7452,213.7831,43.3775,6.1831,236.5543,0.0,0.5589,32b89e9a7d6b80775cdc8fe7b5366e9ed30929dbe5dfb210feac5c2b3f3b4046,train,public-reference-or-acquired
DS-090,dataset/acquisition/acquired/DS-090/Hemp_water_stress/train/water stress 3 days/ryb_C4_20250103_10_00.jpg,ryb_C4_20250103_10_00.jpg,water_stress_3_days,DS-090|unknown_plant|water_stress_3_days,unknown_plant,dataset/acquisition/acquired/DS-090/Hemp_water_stress/train/water stress 3 days,path-derived,whole-plant,273,552,0.4946,200.7872,205.4854,205.4976,39.9045,37.8188,42.4697,204.0744,38.8752,6.5747,237.6297,0.0,0.5112,786e50294ac378771891500250181751857e1248a42e153790f92fb4f0180294,train,public-reference-or-acquired
DS-090,dataset/acquisition/acquired/DS-090/Hemp_water_stress/train/water stress 3 days/ryb_C4_20250103_12_00.jpg,ryb_C4_20250103_12_00.jpg,water_stress_3_days,DS-090|unknown_plant|water_stress_3_days,unknown_plant,dataset/acquisition/acquired/DS-090/Hemp_water_stress/train/water stress 3 days,path-derived,whole-plant,273,552,0.4946,218.8726,222.113,215.5876,40.3236,37.7697,43.2948,220.4165,39.0566,6.1304,191.1806,0.0,0.6943,d052f64a82c3469b5e76255666c78e732397d8a0e1873af5b8e8ca4193fac602,train,public-reference-or-acquired
DS-090,dataset/acquisition/acquired/DS-090/Hemp_water_stress/train/water stress 3 days/ryb_C4_20250103_14_00.jpg,ryb_C4_20250103_14_00.jpg,water_stress_3_days,DS-090|unknown_plant|water_stress_3_days,unknown_plant,dataset/acquisition/acquired/DS-090/Hemp_water_stress/train/water stress 3 days,path-derived,whole-plant,273,552,0.4946,223.0053,226.4888,220.7413,38.1357,35.1645,40.3527,224.7575,36.5057,5.8922,130.0469,0.0,0.6908,0ad409f300684cde1a8fedde26ae3338630ae0fa6ff394174247cb9f1ade3fc6,train,public-reference-or-acquired
DS-090,dataset/acquisition/acquired/DS-090/Hemp_water_stress/train/water stress 3 days/ryb_C4_20250103_15_00.jpg,ryb_C4_20250103_15_00.jpg,water_stress_3_days,DS-090|unknown_plant|water_stress_3_days,unknown_plant,dataset/acquisition/acquired/DS-090/Hemp_water_stress/train/water stress 3 days,path-derived,whole-plant,273,552,0.4946,214.7091,218.1124,212.0634,39.5071,36.9284,41.441,216.4076,38.0983,6.4375,159.8786,0.0,0.6397,2f5bea76a6af8aec7f005f5a902dbe1a909d24acb87d109e15955142f9855d17,train,public-reference-or-acquired
DS-090,dataset/acquisition/acquired/DS-090/Hemp_water_stress/train/water stress 3 days/ryb_C4_20250103_16_00.jpg,ryb_C4_20250103_16_00.jpg,water_stress_3_days,DS-090|unknown_plant|water_stress_3_days,unknown_plant,dataset/acquisition/acquired/DS-090/Hemp_water_stress/train/water stress 3 days,path-derived,whole-plant,273,552,0.4946,200.7628,204.6442,201.7853,38.8355,36.4718,40.6214,203.1677,37.5465,6.658,164.3618,0.0,0.4505,eca1722004e8a2f882d49c886a82e862784389c28bdc86948781d1db9052c54d,train,public-reference-or-acquired
DS-090,dataset/acquisition/acquired/DS-090/Hemp_water_stress/train/water stress 3 days/ryb_C4_20250103_17_00.jpg,ryb_C4_20250103_17_00.jpg,water_stress_3_days,DS-090|unknown_plant|water_stress_3_days,unknown_plant,dataset/acquisition/acquired/DS-090/Hemp_water_stress/train/water stress 3 days,path-derived,whole-plant,273,552,0.4946,214.4663,215.846,211.323,40.2624,38.8442,41.9111,214.9238,39.5731,6.4126,181.6078,0.0,0.6316,563014f4be0b6859b92579e48165949aa977d77bc9d1f246bf976e9fa66bf8f2,train,public-reference-or-acquired
DS-090,dataset/acquisition/acquired/DS-090/Hemp_water_stress/train/water stress 3 days/ryb_C4_20250104_10_00.jpg,ryb_C4_20250104_10_00.jpg,water_stress_3_days,DS-090|unknown_plant|water_stress_3_days,unknown_plant,dataset/acquisition/acquired/DS-090/Hemp_water_stress/train/water stress 3 days,path-derived,whole-plant,273,552,0.4946,205.2943,209.299,204.3532,40.6723,38.448,42.7151,207.5462,39.5089,6.4568,227.2394,0.0,0.5931,e8027442f43fd3b9e934bab8d66944326d03c8a15055981a2ec74ca9fc363345,train,public-reference-or-acquired
DS-090,dataset/acquisition/acquired/DS-090/Hemp_water_stress/train/water stress 3 days/ryb_C4_20250104_11_00.jpg,ryb_C4_20250104_11_00.jpg,water_stress_3_days,DS-090|unknown_plant|water_stress_3_days,unknown_plant,dataset/acquisition/acquired/DS-090/Hemp_water_stress/train/water stress 3 days,path-derived,whole-plant,273,552,0.4946,224.1227,226.4683,220.145,42.2677,40.0227,44.7828,224.9577,41.1446,5.5623,208.6181,0.0,0.7099,e410c645c0c2d022070d86abca8cea09251c92dabea1ecea33210b4d438d64ef,train,public-reference-or-acquired
DS-090,dataset/acquisition/acquired/DS-090/Hemp_water_stress/train/water stress 3 days/ryb_C4_20250104_12_00.jpg,ryb_C4_20250104_12_00.jpg,water_stress_3_days,DS-090|unknown_plant|water_stress_3_days,unknown_plant,dataset/acquisition/acquired/DS-090/Hemp_water_stress/train/water stress 3 days,path-derived,whole-plant,273,552,0.4946,214.5803,219.235,215.3739,39.7424,37.2101,41.9982,217.4053,38.3878,6.3645,133.8206,0.0,0.6609,c165bd704871cec9620cc6532e5dde3b8d4ba1fc6ce2e21846bf3c6c64f964c5,train,public-reference-or-acquired
DS-090,dataset/acquisition/acquired/DS-090/Hemp_water_stress/train/water stress 3 days/ryb_C4_20250104_13_00.jpg,ryb_C4_20250104_13_00.jpg,water_stress_3_days,DS-090|unknown_plant|water_stress_3_days,unknown_plant,dataset/acquisition/acquired/DS-090/Hemp_water_stress/train/water stress 3 days,path-derived,whole-plant,273,552,0.4946,222.698,226.3338,219.8489,38.9525,35.9901,41.4261,224.4828,37.3613,5.8857,143.6988,0.0,0.6877,174f3005adc4a89f4253014d86f423476e6ae87cf0673bd740a3353c885352c7,train,public-reference-or-acquired
DS-090,dataset/acquisition/acquired/DS-090/Hemp_water_stress/train/water stress 3 days/ryb_C4_20250104_14_00.jpg,ryb_C4_20250104_14_00.jpg,water_stress_3_days,DS-090|unknown_plant|water_stress_3_days,unknown_plant,dataset/acquisition/acquired/DS-090/Hemp_water_stress/train/water stress 3 days,path-derived,whole-plant,273,552,0.4946,202.1456,206.6645,203.9562,38.4366,36.569,40.5965,205.0007,37.506,6.7103,115.4899,0.0,0.4712,f7e756f3102591842bcaaad4055de21a9fe720792d0c9be49c12a360f4fec1a2,train,public-reference-or-acquired
DS-090,dataset/acquisition/acquired/DS-090/Hemp_water_stress/train/water stress 3 days/ryb_C4_20250104_15_00.jpg,ryb_C4_20250104_15_00.jpg,water_stress_3_days,DS-090|unknown_plant|water_stress_3_days,unknown_plant,dataset/acquisition/acquired/DS-090/Hemp_water_stress/train/water stress 3 days,path-derived,whole-plant,273,552,0.4946,195.9459,199.8047,194.791,36.5813,34.0155,38.3301,198.0734,35.1679,6.6337,87.5378,0.0,0.3046,a15eade3f7427eb976c05357e8056a2ecbde42c9ecd76fcafcdd55f996c44403,train,public-reference-or-acquired
DS-090,dataset/acquisition/acquired/DS-090/Hemp_water_stress/train/water stress 3 days/ryb_C4_20250104_17_00.jpg,ryb_C4_20250104_17_00.jpg,water_stress_3_days,DS-090|unknown_plant|water_stress_3_days,unknown_plant,dataset/acquisition/acquired/DS-090/Hemp_water_stress/train/water stress 3 days,path-derived,whole-plant,273,552,0.4946,210.8277,212.1617,205.4978,40.0665,38.6033,41.6195,210.9982,39.3256,6.6156,179.5692,0.0,0.5836,566a89350016747515636a7b5a88483004dc6293eeee4237ab516ef216447681,train,public-reference-or-acquired
DS-090,dataset/acquisition/acquired/DS-090/Hemp_water_stress/train/water stress 3 days/ryb_C5_20250102_13_00.jpg,ryb_C5_20250102_13_00.jpg,water_stress_3_days,DS-090|unknown_plant|water_stress_3_days,unknown_plant,dataset/acquisition/acquired/DS-090/Hemp_water_stress/train/water stress 3 days,path-derived,whole-plant,273,552,0.4946,210.1161,216.3461,208.4776,49.7811,46.6121,54.4133,213.5752,48.1833,6.5089,413.7726,0.0,0.6252,4736f96172ff2a68d6dde6b69982d7120c7de8c17e9a684c9898e950f08db3cc,train,public-reference-or-acquired
DS-090,dataset/acquisition/acquired/DS-090/Hemp_water_stress/train/water stress 3 days/ryb_C5_20250102_15_00.jpg,ryb_C5_20250102_15_00.jpg,water_stress_3_days,DS-090|unknown_plant|water_stress_3_days,unknown_plant,dataset/acquisition/acquired/DS-090/Hemp_water_stress/train/water stress 3 days,path-derived,whole-plant,273,552,0.4946,207.3611,210.3122,207.5627,51.6233,49.6631,53.6113,209.1169,50.6143,6.5355,426.2567,0.0,0.6243,8a638f420cd685aa0894456d81deaee08f6a2821e5fa29db2203608487a7fcf5,train,public-reference-or-acquired
DS-090,dataset/acquisition/acquired/DS-090/Hemp_water_stress/train/water stress 3 days/ryb_C5_20250102_16_00.jpg,ryb_C5_20250102_16_00.jpg,water_stress_3_days,DS-090|unknown_plant|water_stress_3_days,unknown_plant,dataset/acquisition/acquired/DS-090/Hemp_water_stress/train/water stress 3 days,path-derived,whole-plant,273,552,0.4946,205.7,207.7485,205.527,52.2421,50.072,53.6975,206.8866,51.0588,6.4946,533.1196,0.0,0.6133,161dc07f13345bf9c493315271d46654642bba4bdcfc2a12f211456db2a661ee,train,public-reference-or-acquired
DS-090,dataset/acquisition/acquired/DS-090/Hemp_water_stress/train/water stress 3 days/ryb_C5_20250103_08_00.jpg,ryb_C5_20250103_08_00.jpg,water_stress_3_days,DS-090|unknown_plant|water_stress_3_days,unknown_plant,dataset/acquisition/acquired/DS-090/Hemp_water_stress/train/water stress 3 days,path-derived,whole-plant,273,552,0.4946,224.9304,226.8873,224.1588,54.7721,51.9984,55.1507,225.7263,53.1258,3.6463,520.1088,0.0,0.7619,d4c620db8e48d7b654d51d219d062635f1fe4098c6e9339f88450a8d2901653a,train,public-reference-or-acquired
DS-090,dataset/acquisition/acquired/DS-090/Hemp_water_stress/train/water stress 3 days/ryb_C5_20250103_11_00.jpg,ryb_C5_20250103_11_00.jpg,water_stress_3_days,DS-090|unknown_plant|water_stress_3_days,unknown_plant,dataset/acquisition/acquired/DS-090/Hemp_water_stress/train/water stress 3 days,path-derived,whole-plant,273,552,0.4946,215.0882,218.8517,215.1767,54.4013,51.3546,55.8966,217.2419,52.6652,5.649,548.5625,0.0,0.7086,3727e9ffe2896e11d45ecd0c4731de4d279976f1dcb60000f123cc3ecd2c0678,train,public-reference-or-acquired
DS-090,dataset/acquisition/acquired/DS-090/Hemp_water_stress/train/water stress 3 days/ryb_C5_20250103_12_00.jpg,ryb_C5_20250103_12_00.jpg,water_stress_3_days,DS-090|unknown_plant|water_stress_3_days,unknown_plant,dataset/acquisition/acquired/DS-090/Hemp_water_stress/train/water stress 3 days,path-derived,whole-plant,273,552,0.4946,218.7913,222.0058,217.2649,52.359,49.4623,54.915,220.4354,50.7975,5.2387,536.2924,0.0,0.7299,c242b4862420eae00b2bfd5d606d3360c579fb4113997612fe1313df87e122db,train,public-reference-or-acquired
DS-090,dataset/acquisition/acquired/DS-090/Hemp_water_stress/train/water stress 3 days/ryb_C5_20250103_13_00.jpg,ryb_C5_20250103_13_00.jpg,water_stress_3_days,DS-090|unknown_plant|water_stress_3_days,unknown_plant,dataset/acquisition/acquired/DS-090/Hemp_water_stress/train/water stress 3 days,path-derived,whole-plant,273,552,0.4946,215.5815,220.0793,210.517,49.512,46.6826,53.7146,217.639,48.1041,6.1528,380.6632,0.0,0.689,b2933fe0fa617b514ba6e0c5f22103a39d4b06bdd826f2c8a6a579dd90551238,train,public-reference-or-acquired
DS-090,dataset/acquisition/acquired/DS-090/Hemp_water_stress/train/water stress 3 days/ryb_C5_20250103_14_00.jpg,ryb_C5_20250103_14_00.jpg,water_stress_3_days,DS-090|unknown_plant|water_stress_3_days,unknown_plant,dataset/acquisition/acquired/DS-090/Hemp_water_stress/train/water stress 3 days,path-derived,whole-plant,273,552,0.4946,222.2966,225.9892,216.9923,47.8307,44.9001,51.9963,223.8096,46.3423,5.4572,366.1671,0.0,0.7362,97e62af4eef57413286dbe8d387305231938a278ddae1570451ed59e8633b432,train,public-reference-or-acquired
DS-090,dataset/acquisition/acquired/DS-090/Hemp_water_stress/train/water stress 3 days/ryb_C5_20250104_08_00.jpg,ryb_C5_20250104_08_00.jpg,water_stress_3_days,DS-090|unknown_plant|water_stress_3_days,unknown_plant,dataset/acquisition/acquired/DS-090/Hemp_water_stress/train/water stress 3 days,path-derived,whole-plant,273,552,0.4946,225.6613,226.8323,224.2138,52.1127,50.4953,52.8013,225.9277,51.1683,3.7848,439.6506,0.0,0.7518,c7d8810c90de8ae90075b49bc6b8fff5bb65786986d82ae63f586b840f15d66d,train,public-reference-or-acquired
DS-090,dataset/acquisition/acquired/DS-090/Hemp_water_stress/train/water stress 3 days/ryb_C5_20250104_11_00.jpg,ryb_C5_20250104_11_00.jpg,water_stress_3_days,DS-090|unknown_plant|water_stress_3_days,unknown_plant,dataset/acquisition/acquired/DS-090/Hemp_water_stress/train/water stress 3 days,path-derived,whole-plant,273,552,0.4946,215.7728,218.788,214.7624,54.1248,51.3242,55.9478,217.3569,52.5802,5.5905,509.606,0.0,0.7077,f99fb2c5b6a906ca62cf6f813af8318f644e375503b75bd68c8aabaf9815d857,train,public-reference-or-acquired
DS-090,dataset/acquisition/acquired/DS-090/Hemp_water_stress/train/water stress 3 days/ryb_C5_20250104_13_00.jpg,ryb_C5_20250104_13_00.jpg,water_stress_3_days,DS-090|unknown_plant|water_stress_3_days,unknown_plant,dataset/acquisition/acquired/DS-090/Hemp_water_stress/train/water stress 3 days,path-derived,whole-plant,273,552,0.4946,224.4379,227.9205,221.3104,47.8417,44.7165,51.5402,226.0061,46.196,4.8852,376.8321,0.0,0.7438,dfb2ed35ebfe323febfd39a068b02ccb527abaccbb62fb766e31c308c21c8bbc,train,public-reference-or-acquired
DS-090,dataset/acquisition/acquired/DS-090/Hemp_water_stress/train/water stress 3 days/ryb_C5_20250104_15_00.jpg,ryb_C5_20250104_15_00.jpg,water_stress_3_days,DS-090|unknown_plant|water_stress_3_days,unknown_plant,dataset/acquisition/acquired/DS-090/Hemp_water_stress/train/water stress 3 days,path-derived,whole-plant,273,552,0.4946,202.9422,206.4544,200.8013,52.0561,49.7273,54.1871,204.765,50.8244,6.7033,443.1713,0.0,0.5809,889bfbf794922440a1f6fc17ae72382bc9ace3b443b0adab61a3cfef9cae99c7,train,public-reference-or-acquired
DS-090,dataset/acquisition/acquired/DS-090/Hemp_water_stress/train/water stress 3 days/ryb_C5_20250104_17_00.jpg,ryb_C5_20250104_17_00.jpg,water_stress_3_days,DS-090|unknown_plant|water_stress_3_days,unknown_plant,dataset/acquisition/acquired/DS-090/Hemp_water_stress/train/water stress 3 days,path-derived,whole-plant,273,552,0.4946,214.2865,215.3595,210.406,53.6687,52.1412,55.033,214.4688,52.8701,6.0697,601.4479,0.0,0.7094,43173304a3bdbdef5bfb4111e11341fe85a16fc976af9938b3c1aeebd87697a1,train,public-reference-or-acquired
DS-090,dataset/acquisition/acquired/DS-090/Hemp_water_stress/train/water stress 6 days/ryb_C1_20250105_08_00.jpg,ryb_C1_20250105_08_00.jpg,water_stress_6_days,DS-090|unknown_plant|water_stress_6_days,unknown_plant,dataset/acquisition/acquired/DS-090/Hemp_water_stress/train/water stress 6 days,path-derived,whole-plant,273,552,0.4946,239.0858,239.0858,239.0858,34.5727,34.5727,34.5727,238.8062,34.571,2.9549,57.7181,0.0,0.805,b0c9b34c3a71f66cb260d42b50abce8985fc182206961b5ed7d83eb1eacca62d,val,public-reference-or-acquired
DS-090,dataset/acquisition/acquired/DS-090/Hemp_water_stress/train/water stress 6 days/ryb_C1_20250105_09_00.jpg,ryb_C1_20250105_09_00.jpg,water_stress_6_days,DS-090|unknown_plant|water_stress_6_days,unknown_plant,dataset/acquisition/acquired/DS-090/Hemp_water_stress/train/water stress 6 days,path-derived,whole-plant,273,552,0.4946,231.1653,233.4931,232.6984,47.5101,44.0538,45.0437,232.4245,45.142,3.2741,246.5556,0.0,0.8035,b4c6e9a536f4a32071db6aa53d2bb1375beb16ec22f8ef9ad162cedf1de60afc,val,public-reference-or-acquired
DS-090,dataset/acquisition/acquired/DS-090/Hemp_water_stress/train/water stress 6 days/ryb_C1_20250105_11_00.jpg,ryb_C1_20250105_11_00.jpg,water_stress_6_days,DS-090|unknown_plant|water_stress_6_days,unknown_plant,dataset/acquisition/acquired/DS-090/Hemp_water_stress/train/water stress 6 days,path-derived,whole-plant,273,552,0.4946,235.8564,236.8285,233.8126,41.1,39.4276,43.629,235.8655,40.3407,2.8204,203.6182,0.0,0.8093,7b4f1612007bd9e28552e1f4451721241ba250d9cb6d82b980bbaa4b1cf92291,val,public-reference-or-acquired
DS-090,dataset/acquisition/acquired/DS-090/Hemp_water_stress/train/water stress 6 days/ryb_C1_20250105_12_00.jpg,ryb_C1_20250105_12_00.jpg,water_stress_6_days,DS-090|unknown_plant|water_stress_6_days,unknown_plant,dataset/acquisition/acquired/DS-090/Hemp_water_stress/train/water stress 6 days,path-derived,whole-plant,273,552,0.4946,232.576,233.8103,230.8752,45.4979,43.5708,47.104,232.8094,44.498,3.2186,230.82,0.0,0.7978,08f02f673ea5911750a84e0e454711ef637623854e06939a9b2931dab9b54592,val,public-reference-or-acquired
DS-090,dataset/acquisition/acquired/DS-090/Hemp_water_stress/train/water stress 6 days/ryb_C1_20250105_13_00.jpg,ryb_C1_20250105_13_00.jpg,water_stress_6_days,DS-090|unknown_plant|water_stress_6_days,unknown_plant,dataset/acquisition/acquired/DS-090/Hemp_water_stress/train/water stress 6 days,path-derived,whole-plant,273,552,0.4946,235.7053,237.3395,233.4968,40.0982,37.6634,42.5395,236.0904,38.8411,3.0183,170.6157,0.0,0.8003,08fd5de914763c6680c7bcd5d615664c8d37c6326977943f5aed8be18aa33dd4,val,public-reference-or-acquired
DS-090,dataset/acquisition/acquired/DS-090/Hemp_water_stress/train/water stress 6 days/ryb_C1_20250105_14_00.jpg,ryb_C1_20250105_14_00.jpg,water_stress_6_days,DS-090|unknown_plant|water_stress_6_days,unknown_plant,dataset/acquisition/acquired/DS-090/Hemp_water_stress/train/water stress 6 days,path-derived,whole-plant,273,552,0.4946,236.94,238.3119,235.085,38.5892,36.6311,40.6374,237.1996,37.5756,2.865,164.7298,0.0,0.8046,9b43c9fdc99ea2e4fa8c7f3d57fdbc4c37d845cfc402273411358cee2259c417,val,public-reference-or-acquired
DS-090,dataset/acquisition/acquired/DS-090/Hemp_water_stress/train/water stress 6 days/ryb_C1_20250105_16_00.jpg,ryb_C1_20250105_16_00.jpg,water_stress_6_days,DS-090|unknown_plant|water_stress_6_days,unknown_plant,dataset/acquisition/acquired/DS-090/Hemp_water_stress/train/water stress 6 days,path-derived,whole-plant,273,552,0.4946,229.8398,231.4759,228.5818,45.6206,43.4964,46.1534,230.4263,44.3854,3.8674,220.0826,0.0,0.7759,fddb9c5f25ee7d0b20bf8529bb02331ada7f7af48127f975d29af3cc791033cd,val,public-reference-or-acquired
DS-090,dataset/acquisition/acquired/DS-090/Hemp_water_stress/train/water stress 6 days/ryb_C1_20250106_08_00.jpg,ryb_C1_20250106_08_00.jpg,water_stress_6_days,DS-090|unknown_plant|water_stress_6_days,unknown_plant,dataset/acquisition/acquired/DS-090/Hemp_water_stress/train/water stress 6 days,path-derived,whole-plant,273,552,0.4946,239.3365,239.3365,239.3365,33.1703,33.1703,33.1703,239.0621,33.1706,3.0193,54.9671,0.0,0.8025,45221d08ae8d4de9f2e984d7ee2c9b206f07a9c2b1f8412e2fdeaf5e9a30768e,val,public-reference-or-acquired
DS-090,dataset/acquisition/acquired/DS-090/Hemp_water_stress/train/water stress 6 days/ryb_C1_20250106_09_00.jpg,ryb_C1_20250106_09_00.jpg,water_stress_6_days,DS-090|unknown_plant|water_stress_6_days,unknown_plant,dataset/acquisition/acquired/DS-090/Hemp_water_stress/train/water stress 6 days,path-derived,whole-plant,273,552,0.4946,240.3469,241.4205,239.0374,34.8213,33.246,36.1481,240.4756,33.9597,2.578,128.0606,0.0,0.8356,23baf52f8c872e3bac89ec0e4c441acdb098889fce56fc743f41caf3fbbd7bd3,val,public-reference-or-acquired
DS-090,dataset/acquisition/acquired/DS-090/Hemp_water_stress/train/water stress 6 days/ryb_C1_20250106_10_00.jpg,ryb_C1_20250106_10_00.jpg,water_stress_6_days,DS-090|unknown_plant|water_stress_6_days,unknown_plant,dataset/acquisition/acquired/DS-090/Hemp_water_stress/train/water stress 6 days,path-derived,whole-plant,273,552,0.4946,232.6081,233.5541,231.1107,44.321,43.0389,45.1902,232.7296,43.6255,3.4939,213.2695,0.0,0.8014,f3c18aa620e6955121b34105bb13a197bb776aef334c7897ccb05efd4dff4efd,val,public-reference-or-acquired
DS-090,dataset/acquisition/acquired/DS-090/Hemp_water_stress/train/water stress 6 days/ryb_C1_20250106_11_00.jpg,ryb_C1_20250106_11_00.jpg,water_stress_6_days,DS-090|unknown_plant|water_stress_6_days,unknown_plant,dataset/acquisition/acquired/DS-090/Hemp_water_stress/train/water stress 6 days,path-derived,whole-plant,273,552,0.4946,235.9142,237.2256,235.564,41.1789,39.1496,41.1069,236.3247,39.9301,2.8679,189.4913,0.0,0.8146,5bda04f042b5ccb15727601dbe3a3a288af023851eedce440a77a0676f56ba30,val,public-reference-or-acquired
DS-090,dataset/acquisition/acquired/DS-090/Hemp_water_stress/train/water stress 6 days/ryb_C1_20250106_13_00.jpg,ryb_C1_20250106_13_00.jpg,water_stress_6_days,DS-090|unknown_plant|water_stress_6_days,unknown_plant,dataset/acquisition/acquired/DS-090/Hemp_water_stress/train/water stress 6 days,path-derived,whole-plant,273,552,0.4946,233.8226,234.921,232.5392,43.0431,41.4448,43.8697,234.031,42.1511,3.2575,207.1879,0.0,0.8029,96ab503b272a69677543da3f08dbe53276a2ab17a9a158509487c9f5bca2780d,val,public-reference-or-acquired
DS-090,dataset/acquisition/acquired/DS-090/Hemp_water_stress/train/water stress 6 days/ryb_C1_20250106_14_00.jpg,ryb_C1_20250106_14_00.jpg,water_stress_6_days,DS-090|unknown_plant|water_stress_6_days,unknown_plant,dataset/acquisition/acquired/DS-090/Hemp_water_stress/train/water stress 6 days,path-derived,whole-plant,273,552,0.4946,238.0629,239.1375,236.7078,37.7676,36.1521,39.1015,238.2061,36.9031,2.8047,162.2081,0.0,0.8205,1475c024502f7e72791a98a1746b3726c53f430d3f82204d79fa2c10735700d7,val,public-reference-or-acquired
DS-090,dataset/acquisition/acquired/DS-090/Hemp_water_stress/train/water stress 6 days/ryb_C1_20250106_16_00.jpg,ryb_C1_20250106_16_00.jpg,water_stress_6_days,DS-090|unknown_plant|water_stress_6_days,unknown_plant,dataset/acquisition/acquired/DS-090/Hemp_water_stress/train/water stress 6 days,path-derived,whole-plant,273,552,0.4946,223.1357,225.1216,223.6625,47.9649,46.193,47.856,224.256,46.8704,4.9131,217.4759,0.0,0.7398,f0be390c916efaa1d6ed31cef0907cd794922caf3c0b0d580fd24fd0d58ecdd1,val,public-reference-or-acquired
DS-090,dataset/acquisition/acquired/DS-090/Hemp_water_stress/train/water stress 6 days/ryb_C1_20250106_17_00.jpg,ryb_C1_20250106_17_00.jpg,water_stress_6_days,DS-090|unknown_plant|water_stress_6_days,unknown_plant,dataset/acquisition/acquired/DS-090/Hemp_water_stress/train/water stress 6 days,path-derived,whole-plant,273,552,0.4946,229.7903,231.2043,228.8168,45.7284,43.8779,45.7957,230.2992,44.6115,3.903,224.7926,0.0,0.7793,eea14c8221a2baf5795b2b33ad48ce41abcc0a9e4bd962fb5d76cd67ecf2c15e,val,public-reference-or-acquired
DS-090,dataset/acquisition/acquired/DS-090/Hemp_water_stress/train/water stress 6 days/ryb_C1_20250107_08_00.jpg,ryb_C1_20250107_08_00.jpg,water_stress_6_days,DS-090|unknown_plant|water_stress_6_days,unknown_plant,dataset/acquisition/acquired/DS-090/Hemp_water_stress/train/water stress 6 days,path-derived,whole-plant,273,552,0.4946,234.4866,235.4137,234.8789,44.7597,43.039,43.1757,234.7585,43.5317,2.7759,188.5173,0.0,0.8188,0e6271af6aef485025f957e5b1e0059bdcc8a7afc2357dd260f9bcfb54344325,val,public-reference-or-acquired
DS-090,dataset/acquisition/acquired/DS-090/Hemp_water_stress/train/water stress 6 days/ryb_C1_20250107_09_00.jpg,ryb_C1_20250107_09_00.jpg,water_stress_6_days,DS-090|unknown_plant|water_stress_6_days,unknown_plant,dataset/acquisition/acquired/DS-090/Hemp_water_stress/train/water stress 6 days,path-derived,whole-plant,273,552,0.4946,220.4483,226.2728,229.9178,49.6522,45.1845,43.9531,224.7774,46.1954,4.7524,224.1946,0.0,0.6996,488650dd33cc70747aacb9cc19537c84b2f715c8394a96492c9f32e20bca099d,val,public-reference-or-acquired
DS-090,dataset/acquisition/acquired/DS-090/Hemp_water_stress/train/water stress 6 days/ryb_C1_20250107_10_00.jpg,ryb_C1_20250107_10_00.jpg,water_stress_6_days,DS-090|unknown_plant|water_stress_6_days,unknown_plant,dataset/acquisition/acquired/DS-090/Hemp_water_stress/train/water stress 6 days,path-derived,whole-plant,273,552,0.4946,235.9395,237.7479,235.0096,38.3975,35.7112,39.2881,236.6049,36.8229,3.3331,178.0604,0.0,0.8071,b528e33354f9634fbdbb30391f10106b110ed13be70ac6496f3e6c4b9a448a6c,val,public-reference-or-acquired
DS-090,dataset/acquisition/acquired/DS-090/Hemp_water_stress/train/water stress 6 days/ryb_C1_20250107_11_00.jpg,ryb_C1_20250107_11_00.jpg,water_stress_6_days,DS-090|unknown_plant|water_stress_6_days,unknown_plant,dataset/acquisition/acquired/DS-090/Hemp_water_stress/train/water stress 6 days,path-derived,whole-plant,273,552,0.4946,235.9395,236.8994,235.073,40.6016,38.9607,41.549,236.0814,39.6832,2.8001,198.5691,0.0,0.8082,01b38f5fa64f1ebe38b954deb624c98055a81adaa990b03b85a1cdb8e09fd656,val,public-reference-or-acquired
DS-090,dataset/acquisition/acquired/DS-090/Hemp_water_stress/train/water stress 6 days/ryb_C1_20250107_12_00.jpg,ryb_C1_20250107_12_00.jpg,water_stress_6_days,DS-090|unknown_plant|water_stress_6_days,unknown_plant,dataset/acquisition/acquired/DS-090/Hemp_water_stress/train/water stress 6 days,path-derived,whole-plant,273,552,0.4946,231.2378,232.3969,229.4943,46.8508,44.907,48.8697,231.4481,45.8721,3.3423,248.8644,0.0,0.7913,744e3b55dbdf43ebbaec6d8d24c7b0dc8fc3956ddf07ed05b3730198d507aae3,val,public-reference-or-acquired
DS-090,dataset/acquisition/acquired/DS-090/Hemp_water_stress/train/water stress 6 days/ryb_C1_20250107_13_00.jpg,ryb_C1_20250107_13_00.jpg,water_stress_6_days,DS-090|unknown_plant|water_stress_6_days,unknown_plant,dataset/acquisition/acquired/DS-090/Hemp_water_stress/train/water stress 6 days,path-derived,whole-plant,273,552,0.4946,235.9027,237.7815,233.2647,40.0978,37.365,43.5037,236.3787,38.7272,3.0019,157.4146,0.0,0.8052,6e258814b3a76305beee7b6457a5b5c4bf88cf9948b3e75897040477cf48bb67,val,public-reference-or-acquired
DS-090,dataset/acquisition/acquired/DS-090/Hemp_water_stress/train/water stress 6 days/ryb_C1_20250107_14_00.jpg,ryb_C1_20250107_14_00.jpg,water_stress_6_days,DS-090|unknown_plant|water_stress_6_days,unknown_plant,dataset/acquisition/acquired/DS-090/Hemp_water_stress/train/water stress 6 days,path-derived,whole-plant,273,552,0.4946,232.1935,234.6525,230.468,42.9088,39.8401,44.8747,233.2034,41.169,3.733,173.4726,0.0,0.7874,da40b674a7863e629b8e1d66914a04558f65de57785e12e35aaa2162635357b3,val,public-reference-or-acquired
DS-090,dataset/acquisition/acquired/DS-090/Hemp_water_stress/train/water stress 6 days/ryb_C1_20250107_15_00.jpg,ryb_C1_20250107_15_00.jpg,water_stress_6_days,DS-090|unknown_plant|water_stress_6_days,unknown_plant,dataset/acquisition/acquired/DS-090/Hemp_water_stress/train/water stress 6 days,path-derived,whole-plant,273,552,0.4946,226.03,227.3888,223.351,45.3838,43.8238,47.9076,226.4195,44.6644,4.858,193.9379,0.0,0.747,e237e0ac503f3fc7bebaade6c585a26b10fc58f500cac97efd94f77653953e84,val,public-reference-or-acquired
DS-090,dataset/acquisition/acquired/DS-090/Hemp_water_stress/train/water stress 6 days/ryb_C1_20250107_16_00.jpg,ryb_C1_20250107_16_00.jpg,water_stress_6_days,DS-090|unknown_plant|water_stress_6_days,unknown_plant,dataset/acquisition/acquired/DS-090/Hemp_water_stress/train/water stress 6 days,path-derived,whole-plant,273,552,0.4946,213.6315,215.3749,215.9007,50.4454,49.1306,51.3265,214.9233,49.7297,6.1314,217.2968,0.0,0.6453,9c7d22778c3e850330e826c70659d49d994758745a66b2ad23d2f59a05eb333c,val,public-reference-or-acquired
DS-090,dataset/acquisition/acquired/DS-090/Hemp_water_stress/train/water stress 6 days/ryb_C1_20250107_17_00.jpg,ryb_C1_20250107_17_00.jpg,water_stress_6_days,DS-090|unknown_plant|water_stress_6_days,unknown_plant,dataset/acquisition/acquired/DS-090/Hemp_water_stress/train/water stress 6 days,path-derived,whole-plant,273,552,0.4946,224.6569,227.2963,225.7754,48.8202,46.6838,48.3122,226.1824,47.4605,4.5431,244.6124,0.0,0.7589,75acc5ce20494fa3bf9062f49adf1b10efc3bd5980bf498acbff53c8f606bae0,val,public-reference-or-acquired
DS-090,dataset/acquisition/acquired/DS-090/Hemp_water_stress/train/water stress 6 days/ryb_C2_20250105_09_00.jpg,ryb_C2_20250105_09_00.jpg,water_stress_6_days,DS-090|unknown_plant|water_stress_6_days,unknown_plant,dataset/acquisition/acquired/DS-090/Hemp_water_stress/train/water stress 6 days,path-derived,whole-plant,273,552,0.4946,224.4173,228.8301,224.3443,56.8583,50.8697,57.6501,226.8614,53.2596,4.308,348.8995,0.0001,0.7951,bfec3f4bec96319869aa31015f8f42314204d99326f706fe340f060cc114cd68,val,public-reference-or-acquired
DS-090,dataset/acquisition/acquired/DS-090/Hemp_water_stress/train/water stress 6 days/ryb_C2_20250105_10_00.jpg,ryb_C2_20250105_10_00.jpg,water_stress_6_days,DS-090|unknown_plant|water_stress_6_days,unknown_plant,dataset/acquisition/acquired/DS-090/Hemp_water_stress/train/water stress 6 days,path-derived,whole-plant,273,552,0.4946,228.4167,232.495,226.405,53.9126,48.5739,56.8852,230.3467,50.8927,3.5637,341.3365,0.0001,0.823,4260684833983155acbeee273d955c24a0a98dcd613268ecf4fbd6ea485efaae,val,public-reference-or-acquired
DS-090,dataset/acquisition/acquired/DS-090/Hemp_water_stress/train/water stress 6 days/ryb_C2_20250105_11_00.jpg,ryb_C2_20250105_11_00.jpg,water_stress_6_days,DS-090|unknown_plant|water_stress_6_days,unknown_plant,dataset/acquisition/acquired/DS-090/Hemp_water_stress/train/water stress 6 days,path-derived,whole-plant,273,552,0.4946,225.5499,229.6457,224.3776,53.9393,48.9178,57.5508,227.7642,51.1875,4.8457,347.3725,0.0001,0.824,d23d34ca8fedb0cfb6166104b75dee47cb678091efb7c94adf9060298e7a6623,val,public-reference-or-acquired
DS-090,dataset/acquisition/acquired/DS-090/Hemp_water_stress/train/water stress 6 days/ryb_C2_20250105_13_00.jpg,ryb_C2_20250105_13_00.jpg,water_stress_6_days,DS-090|unknown_plant|water_stress_6_days,unknown_plant,dataset/acquisition/acquired/DS-090/Hemp_water_stress/train/water stress 6 days,path-derived,whole-plant,273,552,0.4946,224.2553,229.255,221.271,52.6602,47.9626,57.3096,226.8371,50.1863,5.2136,276.153,0.0001,0.8118,dbb08cc3934f9d7d4fc4f4f4499d5b03d8b9d453afafbc6318c122ee1597a5af,val,public-reference-or-acquired
DS-090,dataset/acquisition/acquired/DS-090/Hemp_water_stress/train/water stress 6 days/ryb_C2_20250105_16_00.jpg,ryb_C2_20250105_16_00.jpg,water_stress_6_days,DS-090|unknown_plant|water_stress_6_days,unknown_plant,dataset/acquisition/acquired/DS-090/Hemp_water_stress/train/water stress 6 days,path-derived,whole-plant,273,552,0.4946,223.4416,226.9313,220.1368,52.9386,48.2855,56.5868,225.0985,50.4236,5.2344,323.0194,0.0001,0.8041,9e0caa7c40db05ca0458fda39efe7930a18b7d53cf86ae5350ead4bfbc0dfeca,val,public-reference-or-acquired
DS-090,dataset/acquisition/acquired/DS-090/Hemp_water_stress/train/water stress 6 days/ryb_C2_20250106_13_00.jpg,ryb_C2_20250106_13_00.jpg,water_stress_6_days,DS-090|unknown_plant|water_stress_6_days,unknown_plant,dataset/acquisition/acquired/DS-090/Hemp_water_stress/train/water stress 6 days,path-derived,whole-plant,273,552,0.4946,219.72,225.8101,217.0908,58.1506,51.5096,62.4925,222.9096,54.4826,4.8586,387.3748,0.0001,0.7637,de9b5f6af4fe7f4dba01b36e3d01ba4330279a34f0d1f8475f1a0cd5e51472ff,val,public-reference-or-acquired
DS-090,dataset/acquisition/acquired/DS-090/Hemp_water_stress/train/water stress 6 days/ryb_C2_20250107_10_00.jpg,ryb_C2_20250107_10_00.jpg,water_stress_6_days,DS-090|unknown_plant|water_stress_6_days,unknown_plant,dataset/acquisition/acquired/DS-090/Hemp_water_stress/train/water stress 6 days,path-derived,whole-plant,273,552,0.4946,191.5112,197.3844,194.4422,54.5193,49.428,58.4237,195.2177,51.7584,6.5701,457.8148,0.0002,0.3615,88e1e7eadced1054c83f677274cdab0fe12772f8e88b6e4adaa105afee7f8060,val,public-reference-or-acquired
DS-090,dataset/acquisition/acquired/DS-090/Hemp_water_stress/train/water stress 6 days/ryb_C2_20250107_11_00.jpg,ryb_C2_20250107_11_00.jpg,water_stress_6_days,DS-090|unknown_plant|water_stress_6_days,unknown_plant,dataset/acquisition/acquired/DS-090/Hemp_water_stress/train/water stress 6 days,path-derived,whole-plant,273,552,0.4946,217.5935,222.2722,218.322,56.4745,50.591,62.2623,220.3716,53.4259,5.6545,421.6665,0.0001,0.7806,37bc7c52b6fab298442d7a8f86761f8237ab7e26dc057f5f8a5d7194dceb3c17,val,public-reference-or-acquired
DS-090,dataset/acquisition/acquired/DS-090/Hemp_water_stress/train/water stress 6 days/ryb_C2_20250107_15_00.jpg,ryb_C2_20250107_15_00.jpg,water_stress_6_days,DS-090|unknown_plant|water_stress_6_days,unknown_plant,dataset/acquisition/acquired/DS-090/Hemp_water_stress/train/water stress 6 days,path-derived,whole-plant,273,552,0.4946,208.8446,213.5623,209.4482,55.6802,51.1157,60.141,211.6759,53.3768,6.1889,359.2111,0.0001,0.7173,8e933c0d060410c625217bb28eefeb2b569a5087ed5320d9dcc888dadf8f57c3,val,public-reference-or-acquired
DS-090,dataset/acquisition/acquired/DS-090/Hemp_water_stress/train/water stress 6 days/ryb_C2_20250107_16_00.jpg,ryb_C2_20250107_16_00.jpg,water_stress_6_days,DS-090|unknown_plant|water_stress_6_days,unknown_plant,dataset/acquisition/acquired/DS-090/Hemp_water_stress/train/water stress 6 days,path-derived,whole-plant,273,552,0.4946,210.2242,215.171,210.9579,57.8317,52.9056,61.3785,213.2114,55.2212,6.1293,377.9146,0.0001,0.7232,d0c8c775b9c279b6bd6171d469b3a47d26deca79eee5f9bd5bd01f243fdac2b3,val,public-reference-or-acquired
DS-090,dataset/acquisition/acquired/DS-090/Hemp_water_stress/train/water stress 6 days/ryb_C3_20250105_11_00.jpg,ryb_C3_20250105_11_00.jpg,water_stress_6_days,DS-090|unknown_plant|water_stress_6_days,unknown_plant,dataset/acquisition/acquired/DS-090/Hemp_water_stress/train/water stress 6 days,path-derived,whole-plant,273,552,0.4946,217.993,222.4687,214.2614,54.3922,48.6457,57.4159,220.1107,51.2478,4.8857,437.8453,0.0,0.7116,1c6109f68da095a9d844cb1aca3364063d39732c1aa82c819ba5ecfdbf142778,val,public-reference-or-acquired
DS-090,dataset/acquisition/acquired/DS-090/Hemp_water_stress/train/water stress 6 days/ryb_C3_20250105_13_00.jpg,ryb_C3_20250105_13_00.jpg,water_stress_6_days,DS-090|unknown_plant|water_stress_6_days,unknown_plant,dataset/acquisition/acquired/DS-090/Hemp_water_stress/train/water stress 6 days,path-derived,whole-plant,273,552,0.4946,208.8202,214.5295,203.46,53.649,47.9584,57.3586,211.5636,50.5935,6.1885,331.6969,0.0,0.6397,2e13c371f7197d3d99df3f6f544876ba0f948c88a7221ea72795a3804be7c610,val,public-reference-or-acquired
DS-090,dataset/acquisition/acquired/DS-090/Hemp_water_stress/train/water stress 6 days/ryb_C3_20250106_09_00.jpg,ryb_C3_20250106_09_00.jpg,water_stress_6_days,DS-090|unknown_plant|water_stress_6_days,unknown_plant,dataset/acquisition/acquired/DS-090/Hemp_water_stress/train/water stress 6 days,path-derived,whole-plant,273,552,0.4946,233.6473,236.6667,229.7836,40.0446,35.7812,45.4732,234.696,37.9967,3.4844,222.9382,0.0,0.758,ea93012b98a3a8eb60427d9783b546317f0f30171e47ccade084ed8f4d1f3a9b,val,public-reference-or-acquired
DS-090,dataset/acquisition/acquired/DS-090/Hemp_water_stress/train/water stress 6 days/ryb_C3_20250106_10_00.jpg,ryb_C3_20250106_10_00.jpg,water_stress_6_days,DS-090|unknown_plant|water_stress_6_days,unknown_plant,dataset/acquisition/acquired/DS-090/Hemp_water_stress/train/water stress 6 days,path-derived,whole-plant,273,552,0.4946,200.7153,206.8961,199.2339,52.1652,47.6333,55.0043,204.1755,49.7405,6.8206,348.2866,0.0,0.5351,da8b81f6c661304ae25c6fe8200695eb3c52e6bbdd6321fe7a23c6e66a723821,val,public-reference-or-acquired
DS-090,dataset/acquisition/acquired/DS-090/Hemp_water_stress/train/water stress 6 days/ryb_C3_20250106_11_00.jpg,ryb_C3_20250106_11_00.jpg,water_stress_6_days,DS-090|unknown_plant|water_stress_6_days,unknown_plant,dataset/acquisition/acquired/DS-090/Hemp_water_stress/train/water stress 6 days,path-derived,whole-plant,273,552,0.4946,210.9815,215.8119,206.6955,54.301,48.8569,56.6886,213.3134,51.2819,5.9162,384.9276,0.0,0.6495,de2530654cca27957c77f46a44683d9e1fb45b35c6ef7160cffb10e25ea5992a,val,public-reference-or-acquired
DS-090,dataset/acquisition/acquired/DS-090/Hemp_water_stress/train/water stress 6 days/ryb_C3_20250106_14_00.jpg,ryb_C3_20250106_14_00.jpg,water_stress_6_days,DS-090|unknown_plant|water_stress_6_days,unknown_plant,dataset/acquisition/acquired/DS-090/Hemp_water_stress/train/water stress 6 days,path-derived,whole-plant,273,552,0.4946,216.9127,222.2909,210.7282,52.8009,46.669,56.343,219.303,49.4665,5.4163,362.5564,0.0,0.6985,1d9b702b32254044c0c380c95bf690505b1c68fea2520b33d3c4bcdf403f94c5,val,public-reference-or-acquired
DS-090,dataset/acquisition/acquired/DS-090/Hemp_water_stress/train/water stress 6 days/ryb_C3_20250106_16_00.jpg,ryb_C3_20250106_16_00.jpg,water_stress_6_days,DS-090|unknown_plant|water_stress_6_days,unknown_plant,dataset/acquisition/acquired/DS-090/Hemp_water_stress/train/water stress 6 days,path-derived,whole-plant,273,552,0.4946,192.9345,198.0623,193.2928,53.4335,48.8693,55.9155,195.9841,50.9637,6.8061,402.6606,0.0,0.4431,04a1a78a7bbb6a2a7be450a2ecfa91757731be6c74ce0e839ab07ba29bb4cfa8,val,public-reference-or-acquired
DS-090,dataset/acquisition/acquired/DS-090/Hemp_water_stress/train/water stress 6 days/ryb_C3_20250107_12_00.jpg,ryb_C3_20250107_12_00.jpg,water_stress_6_days,DS-090|unknown_plant|water_stress_6_days,unknown_plant,dataset/acquisition/acquired/DS-090/Hemp_water_stress/train/water stress 6 days,path-derived,whole-plant,273,552,0.4946,205.0536,211.8189,204.6939,56.7828,51.5175,59.6734,208.9783,53.9276,6.4201,458.5653,0.0,0.6731,8a256957f34540aca624fb4c1e26be910a193610209b6032ba16a146d2b1fbd0,val,public-reference-or-acquired
DS-090,dataset/acquisition/acquired/DS-090/Hemp_water_stress/train/water stress 6 days/ryb_C3_20250107_13_00.jpg,ryb_C3_20250107_13_00.jpg,water_stress_6_days,DS-090|unknown_plant|water_stress_6_days,unknown_plant,dataset/acquisition/acquired/DS-090/Hemp_water_stress/train/water stress 6 days,path-derived,whole-plant,273,552,0.4946,214.1215,219.4556,208.7947,53.9671,47.6188,58.5368,216.6368,50.5997,5.6671,366.8989,0.0,0.6935,df7ea8390b974a712f1eae484da0e01549b921959d3b6471e4f8209033876712,val,public-reference-or-acquired
DS-090,dataset/acquisition/acquired/DS-090/Hemp_water_stress/train/water stress 6 days/ryb_C3_20250107_15_00.jpg,ryb_C3_20250107_15_00.jpg,water_stress_6_days,DS-090|unknown_plant|water_stress_6_days,unknown_plant,dataset/acquisition/acquired/DS-090/Hemp_water_stress/train/water stress 6 days,path-derived,whole-plant,273,552,0.4946,200.8158,207.1878,202.7181,55.3604,50.2942,57.8597,204.777,52.5827,6.6624,403.3087,0.0,0.5471,87e3b398b6041650318a58a1fec3bfba0ed4c8a439f37e79aa5cf4aec2fe3ff6,val,public-reference-or-acquired
DS-090,dataset/acquisition/acquired/DS-090/Hemp_water_stress/train/water stress 6 days/ryb_C3_20250107_17_00.jpg,ryb_C3_20250107_17_00.jpg,water_stress_6_days,DS-090|unknown_plant|water_stress_6_days,unknown_plant,dataset/acquisition/acquired/DS-090/Hemp_water_stress/train/water stress 6 days,path-derived,whole-plant,273,552,0.4946,202.9053,205.4053,200.973,55.4999,52.2123,56.5399,204.1625,53.6455,6.5623,426.1603,0.0,0.5569,13996af2bbbee85c845014a99785b2d3db2615f6cc5cc78c4107ee474726b90c,val,public-reference-or-acquired
DS-090,dataset/acquisition/acquired/DS-090/Hemp_water_stress/train/water stress 6 days/ryb_C4_20250105_10_00.jpg,ryb_C4_20250105_10_00.jpg,water_stress_6_days,DS-090|unknown_plant|water_stress_6_days,unknown_plant,dataset/acquisition/acquired/DS-090/Hemp_water_stress/train/water stress 6 days,path-derived,whole-plant,273,552,0.4946,219.7017,222.5001,216.0809,41.9309,39.4674,43.5551,220.9218,40.586,6.0404,217.284,0.0,0.689,4aaea8f3637250f174555cf5eca159d899e7653010ae9e0c9635825b8687e818,val,public-reference-or-acquired
DS-090,dataset/acquisition/acquired/DS-090/Hemp_water_stress/train/water stress 6 days/ryb_C4_20250105_14_00.jpg,ryb_C4_20250105_14_00.jpg,water_stress_6_days,DS-090|unknown_plant|water_stress_6_days,unknown_plant,dataset/acquisition/acquired/DS-090/Hemp_water_stress/train/water stress 6 days,path-derived,whole-plant,273,552,0.4946,222.611,225.6588,219.0328,40.3628,37.5774,42.3716,223.9402,38.8572,5.749,182.2561,0.0,0.6843,305ad3bfc0e289f88169899c4174e394e54114857477ef08462e9e78aec784b1,val,public-reference-or-acquired
DS-090,dataset/acquisition/acquired/DS-090/Hemp_water_stress/train/water stress 6 days/ryb_C4_20250106_10_00.jpg,ryb_C4_20250106_10_00.jpg,water_stress_6_days,DS-090|unknown_plant|water_stress_6_days,unknown_plant,dataset/acquisition/acquired/DS-090/Hemp_water_stress/train/water stress 6 days,path-derived,whole-plant,273,552,0.4946,200.441,204.9473,201.7824,36.1974,34.4169,38.335,203.2369,35.2937,6.6231,151.499,0.0,0.4221,88d83d59b459ec69fcdeb911f95838d832a134d266dce5aefe18d7b333d5c820,val,public-reference-or-acquired
DS-090,dataset/acquisition/acquired/DS-090/Hemp_water_stress/train/water stress 6 days/ryb_C4_20250106_11_00.jpg,ryb_C4_20250106_11_00.jpg,water_stress_6_days,DS-090|unknown_plant|water_stress_6_days,unknown_plant,dataset/acquisition/acquired/DS-090/Hemp_water_stress/train/water stress 6 days,path-derived,whole-plant,273,552,0.4946,219.2763,221.5023,216.0517,40.0032,37.7273,41.5119,220.2171,38.7531,6.1993,187.4177,0.0,0.6721,ac1ea68e256a3ddb069c54b5de16808e8be204ca68b667ae1fbea273cf41d538,val,public-reference-or-acquired
DS-090,dataset/acquisition/acquired/DS-090/Hemp_water_stress/train/water stress 6 days/ryb_C4_20250107_09_00.jpg,ryb_C4_20250107_09_00.jpg,water_stress_6_days,DS-090|unknown_plant|water_stress_6_days,unknown_plant,dataset/acquisition/acquired/DS-090/Hemp_water_stress/train/water stress 6 days,path-derived,whole-plant,273,552,0.4946,212.658,215.7321,214.3587,44.0326,42.1484,45.041,214.5689,42.9334,6.1219,263.9339,0.0,0.5452,585888d2e20a6333d89a158fda905b9cd8535472b6e1a40a3dff20b90b79164d,val,public-reference-or-acquired
DS-090,dataset/acquisition/acquired/DS-090/Hemp_water_stress/train/water stress 6 days/ryb_C4_20250107_10_00.jpg,ryb_C4_20250107_10_00.jpg,water_stress_6_days,DS-090|unknown_plant|water_stress_6_days,unknown_plant,dataset/acquisition/acquired/DS-090/Hemp_water_stress/train/water stress 6 days,path-derived,whole-plant,273,552,0.4946,206.5488,212.2923,209.9315,41.0533,38.1652,43.2727,210.2407,39.4775,6.5013,244.4232,0.0,0.5998,ed00dc024c01d03601dc85d43e266e5afe2f46940c0cfe1cc10a89a2386f327b,val,public-reference-or-acquired
DS-090,dataset/acquisition/acquired/DS-090/Hemp_water_stress/train/water stress 6 days/ryb_C4_20250107_11_00.jpg,ryb_C4_20250107_11_00.jpg,water_stress_6_days,DS-090|unknown_plant|water_stress_6_days,unknown_plant,dataset/acquisition/acquired/DS-090/Hemp_water_stress/train/water stress 6 days,path-derived,whole-plant,273,552,0.4946,223.7695,226.6744,220.8537,43.5558,40.9819,46.003,225.0397,42.2484,5.2749,252.5901,0.0,0.7007,f061aef07d3f7ee7f627b9ddf871d884c61c27f3fc5388b45caed919b3f1f2e9,val,public-reference-or-acquired
DS-090,dataset/acquisition/acquired/DS-090/Hemp_water_stress/train/water stress 6 days/ryb_C4_20250107_16_00.jpg,ryb_C4_20250107_16_00.jpg,water_stress_6_days,DS-090|unknown_plant|water_stress_6_days,unknown_plant,dataset/acquisition/acquired/DS-090/Hemp_water_stress/train/water stress 6 days,path-derived,whole-plant,273,552,0.4946,193.3116,199.4256,197.7347,37.8304,35.6115,39.5748,197.3975,36.6316,6.6052,165.1465,0.0,0.3339,7cb209fd3bb48b262d467c718111e4b5ddcd7546544bf66ef2a532785a50bed7,val,public-reference-or-acquired
DS-090,dataset/acquisition/acquired/DS-090/Hemp_water_stress/train/water stress 6 days/ryb_C5_20250105_09_00.jpg,ryb_C5_20250105_09_00.jpg,water_stress_6_days,DS-090|unknown_plant|water_stress_6_days,unknown_plant,dataset/acquisition/acquired/DS-090/Hemp_water_stress/train/water stress 6 days,path-derived,whole-plant,273,552,0.4946,217.7867,220.7142,217.2469,58.3801,55.2904,58.8139,219.3179,56.5332,4.83,699.3346,0.0,0.7327,f05e0b459db69ee7259b9b9aef4350f484c40456b5f2ee3f73ef02e9f41692b5,val,public-reference-or-acquired
DS-090,dataset/acquisition/acquired/DS-090/Hemp_water_stress/train/water stress 6 days/ryb_C5_20250105_11_00.jpg,ryb_C5_20250105_11_00.jpg,water_stress_6_days,DS-090|unknown_plant|water_stress_6_days,unknown_plant,dataset/acquisition/acquired/DS-090/Hemp_water_stress/train/water stress 6 days,path-derived,whole-plant,273,552,0.4946,216.3629,219.0268,213.1225,56.2843,53.5559,58.4506,217.4758,54.8295,5.3141,634.8777,0.0,0.7112,657402640b085a0efcd0eeaa41eed4a9e6dbd31866108b5999c473f352fbcfb3,val,public-reference-or-acquired
DS-090,dataset/acquisition/acquired/DS-090/Hemp_water_stress/train/water stress 6 days/ryb_C5_20250105_14_00.jpg,ryb_C5_20250105_14_00.jpg,water_stress_6_days,DS-090|unknown_plant|water_stress_6_days,unknown_plant,dataset/acquisition/acquired/DS-090/Hemp_water_stress/train/water stress 6 days,path-derived,whole-plant,273,552,0.4946,222.1195,224.8754,218.7564,50.956,48.1539,53.8965,223.228,49.4662,4.8785,510.6512,0.0,0.7311,da74bbecf31106727f992a9c21f66853f58f3b3064c8e6db913f1d18489cdc9d,val,public-reference-or-acquired
DS-090,dataset/acquisition/acquired/DS-090/Hemp_water_stress/train/water stress 6 days/ryb_C5_20250105_15_00.jpg,ryb_C5_20250105_15_00.jpg,water_stress_6_days,DS-090|unknown_plant|water_stress_6_days,unknown_plant,dataset/acquisition/acquired/DS-090/Hemp_water_stress/train/water stress 6 days,path-derived,whole-plant,273,552,0.4946,206.2788,208.3367,201.8116,50.8855,48.3879,52.9024,206.9795,49.5278,6.694,470.2445,0.0,0.6023,e95d830f16d057e30220b7b058566c05f37281e20e17e3841e66fedadce901ae,val,public-reference-or-acquired
DS-090,dataset/acquisition/acquired/DS-090/Hemp_water_stress/train/water stress 6 days/ryb_C5_20250105_16_00.jpg,ryb_C5_20250105_16_00.jpg,water_stress_6_days,DS-090|unknown_plant|water_stress_6_days,unknown_plant,dataset/acquisition/acquired/DS-090/Hemp_water_stress/train/water stress 6 days,path-derived,whole-plant,273,552,0.4946,207.3763,209.5777,203.4893,54.0147,51.539,56.0008,208.2216,52.6831,6.5902,587.7227,0.0,0.6216,42721cf07f21d0493d59fd1f20862d600f6d4b9e82858edb4b9b088e49be7047,val,public-reference-or-acquired
DS-090,dataset/acquisition/acquired/DS-090/Hemp_water_stress/train/water stress 6 days/ryb_C5_20250106_09_00.jpg,ryb_C5_20250106_09_00.jpg,water_stress_6_days,DS-090|unknown_plant|water_stress_6_days,unknown_plant,dataset/acquisition/acquired/DS-090/Hemp_water_stress/train/water stress 6 days,path-derived,whole-plant,273,552,0.4946,231.526,232.9162,228.7678,43.8924,42.8356,47.6032,231.7421,43.5635,3.568,426.282,0.0,0.7622,a09b9023b86b8791abcf49d1680a55856b13a7bdbfcdaea18f329d2203f4d7fa,val,public-reference-or-acquired
DS-090,dataset/acquisition/acquired/DS-090/Hemp_water_stress/train/water stress 6 days/ryb_C5_20250106_11_00.jpg,ryb_C5_20250106_11_00.jpg,water_stress_6_days,DS-090|unknown_plant|water_stress_6_days,unknown_plant,dataset/acquisition/acquired/DS-090/Hemp_water_stress/train/water stress 6 days,path-derived,whole-plant,273,552,0.4946,216.5465,218.681,213.2566,54.2541,51.8754,56.2257,217.3774,52.9791,5.6541,603.4352,0.0,0.6922,fa350c0fbcb8369c3c4416ab559dde199cc5a47aeec8191efbb3e22c0ab65284,val,public-reference-or-acquired
DS-090,dataset/acquisition/acquired/DS-090/Hemp_water_stress/train/water stress 6 days/ryb_C5_20250106_13_00.jpg,ryb_C5_20250106_13_00.jpg,water_stress_6_days,DS-090|unknown_plant|water_stress_6_days,unknown_plant,dataset/acquisition/acquired/DS-090/Hemp_water_stress/train/water stress 6 days,path-derived,whole-plant,273,552,0.4946,209.1331,211.6255,203.9223,53.1332,51.137,55.2103,209.9935,52.0886,6.5336,568.3588,0.0,0.6259,89809a2d4121263c9a119fbff38e854c692e7323c832f1075a2dce5f2dc1d045,val,public-reference-or-acquired
DS-090,dataset/acquisition/acquired/DS-090/Hemp_water_stress/train/water stress 6 days/ryb_C5_20250107_08_00.jpg,ryb_C5_20250107_08_00.jpg,water_stress_6_days,DS-090|unknown_plant|water_stress_6_days,unknown_plant,dataset/acquisition/acquired/DS-090/Hemp_water_stress/train/water stress 6 days,path-derived,whole-plant,273,552,0.4946,221.957,223.4513,220.7789,56.7238,54.6967,56.9949,222.4784,55.5283,4.1358,580.4922,0.0,0.7441,1ecadda89e441c8fb7ef6ab9acd3a675988625073f4e5c0012c8cea03ba5c9fc,val,public-reference-or-acquired
DS-090,dataset/acquisition/acquired/DS-090/Hemp_water_stress/train/water stress 6 days/ryb_C5_20250107_09_00.jpg,ryb_C5_20250107_09_00.jpg,water_stress_6_days,DS-090|unknown_plant|water_stress_6_days,unknown_plant,dataset/acquisition/acquired/DS-090/Hemp_water_stress/train/water stress 6 days,path-derived,whole-plant,273,552,0.4946,211.1688,214.4442,212.5473,55.9044,52.8809,56.8301,213.1793,54.1099,5.9987,641.9719,0.0,0.644,4f0883411ebf2081b3819971cc80e79021629b0b9867f0d1344f71859480f06b,val,public-reference-or-acquired
DS-090,dataset/acquisition/acquired/DS-090/Hemp_water_stress/train/water stress 6 days/ryb_C5_20250107_11_00.jpg,ryb_C5_20250107_11_00.jpg,water_stress_6_days,DS-090|unknown_plant|water_stress_6_days,unknown_plant,dataset/acquisition/acquired/DS-090/Hemp_water_stress/train/water stress 6 days,path-derived,whole-plant,273,552,0.4946,216.0776,217.9363,214.3955,56.928,54.4479,58.7616,216.8693,55.5906,5.0367,679.9779,0.0,0.6986,f28a16e6f7c7a6707fdc98e7db9e898c99c259a56bc58646ebe299729e53a5fb,val,public-reference-or-acquired
DS-090,dataset/acquisition/acquired/DS-090/Hemp_water_stress/train/water stress 6 days/ryb_C5_20250107_12_00.jpg,ryb_C5_20250107_12_00.jpg,water_stress_6_days,DS-090|unknown_plant|water_stress_6_days,unknown_plant,dataset/acquisition/acquired/DS-090/Hemp_water_stress/train/water stress 6 days,path-derived,whole-plant,273,552,0.4946,216.4375,219.8857,214.0726,55.3163,51.7537,57.8665,218.0894,53.4015,5.1391,615.1548,0.0,0.7128,ecde6dceee0602bc24ca1e4e14e1f3856c28dbec3a6096d94e1e6a9e8b672288,val,public-reference-or-acquired
DS-090,dataset/acquisition/acquired/DS-090/Hemp_water_stress/train/water stress 6 days/ryb_C5_20250107_14_00.jpg,ryb_C5_20250107_14_00.jpg,water_stress_6_days,DS-090|unknown_plant|water_stress_6_days,unknown_plant,dataset/acquisition/acquired/DS-090/Hemp_water_stress/train/water stress 6 days,path-derived,whole-plant,273,552,0.4946,212.9798,218.0256,209.302,51.6097,48.529,55.0563,215.5085,50.0191,6.2435,492.5264,0.0,0.6786,95e10734968c4a194fe95a69a9d5ce20ca7f36b8048efa3b17851e9794caa211,val,public-reference-or-acquired
DS-090,dataset/acquisition/acquired/DS-090/Hemp_water_stress/train/water stress 6 days/ryb_C5_20250107_15_00.jpg,ryb_C5_20250107_15_00.jpg,water_stress_6_days,DS-090|unknown_plant|water_stress_6_days,unknown_plant,dataset/acquisition/acquired/DS-090/Hemp_water_stress/train/water stress 6 days,path-derived,whole-plant,273,552,0.4946,197.5607,203.2505,201.1824,53.4804,51.151,55.5383,201.3103,52.2442,6.8101,607.1185,0.0,0.5299,53c0f18fbc38e45d2e042aef017b1c33939f22a62d1e9fc534bed648d4cf4a03,val,public-reference-or-acquired
DS-090,dataset/acquisition/acquired/DS-090/Hemp_water_stress/train/water stress 6 days/ryb_C5_20250107_16_00.jpg,ryb_C5_20250107_16_00.jpg,water_stress_6_days,DS-090|unknown_plant|water_stress_6_days,unknown_plant,dataset/acquisition/acquired/DS-090/Hemp_water_stress/train/water stress 6 days,path-derived,whole-plant,273,552,0.4946,200.945,203.601,202.2479,53.8013,51.7761,55.0165,202.6655,52.6908,6.6853,640.7639,0.0,0.5762,8021fac2a92daf0fbae4d82b42ea57e144b8210437f3680a8c2f6800aca3040f,val,public-reference-or-acquired
DS-090,dataset/acquisition/acquired/DS-090/Hemp_water_stress/train/water stress 6 days/ryb_C5_20250107_17_00.jpg,ryb_C5_20250107_17_00.jpg,water_stress_6_days,DS-090|unknown_plant|water_stress_6_days,unknown_plant,dataset/acquisition/acquired/DS-090/Hemp_water_stress/train/water stress 6 days,path-derived,whole-plant,273,552,0.4946,203.6857,206.5958,204.983,54.3671,52.3655,55.1809,205.5398,53.2299,6.6456,651.14,0.0,0.6197,29ee4a1f8d3665305dec28299f29894d98b5036dbc8e71960ff797a900e9e84f,val,public-reference-or-acquired
DS-090,dataset/acquisition/acquired/DS-090/Hemp_water_stress/train/water stress 9 days/ryb_C1_20250108_08_00.jpg,ryb_C1_20250108_08_00.jpg,water_stress_9_days,DS-090|unknown_plant|water_stress_9_days,unknown_plant,dataset/acquisition/acquired/DS-090/Hemp_water_stress/train/water stress 9 days,path-derived,whole-plant,273,552,0.4946,235.2218,236.6366,236.0294,43.8799,41.3898,41.7615,235.8207,42.1505,2.6948,187.6428,0.0,0.8238,fcd9aaded996afb3dd50cc5d3b85cf5a86e8c642d4603a5b17c52957f4ebbcd9,test,public-reference-or-acquired
DS-090,dataset/acquisition/acquired/DS-090/Hemp_water_stress/train/water stress 9 days/ryb_C1_20250108_10_00.jpg,ryb_C1_20250108_10_00.jpg,water_stress_9_days,DS-090|unknown_plant|water_stress_9_days,unknown_plant,dataset/acquisition/acquired/DS-090/Hemp_water_stress/train/water stress 9 days,path-derived,whole-plant,273,552,0.4946,231.8828,233.3483,231.7056,46.4494,44.0775,46.1839,232.4372,44.9845,3.1602,247.1714,0.0,0.8013,185173ef9c6569b03efe14d0dfed9a002908daf630993bae7c4c61ca73acabb1,test,public-reference-or-acquired
DS-090,dataset/acquisition/acquired/DS-090/Hemp_water_stress/train/water stress 9 days/ryb_C1_20250108_12_00.jpg,ryb_C1_20250108_12_00.jpg,water_stress_9_days,DS-090|unknown_plant|water_stress_9_days,unknown_plant,dataset/acquisition/acquired/DS-090/Hemp_water_stress/train/water stress 9 days,path-derived,whole-plant,273,552,0.4946,234.3349,235.5887,232.2986,42.9566,40.8215,45.3484,234.5285,41.8997,3.0102,201.4162,0.0,0.7996,bf28d5a88d9e049624f46c02abcc5cec736a1bc022e957b2b675a9616ce02dbb,test,public-reference-or-acquired
DS-090,dataset/acquisition/acquired/DS-090/Hemp_water_stress/train/water stress 9 days/ryb_C1_20250108_13_00.jpg,ryb_C1_20250108_13_00.jpg,water_stress_9_days,DS-090|unknown_plant|water_stress_9_days,unknown_plant,dataset/acquisition/acquired/DS-090/Hemp_water_stress/train/water stress 9 days,path-derived,whole-plant,273,552,0.4946,233.6946,235.1597,231.6506,42.2897,40.0126,44.7476,234.0129,41.1514,3.0983,206.2077,0.0,0.7877,4467ba262a421c58920168b2d66244077f9041c9e9b53288246d3e84ede3303d,test,public-reference-or-acquired
DS-090,dataset/acquisition/acquired/DS-090/Hemp_water_stress/train/water stress 9 days/ryb_C2_20250108_08_00.jpg,ryb_C2_20250108_08_00.jpg,water_stress_9_days,DS-090|unknown_plant|water_stress_9_days,unknown_plant,dataset/acquisition/acquired/DS-090/Hemp_water_stress/train/water stress 9 days,path-derived,whole-plant,273,552,0.4946,220.4048,225.7461,219.8545,61.3601,54.6973,62.06,223.2718,57.3684,4.015,334.2883,0.0001,0.7895,86c6ce9fac78b4c648edd7de9c8a3b062e5e2f878272312ef983abce6dd8bda4,test,public-reference-or-acquired
DS-090,dataset/acquisition/acquired/DS-090/Hemp_water_stress/train/water stress 9 days/ryb_C2_20250108_10_00.jpg,ryb_C2_20250108_10_00.jpg,water_stress_9_days,DS-090|unknown_plant|water_stress_9_days,unknown_plant,dataset/acquisition/acquired/DS-090/Hemp_water_stress/train/water stress 9 days,path-derived,whole-plant,273,552,0.4946,207.0031,212.0879,209.8631,57.8729,52.3351,61.7131,210.2537,54.8854,6.2812,428.7013,0.0001,0.6976,87a29375f8a0da469c111e28befd26687cf44363a81139080fb5e0ae18d49776,test,public-reference-or-acquired
DS-090,dataset/acquisition/acquired/DS-090/Hemp_water_stress/train/water stress 9 days/ryb_C2_20250108_11_00.jpg,ryb_C2_20250108_11_00.jpg,water_stress_9_days,DS-090|unknown_plant|water_stress_9_days,unknown_plant,dataset/acquisition/acquired/DS-090/Hemp_water_stress/train/water stress 9 days,path-derived,whole-plant,273,552,0.4946,222.3945,227.0484,220.5504,57.1775,50.8927,62.1427,224.8542,53.8209,4.9343,429.2487,0.0001,0.798,1452067c7fcc91fe468f92d59ceb8e5446b58b98dec49fb969ac3ee04b266aee,test,public-reference-or-acquired
DS-090,dataset/acquisition/acquired/DS-090/Hemp_water_stress/train/water stress 9 days/ryb_C2_20250108_12_00.jpg,ryb_C2_20250108_12_00.jpg,water_stress_9_days,DS-090|unknown_plant|water_stress_9_days,unknown_plant,dataset/acquisition/acquired/DS-090/Hemp_water_stress/train/water stress 9 days,path-derived,whole-plant,273,552,0.4946,224.2054,228.9742,221.4523,56.1579,49.284,61.7218,226.5785,52.4877,4.454,349.7213,0.0001,0.795,14137fd1e292bf154fee7866ef6f477f12c60cde1b7921a76a22421b49189533,test,public-reference-or-acquired
DS-090,dataset/acquisition/acquired/DS-090/Hemp_water_stress/train/water stress 9 days/ryb_C2_20250108_13_00.jpg,ryb_C2_20250108_13_00.jpg,water_stress_9_days,DS-090|unknown_plant|water_stress_9_days,unknown_plant,dataset/acquisition/acquired/DS-090/Hemp_water_stress/train/water stress 9 days,path-derived,whole-plant,273,552,0.4946,218.3964,224.0294,218.0098,56.3806,49.58,62.3584,221.6431,52.8145,5.519,371.7238,0.0001,0.7786,367ac81c14cc0019ff1dae603b58bb5efdad1b3a835f6483dada424cab9f3d20,test,public-reference-or-acquired
DS-090,dataset/acquisition/acquired/DS-090/Hemp_water_stress/train/water stress 9 days/ryb_C2_20250108_17_00.jpg,ryb_C2_20250108_17_00.jpg,water_stress_9_days,DS-090|unknown_plant|water_stress_9_days,unknown_plant,dataset/acquisition/acquired/DS-090/Hemp_water_stress/train/water stress 9 days,path-derived,whole-plant,273,552,0.4946,214.7231,218.4323,211.7152,57.2274,52.6349,61.4106,216.5721,54.8803,5.8801,392.1107,0.0001,0.7456,a2f894138b3b6eb8186fafa8dccdf95350fd7c3c14c48452878b2073e5058cac,test,public-reference-or-acquired
DS-090,dataset/acquisition/acquired/DS-090/Hemp_water_stress/train/water stress 9 days/ryb_C2_20250109_17_00.jpg,ryb_C2_20250109_17_00.jpg,water_stress_9_days,DS-090|unknown_plant|water_stress_9_days,unknown_plant,dataset/acquisition/acquired/DS-090/Hemp_water_stress/train/water stress 9 days,path-derived,whole-plant,273,552,0.4946,216.2562,220.893,215.4225,60.0416,54.9937,63.4145,218.8326,57.3517,5.2387,410.9329,0.0001,0.7624,b1a606807a5d1f63b7d91cc0585b51a93f916a3fec9d4f7a37fd06c3813c68d2,test,public-reference-or-acquired
DS-090,dataset/acquisition/acquired/DS-090/Hemp_water_stress/train/water stress 9 days/ryb_C2_20250110_08_00.jpg,ryb_C2_20250110_08_00.jpg,water_stress_9_days,DS-090|unknown_plant|water_stress_9_days,unknown_plant,dataset/acquisition/acquired/DS-090/Hemp_water_stress/train/water stress 9 days,path-derived,whole-plant,273,552,0.4946,221.5063,226.3659,220.7995,58.697,52.9157,59.4405,224.0801,55.2518,4.1734,288.5659,0.0,0.7899,e9794f3848de4dbe0a24f88714544ec6af438c233210c453c11f06fd150b368f,test,public-reference-or-acquired
DS-090,dataset/acquisition/acquired/DS-090/Hemp_water_stress/train/water stress 9 days/ryb_C2_20250110_09_00.jpg,ryb_C2_20250110_09_00.jpg,water_stress_9_days,DS-090|unknown_plant|water_stress_9_days,unknown_plant,dataset/acquisition/acquired/DS-090/Hemp_water_stress/train/water stress 9 days,path-derived,whole-plant,273,552,0.4946,206.9723,211.6444,210.7737,63.7848,58.3734,65.1902,210.0092,60.6294,5.6667,414.2527,0.0005,0.6254,daa99fe1a5d90a48ade8e148204d7fda2452f2076bcca3af898b557a1cdedd47,test,public-reference-or-acquired
DS-090,dataset/acquisition/acquired/DS-090/Hemp_water_stress/train/water stress 9 days/ryb_C2_20250110_10_00.jpg,ryb_C2_20250110_10_00.jpg,water_stress_9_days,DS-090|unknown_plant|water_stress_9_days,unknown_plant,dataset/acquisition/acquired/DS-090/Hemp_water_stress/train/water stress 9 days,path-derived,whole-plant,273,552,0.4946,198.588,205.623,202.3664,52.4031,46.6981,58.3018,203.1017,49.4,6.5905,449.474,0.0003,0.4669,6190a740b945c15e4278e9878912651c64acd2e72678504bbbcde096db566dc7,test,public-reference-or-acquired
DS-090,dataset/acquisition/acquired/DS-090/Hemp_water_stress/train/water stress 9 days/ryb_C2_20250110_12_00.jpg,ryb_C2_20250110_12_00.jpg,water_stress_9_days,DS-090|unknown_plant|water_stress_9_days,unknown_plant,dataset/acquisition/acquired/DS-090/Hemp_water_stress/train/water stress 9 days,path-derived,whole-plant,273,552,0.4946,219.8464,222.9562,215.6071,57.4429,51.377,63.1381,221.1429,54.3466,5.5253,371.3074,0.0002,0.7962,92d190b06ed9ec5809f5dddb50bf9ef4507657cb0505d2cb4d3506199734cfc1,test,public-reference-or-acquired
DS-090,dataset/acquisition/acquired/DS-090/Hemp_water_stress/train/water stress 9 days/ryb_C2_20250110_14_00.jpg,ryb_C2_20250110_14_00.jpg,water_stress_9_days,DS-090|unknown_plant|water_stress_9_days,unknown_plant,dataset/acquisition/acquired/DS-090/Hemp_water_stress/train/water stress 9 days,path-derived,whole-plant,273,552,0.4946,214.8422,220.163,216.2388,51.4304,45.2999,58.8521,218.1345,48.3943,5.7411,272.8741,0.0001,0.7613,9deabc7aae64e83dab1bd13e2196466d376049b0181bb46b05b142e58ee6eee9,test,public-reference-or-acquired
DS-090,dataset/acquisition/acquired/DS-090/Hemp_water_stress/train/water stress 9 days/ryb_C3_20250108_13_00.jpg,ryb_C3_20250108_13_00.jpg,water_stress_9_days,DS-090|unknown_plant|water_stress_9_days,unknown_plant,dataset/acquisition/acquired/DS-090/Hemp_water_stress/train/water stress 9 days,path-derived,whole-plant,273,552,0.4946,196.3347,202.75,193.5655,56.1222,50.1787,61.1677,199.7908,53.0735,6.5803,413.6501,0.0,0.5561,4057f6293b6e7bc34fb2020b12d474d16aa952d7755b1ee608dbf0d4ea248a6f,test,public-reference-or-acquired
DS-090,dataset/acquisition/acquired/DS-090/Hemp_water_stress/train/water stress 9 days/ryb_C3_20250108_14_00.jpg,ryb_C3_20250108_14_00.jpg,water_stress_9_days,DS-090|unknown_plant|water_stress_9_days,unknown_plant,dataset/acquisition/acquired/DS-090/Hemp_water_stress/train/water stress 9 days,path-derived,whole-plant,273,552,0.4946,210.3537,216.9591,206.0104,56.4473,49.1415,61.7441,213.7141,52.6011,5.6354,308.0226,0.0,0.6572,35a95ca3cbc654a3d2731b49995b2ce4bc355af721abd043720cc00eefea90b4,test,public-reference-or-acquired
DS-090,dataset/acquisition/acquired/DS-090/Hemp_water_stress/train/water stress 9 days/ryb_C3_20250109_11_00.jpg,ryb_C3_20250109_11_00.jpg,water_stress_9_days,DS-090|unknown_plant|water_stress_9_days,unknown_plant,dataset/acquisition/acquired/DS-090/Hemp_water_stress/train/water stress 9 days,path-derived,whole-plant,273,552,0.4946,202.5281,208.8272,201.1622,59.2432,53.4261,62.2716,206.0649,56.0917,6.4381,482.5941,0.0,0.6278,12f8d88f5461b3df6c8eff4fc62b7746faa9d58d080c4f99d91dfa2da4aba90a,test,public-reference-or-acquired
DS-090,dataset/acquisition/acquired/DS-090/Hemp_water_stress/train/water stress 9 days/ryb_C3_20250109_12_00.jpg,ryb_C3_20250109_12_00.jpg,water_stress_9_days,DS-090|unknown_plant|water_stress_9_days,unknown_plant,dataset/acquisition/acquired/DS-090/Hemp_water_stress/train/water stress 9 days,path-derived,whole-plant,273,552,0.4946,197.8635,204.3149,198.3393,58.5166,52.8839,62.8151,201.7032,55.6017,6.5669,468.737,0.0,0.601,18d05b5debbf4043509ca1e70881327922735adfab683e423a72ca26c5d07fd5,test,public-reference-or-acquired
DS-090,dataset/acquisition/acquired/DS-090/Hemp_water_stress/train/water stress 9 days/ryb_C3_20250109_13_00.jpg,ryb_C3_20250109_13_00.jpg,water_stress_9_days,DS-090|unknown_plant|water_stress_9_days,unknown_plant,dataset/acquisition/acquired/DS-090/Hemp_water_stress/train/water stress 9 days,path-derived,whole-plant,273,552,0.4946,200.6867,207.2243,200.0497,59.9717,53.7056,64.5735,204.4545,56.7153,6.4374,435.9427,0.0,0.6229,3e4abe8b2ca33c7ebaadf850b3a372bd352daf8ff8fc3b7e9138495bd229ba47,test,public-reference-or-acquired
DS-090,dataset/acquisition/acquired/DS-090/Hemp_water_stress/train/water stress 9 days/ryb_C3_20250110_08_00.jpg,ryb_C3_20250110_08_00.jpg,water_stress_9_days,DS-090|unknown_plant|water_stress_9_days,unknown_plant,dataset/acquisition/acquired/DS-090/Hemp_water_stress/train/water stress 9 days,path-derived,whole-plant,273,552,0.4946,210.3116,213.7918,209.7684,59.1732,54.8501,59.6996,212.2616,56.639,5.5111,397.3555,0.0,0.676,1d7ccf71315d04a6d6bbbc3d89096915a8ec3ffa45aa6b4350f1bd9b670f32f2,test,public-reference-or-acquired
DS-090,dataset/acquisition/acquired/DS-090/Hemp_water_stress/train/water stress 9 days/ryb_C3_20250110_09_00.jpg,ryb_C3_20250110_09_00.jpg,water_stress_9_days,DS-090|unknown_plant|water_stress_9_days,unknown_plant,dataset/acquisition/acquired/DS-090/Hemp_water_stress/train/water stress 9 days,path-derived,whole-plant,273,552,0.4946,202.5394,208.1688,205.4195,63.0221,57.6683,62.8386,206.0829,59.7576,5.6745,497.4288,0.0,0.5783,2bbc26ac8711599eafc8c1ab3893e578e55b53fc51ddf860c5f6a4bd2b409fca,test,public-reference-or-acquired
DS-090,dataset/acquisition/acquired/DS-090/Hemp_water_stress/train/water stress 9 days/ryb_C3_20250110_10_00.jpg,ryb_C3_20250110_10_00.jpg,water_stress_9_days,DS-090|unknown_plant|water_stress_9_days,unknown_plant,dataset/acquisition/acquired/DS-090/Hemp_water_stress/train/water stress 9 days,path-derived,whole-plant,273,552,0.4946,196.8072,203.3075,199.1168,61.5615,55.8239,64.1763,200.8793,58.3944,6.5045,527.4632,0.0,0.5573,ea34a5b5a6a117489df7a44651b2188532011be1291b6e3bd6f275e1bca7a8d6,test,public-reference-or-acquired
DS-090,dataset/acquisition/acquired/DS-090/Hemp_water_stress/train/water stress 9 days/ryb_C3_20250110_13_00.jpg,ryb_C3_20250110_13_00.jpg,water_stress_9_days,DS-090|unknown_plant|water_stress_9_days,unknown_plant,dataset/acquisition/acquired/DS-090/Hemp_water_stress/train/water stress 9 days,path-derived,whole-plant,273,552,0.4946,199.5916,207.3442,198.3606,56.1872,50.3134,61.8024,203.9911,53.1943,6.5675,283.5775,0.0,0.5841,3f76fc99b9162bbd34941247a9782e20724b01a9cbfcae635f834559ac75a9cc,test,public-reference-or-acquired
DS-090,dataset/acquisition/acquired/DS-090/Hemp_water_stress/train/water stress 9 days/ryb_C3_20250110_15_00.jpg,ryb_C3_20250110_15_00.jpg,water_stress_9_days,DS-090|unknown_plant|water_stress_9_days,unknown_plant,dataset/acquisition/acquired/DS-090/Hemp_water_stress/train/water stress 9 days,path-derived,whole-plant,273,552,0.4946,195.8466,202.1402,196.4148,60.1253,54.5035,63.9724,199.6054,57.1606,6.6265,383.1175,0.0,0.5664,82f1a08891617c3da7a96df4885c8a9e6cd0154468ec9ed323707e2fe069aee7,test,public-reference-or-acquired
DS-090,dataset/acquisition/acquired/DS-090/Hemp_water_stress/train/water stress 9 days/ryb_C3_20250110_17_00.jpg,ryb_C3_20250110_17_00.jpg,water_stress_9_days,DS-090|unknown_plant|water_stress_9_days,unknown_plant,dataset/acquisition/acquired/DS-090/Hemp_water_stress/train/water stress 9 days,path-derived,whole-plant,273,552,0.4946,193.2064,197.0208,192.6836,59.343,55.7669,62.2719,195.394,57.5287,6.603,459.6053,0.0,0.5276,128be7dd1f8c6ca7e049d248e7f22fd2465303802313b5463ffc47a4de5b3a9d,test,public-reference-or-acquired
DS-090,dataset/acquisition/acquired/DS-090/Hemp_water_stress/train/water stress 9 days/ryb_C4_20250108_09_00.jpg,ryb_C4_20250108_09_00.jpg,water_stress_9_days,DS-090|unknown_plant|water_stress_9_days,unknown_plant,dataset/acquisition/acquired/DS-090/Hemp_water_stress/train/water stress 9 days,path-derived,whole-plant,273,552,0.4946,213.6882,215.9855,212.4167,43.8985,42.3062,45.9463,214.8145,43.1219,6.206,275.8149,0.0,0.5722,f9d5ee05cc6aff3a1902bb778688f50423a72c519b9620d7559f3dae0ded7dab,test,public-reference-or-acquired
DS-090,dataset/acquisition/acquired/DS-090/Hemp_water_stress/train/water stress 9 days/ryb_C4_20250108_10_00.jpg,ryb_C4_20250108_10_00.jpg,water_stress_9_days,DS-090|unknown_plant|water_stress_9_days,unknown_plant,dataset/acquisition/acquired/DS-090/Hemp_water_stress/train/water stress 9 days,path-derived,whole-plant,273,552,0.4946,209.6163,213.7202,209.1682,43.5517,40.8374,44.803,211.9497,42.0141,6.4747,246.5515,0.0,0.6444,df210fe9961237bc03b06127dd8b75bb400499bc2d7eca64737a8c69d7cfb44b,test,public-reference-or-acquired
DS-090,dataset/acquisition/acquired/DS-090/Hemp_water_stress/train/water stress 9 days/ryb_C4_20250108_13_00.jpg,ryb_C4_20250108_13_00.jpg,water_stress_9_days,DS-090|unknown_plant|water_stress_9_days,unknown_plant,dataset/acquisition/acquired/DS-090/Hemp_water_stress/train/water stress 9 days,path-derived,whole-plant,273,552,0.4946,207.3465,213.021,204.6514,39.4508,36.7087,42.6137,210.3603,38.065,6.476,160.3454,0.0,0.6106,4e1b69b8ed79f479380f168dfd158dced39f5a2093187b312d3f81af19a68160,test,public-reference-or-acquired
DS-090,dataset/acquisition/acquired/DS-090/Hemp_water_stress/train/water stress 9 days/ryb_C4_20250108_15_00.jpg,ryb_C4_20250108_15_00.jpg,water_stress_9_days,DS-090|unknown_plant|water_stress_9_days,unknown_plant,dataset/acquisition/acquired/DS-090/Hemp_water_stress/train/water stress 9 days,path-derived,whole-plant,273,552,0.4946,214.92,218.0495,211.3916,42.4883,39.7803,44.2229,216.3432,41.0054,6.3546,178.6572,0.0,0.6372,46e1cc841c34bdf0a8056beaa8afcf7d1e1f52cb1f769bba47699e55e08b6317,test,public-reference-or-acquired
DS-090,dataset/acquisition/acquired/DS-090/Hemp_water_stress/train/water stress 9 days/ryb_C4_20250108_16_00.jpg,ryb_C4_20250108_16_00.jpg,water_stress_9_days,DS-090|unknown_plant|water_stress_9_days,unknown_plant,dataset/acquisition/acquired/DS-090/Hemp_water_stress/train/water stress 9 days,path-derived,whole-plant,273,552,0.4946,212.0525,216.2939,212.5628,41.4644,38.7605,42.5764,214.5976,39.9152,6.4443,177.8041,0.0,0.6231,6088551de968a59574d8fe3200715270ae439ccbfe55c9cf0728cecd0e1dbdbe,test,public-reference-or-acquired
DS-090,dataset/acquisition/acquired/DS-090/Hemp_water_stress/train/water stress 9 days/ryb_C4_20250109_09_00.jpg,ryb_C4_20250109_09_00.jpg,water_stress_9_days,DS-090|unknown_plant|water_stress_9_days,unknown_plant,dataset/acquisition/acquired/DS-090/Hemp_water_stress/train/water stress 9 days,path-derived,whole-plant,273,552,0.4946,248.6564,249.3377,246.476,18.3833,18.6688,21.1775,248.4393,18.7462,2.6447,24.1205,0.0,0.9427,80cf03eceb2bd3cf19e452ea134dbe90989bec821d3cdaeb68f6f36428e40716,test,public-reference-or-acquired
DS-090,dataset/acquisition/acquired/DS-090/Hemp_water_stress/train/water stress 9 days/ryb_C4_20250109_11_00.jpg,ryb_C4_20250109_11_00.jpg,water_stress_9_days,DS-090|unknown_plant|water_stress_9_days,unknown_plant,dataset/acquisition/acquired/DS-090/Hemp_water_stress/train/water stress 9 days,path-derived,whole-plant,273,552,0.4946,217.7032,222.2696,217.1558,42.5358,39.9492,44.4839,220.298,41.1381,6.0671,213.3511,0.0,0.6728,22e4a700433ee63d6d1f0d98c483b977309b28f8c8e6ecb3a5c1065f1bf88813,test,public-reference-or-acquired
DS-090,dataset/acquisition/acquired/DS-090/Hemp_water_stress/train/water stress 9 days/ryb_C4_20250109_13_00.jpg,ryb_C4_20250109_13_00.jpg,water_stress_9_days,DS-090|unknown_plant|water_stress_9_days,unknown_plant,dataset/acquisition/acquired/DS-090/Hemp_water_stress/train/water stress 9 days,path-derived,whole-plant,273,552,0.4946,204.8566,209.7016,203.5185,40.4338,37.5241,43.0044,207.5452,38.909,6.5243,169.3529,0.0,0.5758,c673a1e9dd02167c2254d11052371d5692c30896da365674b764f325080e98da,test,public-reference-or-acquired
DS-090,dataset/acquisition/acquired/DS-090/Hemp_water_stress/train/water stress 9 days/ryb_C4_20250109_16_00.jpg,ryb_C4_20250109_16_00.jpg,water_stress_9_days,DS-090|unknown_plant|water_stress_9_days,unknown_plant,dataset/acquisition/acquired/DS-090/Hemp_water_stress/train/water stress 9 days,path-derived,whole-plant,273,552,0.4946,202.3616,207.6719,204.2582,40.0951,37.3532,42.065,205.6973,38.6151,6.6953,131.5539,0.0,0.5181,db747806f90387981f03c2ca8de20de594752d67a63bb571835072bae4aae311,test,public-reference-or-acquired
DS-090,dataset/acquisition/acquired/DS-090/Hemp_water_stress/train/water stress 9 days/ryb_C4_20250110_08_00.jpg,ryb_C4_20250110_08_00.jpg,water_stress_9_days,DS-090|unknown_plant|water_stress_9_days,unknown_plant,dataset/acquisition/acquired/DS-090/Hemp_water_stress/train/water stress 9 days,path-derived,whole-plant,273,552,0.4946,224.6785,226.2325,222.7858,42.3099,40.9283,42.9657,225.2271,41.5467,5.1753,139.0901,0.0,0.702,e4dc5cebbd469eeba7b9c4740efe4ef2983c0d2ec4e34034fac3cb619e96a17a,test,public-reference-or-acquired
DS-090,dataset/acquisition/acquired/DS-090/Hemp_water_stress/train/water stress 9 days/ryb_C4_20250110_10_00.jpg,ryb_C4_20250110_10_00.jpg,water_stress_9_days,DS-090|unknown_plant|water_stress_9_days,unknown_plant,dataset/acquisition/acquired/DS-090/Hemp_water_stress/train/water stress 9 days,path-derived,whole-plant,273,552,0.4946,204.0115,209.4562,204.8852,42.4155,38.9986,44.8537,207.2271,40.5497,6.5049,203.3386,0.0,0.5542,9ed3fffd8bc76b5ebd99ee3a1b51de508cb5aef0ba27440e670073f8ff878e00,test,public-reference-or-acquired
DS-090,dataset/acquisition/acquired/DS-090/Hemp_water_stress/train/water stress 9 days/ryb_C4_20250110_12_00.jpg,ryb_C4_20250110_12_00.jpg,water_stress_9_days,DS-090|unknown_plant|water_stress_9_days,unknown_plant,dataset/acquisition/acquired/DS-090/Hemp_water_stress/train/water stress 9 days,path-derived,whole-plant,273,552,0.4946,208.5229,214.2513,205.9029,42.6056,39.0881,45.3214,211.5867,40.7297,6.5543,133.0638,0.0,0.627,1ff89435b83520d895156ca60605c5eec503b7e3ae939a6e4939e02ce76cd774,test,public-reference-or-acquired
DS-090,dataset/acquisition/acquired/DS-090/Hemp_water_stress/train/water stress 9 days/ryb_C4_20250110_14_00.jpg,ryb_C4_20250110_14_00.jpg,water_stress_9_days,DS-090|unknown_plant|water_stress_9_days,unknown_plant,dataset/acquisition/acquired/DS-090/Hemp_water_stress/train/water stress 9 days,path-derived,whole-plant,273,552,0.4946,197.1161,201.8251,194.706,35.5036,32.1012,38.7726,199.6028,33.7094,6.4645,66.2944,0.0,0.3852,6c02ab52c5dbe3d2bb12dbce39f0d0e72729c9704c190bb107471b84af6bb851,test,public-reference-or-acquired
DS-090,dataset/acquisition/acquired/DS-090/Hemp_water_stress/train/water stress 9 days/ryb_C4_20250110_15_00.jpg,ryb_C4_20250110_15_00.jpg,water_stress_9_days,DS-090|unknown_plant|water_stress_9_days,unknown_plant,dataset/acquisition/acquired/DS-090/Hemp_water_stress/train/water stress 9 days,path-derived,whole-plant,273,552,0.4946,200.6793,205.9034,200.4225,39.7244,36.4889,42.1098,203.7291,37.9867,6.5728,142.7099,0.0,0.5053,eca1a94488f06da7f3bb513e03eefa97ed6fc6e7d84ec589d8b656bb91a216ca,test,public-reference-or-acquired
DS-090,dataset/acquisition/acquired/DS-090/Hemp_water_stress/train/water stress 9 days/ryb_C5_20250108_08_00.jpg,ryb_C5_20250108_08_00.jpg,water_stress_9_days,DS-090|unknown_plant|water_stress_9_days,unknown_plant,dataset/acquisition/acquired/DS-090/Hemp_water_stress/train/water stress 9 days,path-derived,whole-plant,273,552,0.4946,221.9968,223.8502,222.2241,56.1861,53.8661,55.9047,222.8546,54.7445,3.7957,601.9888,0.0,0.7382,d8ce7c8f2db15751cb9aebdb00b27d5c557fbe8e8712bf72b11b7caf4d898115,test,public-reference-or-acquired
DS-090,dataset/acquisition/acquired/DS-090/Hemp_water_stress/train/water stress 9 days/ryb_C5_20250108_09_00.jpg,ryb_C5_20250108_09_00.jpg,water_stress_9_days,DS-090|unknown_plant|water_stress_9_days,unknown_plant,dataset/acquisition/acquired/DS-090/Hemp_water_stress/train/water stress 9 days,path-derived,whole-plant,273,552,0.4946,213.2156,216.8889,215.0019,57.9289,55.1871,58.6019,215.4869,56.3208,5.5082,681.1041,0.0,0.7029,76fed272239d33bf5f9aba4ed2de8e1e39ed416cb4c0765717e661f3a2a6742d,test,public-reference-or-acquired
DS-090,dataset/acquisition/acquired/DS-090/Hemp_water_stress/train/water stress 9 days/ryb_C5_20250108_10_00.jpg,ryb_C5_20250108_10_00.jpg,water_stress_9_days,DS-090|unknown_plant|water_stress_9_days,unknown_plant,dataset/acquisition/acquired/DS-090/Hemp_water_stress/train/water stress 9 days,path-derived,whole-plant,273,552,0.4946,215.2348,217.8705,213.9476,57.0702,53.7693,58.543,216.5076,55.2022,5.3254,695.416,0.0,0.6947,162a8822e721ba71caedd968633c2779488ecb171e0b9a4acc9e391598ccb292,test,public-reference-or-acquired
DS-090,dataset/acquisition/acquired/DS-090/Hemp_water_stress/train/water stress 9 days/ryb_C5_20250108_12_00.jpg,ryb_C5_20250108_12_00.jpg,water_stress_9_days,DS-090|unknown_plant|water_stress_9_days,unknown_plant,dataset/acquisition/acquired/DS-090/Hemp_water_stress/train/water stress 9 days,path-derived,whole-plant,273,552,0.4946,217.2153,220.8588,214.3535,53.8,49.8802,56.654,218.9207,51.6704,5.11,509.8134,0.0,0.708,410e92b4a6579160a3f46d4ca9837c82767dd40611c408920ea39d9ad7971cfd,test,public-reference-or-acquired
DS-090,dataset/acquisition/acquired/DS-090/Hemp_water_stress/train/water stress 9 days/ryb_C5_20250108_13_00.jpg,ryb_C5_20250108_13_00.jpg,water_stress_9_days,DS-090|unknown_plant|water_stress_9_days,unknown_plant,dataset/acquisition/acquired/DS-090/Hemp_water_stress/train/water stress 9 days,path-derived,whole-plant,273,552,0.4946,209.1655,213.7909,205.8093,55.5704,51.7611,58.5899,211.4699,53.5279,6.1954,589.8593,0.0,0.6267,7d11b5610fdec81c79d6f55053a452c9e8f132efdfcea50b7cf324ef568080bc,test,public-reference-or-acquired
DS-090,dataset/acquisition/acquired/DS-090/Hemp_water_stress/train/water stress 9 days/ryb_C5_20250108_14_00.jpg,ryb_C5_20250108_14_00.jpg,water_stress_9_days,DS-090|unknown_plant|water_stress_9_days,unknown_plant,dataset/acquisition/acquired/DS-090/Hemp_water_stress/train/water stress 9 days,path-derived,whole-plant,273,552,0.4946,219.2513,223.6339,214.7534,50.1714,46.1408,54.0546,221.2176,48.0492,5.3386,381.9032,0.0,0.7017,e88ac9db6c99ebdadfa638ec25d688d8885223d28e1d3bf31693e265fe130594,test,public-reference-or-acquired
DS-090,dataset/acquisition/acquired/DS-090/Hemp_water_stress/train/water stress 9 days/ryb_C5_20250108_15_00.jpg,ryb_C5_20250108_15_00.jpg,water_stress_9_days,DS-090|unknown_plant|water_stress_9_days,unknown_plant,dataset/acquisition/acquired/DS-090/Hemp_water_stress/train/water stress 9 days,path-derived,whole-plant,273,552,0.4946,216.1258,219.949,213.3101,54.1668,50.2757,56.4604,217.9664,51.9976,5.3197,571.6366,0.0,0.6973,9225a2a54d1c94e267c34ff109782c78a1c3a550449d9fbfd398fe1ec3326d7c,test,public-reference-or-acquired
DS-090,dataset/acquisition/acquired/DS-090/Hemp_water_stress/train/water stress 9 days/ryb_C5_20250108_17_00.jpg,ryb_C5_20250108_17_00.jpg,water_stress_9_days,DS-090|unknown_plant|water_stress_9_days,unknown_plant,dataset/acquisition/acquired/DS-090/Hemp_water_stress/train/water stress 9 days,path-derived,whole-plant,273,552,0.4946,203.841,206.0674,200.4776,54.8065,53.026,56.5316,204.7677,53.8931,6.6799,621.7028,0.0,0.5987,2d03b6c643973e0bcad7c6891233b8b39fad667a25f8731605e2d6300436fcff,test,public-reference-or-acquired
DS-090,dataset/acquisition/acquired/DS-090/Hemp_water_stress/train/water stress 9 days/ryb_C5_20250109_09_00.jpg,ryb_C5_20250109_09_00.jpg,water_stress_9_days,DS-090|unknown_plant|water_stress_9_days,unknown_plant,dataset/acquisition/acquired/DS-090/Hemp_water_stress/train/water stress 9 days,path-derived,whole-plant,273,552,0.4946,237.7649,239.643,235.2949,34.1225,33.0674,37.8235,238.2868,33.6843,3.4483,249.4404,0.0,0.7926,04730029289b7a7b3d6cb59c98c91b5e822782803acaf51c6407bf5d6eca4dd2,test,public-reference-or-acquired
DS-090,dataset/acquisition/acquired/DS-090/Hemp_water_stress/train/water stress 9 days/ryb_C5_20250109_10_00.jpg,ryb_C5_20250109_10_00.jpg,water_stress_9_days,DS-090|unknown_plant|water_stress_9_days,unknown_plant,dataset/acquisition/acquired/DS-090/Hemp_water_stress/train/water stress 9 days,path-derived,whole-plant,273,552,0.4946,217.5922,220.6936,214.4382,55.2549,51.9985,57.9226,218.9313,53.5159,4.9682,623.6528,0.0,0.6996,b3d357fb2b6a36c63fd7990e8438cc46d86ca5f564a3bb035043f3318d579785,test,public-reference-or-acquired
DS-090,dataset/acquisition/acquired/DS-090/Hemp_water_stress/train/water stress 9 days/ryb_C5_20250109_11_00.jpg,ryb_C5_20250109_11_00.jpg,water_stress_9_days,DS-090|unknown_plant|water_stress_9_days,unknown_plant,dataset/acquisition/acquired/DS-090/Hemp_water_stress/train/water stress 9 days,path-derived,whole-plant,273,552,0.4946,216.1258,219.7389,214.0037,56.4131,52.8955,58.5774,217.8927,54.4687,5.0585,636.9918,0.0,0.704,32c116a0e03abbd8258df05c4d8fbfaf3fa2c10fecefe9ac2cf2d0257200b763,test,public-reference-or-acquired
DS-090,dataset/acquisition/acquired/DS-090/Hemp_water_stress/train/water stress 9 days/ryb_C5_20250109_12_00.jpg,ryb_C5_20250109_12_00.jpg,water_stress_9_days,DS-090|unknown_plant|water_stress_9_days,unknown_plant,dataset/acquisition/acquired/DS-090/Hemp_water_stress/train/water stress 9 days,path-derived,whole-plant,273,552,0.4946,208.6962,212.8923,207.8417,57.88,54.1262,59.3772,211.0229,55.7362,5.9976,641.5125,0.0,0.6327,32363313324ffb32512c334138ff04b5b8bed898408b78500e8194b927feacda,test,public-reference-or-acquired
DS-090,dataset/acquisition/acquired/DS-090/Hemp_water_stress/train/water stress 9 days/ryb_C5_20250109_13_00.jpg,ryb_C5_20250109_13_00.jpg,water_stress_9_days,DS-090|unknown_plant|water_stress_9_days,unknown_plant,dataset/acquisition/acquired/DS-090/Hemp_water_stress/train/water stress 9 days,path-derived,whole-plant,273,552,0.4946,206.6591,210.8999,203.9178,57.3043,53.6687,59.8492,208.8091,55.3435,6.234,630.1727,0.0,0.6112,8917065bff2c8aaf58e9553dfebd205f5cc78e216bb5da6b51849ef1dfc1a5d2,test,public-reference-or-acquired
DS-090,dataset/acquisition/acquired/DS-090/Hemp_water_stress/train/water stress 9 days/ryb_C5_20250109_15_00.jpg,ryb_C5_20250109_15_00.jpg,water_stress_9_days,DS-090|unknown_plant|water_stress_9_days,unknown_plant,dataset/acquisition/acquired/DS-090/Hemp_water_stress/train/water stress 9 days,path-derived,whole-plant,273,552,0.4946,209.0471,211.6028,205.8417,56.1354,53.692,58.1844,210.1606,54.8739,6.1501,537.9862,0.0,0.6396,32e37226c6e4864151d78adff1582aa1bdcd7fe7e0f31be240f7058eb63d860f,test,public-reference-or-acquired
DS-090,dataset/acquisition/acquired/DS-090/Hemp_water_stress/train/water stress 9 days/ryb_C5_20250109_16_00.jpg,ryb_C5_20250109_16_00.jpg,water_stress_9_days,DS-090|unknown_plant|water_stress_9_days,unknown_plant,dataset/acquisition/acquired/DS-090/Hemp_water_stress/train/water stress 9 days,path-derived,whole-plant,273,552,0.4946,199.0594,203.154,199.9897,54.9368,52.281,56.4376,201.5732,53.4813,6.7281,516.5446,0.0,0.5762,0705983a41e64495224d66b0aa935cbf7e47a93e337d6121d3191502f881c370,test,public-reference-or-acquired
DS-090,dataset/acquisition/acquired/DS-090/Hemp_water_stress/train/water stress 9 days/ryb_C5_20250109_17_00.jpg,ryb_C5_20250109_17_00.jpg,water_stress_9_days,DS-090|unknown_plant|water_stress_9_days,unknown_plant,dataset/acquisition/acquired/DS-090/Hemp_water_stress/train/water stress 9 days,path-derived,whole-plant,273,552,0.4946,201.6189,204.3747,200.371,56.1375,53.8643,57.3165,203.0924,54.877,6.6198,654.8147,0.0,0.594,324f1cdaf1d54205bc5e3f578e2972d6a4b22dc4aebcc68b14ccd5a3d4bbbae0,test,public-reference-or-acquired
DS-090,dataset/acquisition/acquired/DS-090/Hemp_water_stress/train/water stress 9 days/ryb_C5_20250110_09_00.jpg,ryb_C5_20250110_09_00.jpg,water_stress_9_days,DS-090|unknown_plant|water_stress_9_days,unknown_plant,dataset/acquisition/acquired/DS-090/Hemp_water_stress/train/water stress 9 days,path-derived,whole-plant,273,552,0.4946,210.3431,214.326,212.248,57.2628,54.4693,58.4669,212.8191,55.6827,5.8401,644.4595,0.0,0.6632,ba1f0be0bdc063c2f4030047f98f7c3a3ecc3d98fe572a76ff76a74fd876c3d2,test,public-reference-or-acquired
DS-090,dataset/acquisition/acquired/DS-090/Hemp_water_stress/train/water stress 9 days/ryb_C5_20250110_10_00.jpg,ryb_C5_20250110_10_00.jpg,water_stress_9_days,DS-090|unknown_plant|water_stress_9_days,unknown_plant,dataset/acquisition/acquired/DS-090/Hemp_water_stress/train/water stress 9 days,path-derived,whole-plant,273,552,0.4946,218.2057,222.0898,215.1866,52.8986,49.2555,56.8219,220.0035,50.9445,5.2443,631.3026,0.0,0.6914,cf721bbe1fccd941382ce447c2a1f098469bf4c5ec2a05154c0bd52566cc1b92,test,public-reference-or-acquired
DS-090,dataset/acquisition/acquired/DS-090/Hemp_water_stress/train/water stress 9 days/ryb_C5_20250110_11_00.jpg,ryb_C5_20250110_11_00.jpg,water_stress_9_days,DS-090|unknown_plant|water_stress_9_days,unknown_plant,dataset/acquisition/acquired/DS-090/Hemp_water_stress/train/water stress 9 days,path-derived,whole-plant,273,552,0.4946,210.7453,214.8601,207.8009,59.79,55.589,62.4599,212.7157,57.5231,5.219,634.407,0.0,0.6632,db8dc281e1d5a92f2e7c06a1504293d44d22294a947b6ac3035790a597ee2cd9,test,public-reference-or-acquired
DS-090,dataset/acquisition/acquired/DS-090/Hemp_water_stress/train/water stress 9 days/ryb_C5_20250110_13_00.jpg,ryb_C5_20250110_13_00.jpg,water_stress_9_days,DS-090|unknown_plant|water_stress_9_days,unknown_plant,dataset/acquisition/acquired/DS-090/Hemp_water_stress/train/water stress 9 days,path-derived,whole-plant,273,552,0.4946,208.1181,214.1069,203.6414,54.5839,50.0618,59.7763,211.1135,52.3162,6.2927,438.9947,0.0,0.6237,92fa9f438ae911d534e025972c03a2d432c4ba976ee73b5241d1304aa1c98d17,test,public-reference-or-acquired
DS-090,dataset/acquisition/acquired/DS-090/Hemp_water_stress/train/water stress 9 days/ryb_C5_20250110_14_00.jpg,ryb_C5_20250110_14_00.jpg,water_stress_9_days,DS-090|unknown_plant|water_stress_9_days,unknown_plant,dataset/acquisition/acquired/DS-090/Hemp_water_stress/train/water stress 9 days,path-derived,whole-plant,273,552,0.4946,200.893,208.2968,199.8008,52.7359,48.4269,57.9661,205.1134,50.5892,6.8245,369.1968,0.0,0.5923,7bebf6a3aa824ba0cfec221399d96a2771457fddb9aa8e389d4026f7411d2196,test,public-reference-or-acquired
DS-090,dataset/acquisition/acquired/DS-090/Hemp_water_stress/train/water stress 9 days/ryb_C5_20250110_15_00.jpg,ryb_C5_20250110_15_00.jpg,water_stress_9_days,DS-090|unknown_plant|water_stress_9_days,unknown_plant,dataset/acquisition/acquired/DS-090/Hemp_water_stress/train/water stress 9 days,path-derived,whole-plant,273,552,0.4946,197.9274,203.5874,198.4494,58.3821,54.4043,61.575,201.3076,56.303,6.7057,616.5983,0.0,0.5916,859264908d353c8c5af3a4f293c5c30181a00443473ef3230430afb0d9de250b,test,public-reference-or-acquired
DS-090,dataset/acquisition/acquired/DS-090/Hemp_water_stress/train/water stress 9 days/ryb_C5_20250110_17_00.jpg,ryb_C5_20250110_17_00.jpg,water_stress_9_days,DS-090|unknown_plant|water_stress_9_days,unknown_plant,dataset/acquisition/acquired/DS-090/Hemp_water_stress/train/water stress 9 days,path-derived,whole-plant,273,552,0.4946,199.0936,203.3201,199.1229,58.0432,54.834,59.1377,201.5802,56.2127,6.6356,678.2959,0.0,0.5981,94d5ee5534c441287f53cf4d73cee8b5e4127f57bab3d8a7ac3d2e7d49260ef7,test,public-reference-or-acquired
DS-165,dataset/acquisition/acquired/DS-165/DS-165_Polyphagotarsonemus_latus_USDA_BARC.jpg,DS-165_Polyphagotarsonemus_latus_USDA_BARC.jpg,unknown,DS-165|unknown_plant|unknown,unknown_plant,dataset/acquisition/acquired/DS-165,path-derived,whole-plant,2894,2480,1.1669,92.8998,109.6823,77.0439,54.6904,45.3642,48.3008,101.4887,47.5233,7.3208,32.6387,0.018,0.0181,011b6d31db0c33b61a0ac2ad85bd9abe41608a485184d02c6537d1fa7f3e9a7f,train,public-reference-or-acquired
DS074,dataset/acquisition/acquired/DS074/DS074_Figure1_female_inflorescence_development.webp,DS074_Figure1_female_inflorescence_development.webp,unknown,DS074|unknown_plant|unknown,unknown_plant,dataset/acquisition/acquired/DS074,path-derived,whole-plant,1200,1651,0.7268,125.1022,138.4208,88.5641,63.9729,56.0662,63.02,128.7094,57.1941,7.7502,339.098,0.0464,0.0794,be91917669796d460568c5efab91a19642bc09e8564e9d3369e80c8bf8ece755,train,public-reference-or-acquired
DS074,dataset/acquisition/acquired/DS074/DS074_Figure2_intersex_anthers.webp,DS074_Figure2_intersex_anthers.webp,unknown,DS074|unknown_plant|unknown,unknown_plant,dataset/acquisition/acquired/DS074,path-derived,whole-plant,1300,1165,1.1159,153.8956,126.7322,59.4629,70.0281,60.2341,61.0652,127.1202,60.1246,7.7452,297.3815,0.0717,0.0837,c49067a37515958b518b12e97fead1775d71a69e93003bb3995b9f98af865b74,train,public-reference-or-acquired
DS074,dataset/acquisition/acquired/DS074/DS074_Figure6_male_flower_development.webp,DS074_Figure6_male_flower_development.webp,unknown,DS074|unknown_plant|unknown,unknown_plant,dataset/acquisition/acquired/DS074,path-derived,whole-plant,1200,1502,0.7989,123.8594,142.4835,107.8451,64.9194,64.4807,73.1201,132.9002,63.395,7.6783,389.1191,0.0598,0.1144,c1abc75f202f88616be0fc3922b0cb3da22e3ef47943b2c93ee3a4df1d71dcc5,train,public-reference-or-acquired
DS097,dataset/acquisition/acquired/DS097/DS097_Figure4_botrytis_bud_rot.webp,DS097_Figure4_botrytis_bud_rot.webp,unknown,DS097|unknown_plant|unknown,unknown_plant,dataset/acquisition/acquired/DS097,path-derived,whole-plant,1175,1720,0.6831,122.9852,117.326,90.03,69.4305,63.6239,62.4107,115.9119,62.4822,7.6754,210.5454,0.1375,0.0448,4ed61bf021a048297bbb06cc9125f331fa2158d8e30159f20c8ef52091a9dda6,train,public-reference-or-acquired
DS097,dataset/acquisition/acquired/DS097/DS097_Figure7_powdery_mildew.webp,DS097_Figure7_powdery_mildew.webp,unknown,DS097|unknown_plant|unknown,unknown_plant,dataset/acquisition/acquired/DS097,path-derived,whole-plant,1476,2310,0.639,130.1234,138.2275,115.7114,66.4449,61.6332,69.6677,133.1759,62.7004,7.7023,332.0807,0.0697,0.1112,b87f39f0d7b7b3230ab8c4cb25054f0d9aee3de92aa7bc796cd0add98d718c9a,train,public-reference-or-acquired
DS117,dataset/acquisition/acquired/DS117/DS117_Figure1_leaf_morphogenesis.png,DS117_Figure1_leaf_morphogenesis.png,unknown,DS117|unknown_plant|unknown,unknown_plant,dataset/acquisition/acquired/DS117,path-derived,close-up,4249,1967,2.1601,14.5858,41.476,20.629,48.6877,70.6925,50.4649,31.0596,59.1584,2.9482,170.1964,0.7219,0.037,02e646ccab3c92bdb936879beb7846d342bc14949231ceefd20fe111c4542c79,train,public-reference-or-acquired
DS135,dataset/acquisition/acquired/DS135/DS135_Figure2_ploidy_confirmation.webp,DS135_Figure2_ploidy_confirmation.webp,unknown,DS135|unknown_plant|unknown,unknown_plant,dataset/acquisition/acquired/DS135,path-derived,whole-plant,800,341,2.346,216.0461,216.0451,217.9974,46.982,46.9991,45.1572,216.0335,46.5355,3.8382,552.989,0.0158,0.4698,adcae84bfacd6e0a9f28fa9ffd7bb639555107cbb74b0811793f6db03f3a4833,test,public-reference-or-acquired
DS135,dataset/acquisition/acquired/DS135/DS135_Figure3_leaf_stomata_morphology.webp,DS135_Figure3_leaf_stomata_morphology.webp,unknown,DS135|unknown_plant|unknown,unknown_plant,dataset/acquisition/acquired/DS135,path-derived,close-up,800,750,1.0667,193.9419,196.6163,193.9012,79.8596,74.7604,79.8596,195.111,76.8395,4.4577,514.4381,0.0183,0.528,3a66f40fcbc2767bbaab4390f08d28dbdb899b0a32f2335ae44877d23d5d24e9,test,public-reference-or-acquired
DS135,dataset/acquisition/acquired/DS135/DS135_Figure5_trichome_density_morphology.webp,DS135_Figure5_trichome_density_morphology.webp,unknown,DS135|unknown_plant|unknown,unknown_plant,dataset/acquisition/acquired/DS135,path-derived,whole-plant,800,801,0.9988,63.8066,81.3992,85.479,53.4644,54.4351,54.8517,76.5765,53.7661,6.8302,454.0924,0.1967,0.0434,f8887a5f1009f897596e2c8b79fb0dcac8bf296dad4ec091c11f88c4bc62df72,test,public-reference-or-acquired
DS135,dataset/acquisition/acquired/DS135/DS135_Figure6_inflorescence_architecture.webp,DS135_Figure6_inflorescence_architecture.webp,unknown,DS135|unknown_plant|unknown,unknown_plant,dataset/acquisition/acquired/DS135,path-derived,whole-plant,800,833,0.9604,106.3217,118.6444,95.9285,63.9463,71.5372,71.0135,112.3343,68.8012,7.6458,488.2837,0.1574,0.068,bf0db9714c5d391c2998fabc84e52eab4d361737d1f1956aed7bd93e9cb24a02,test,public-reference-or-acquired
