"id","slug","name","scientificName","category","severity","reviewStatus","summary","affectedParts","stages","indicators","exclusions","lookAlikes","confirmation","immediateActions","correctivePlan","prevention","warnings","sourceCount","mediaCount"
"bacterial-serratia-leaf-spot","serratia-marcescens-leaf-spot","Serratia bacterial leaf spot","Serratia marcescens","Bacterial pathogen","high","reviewed","A pathogenicity-confirmed Cannabis bacterial disease producing small vein-limited angular lesions that can coalesce across leaves, stems and flower parts. Red bacterial ooze is useful supporting evidence but species confirmation requires laboratory identification.","leaves | stems | flower parts","seedling | vegetative | flower | greenhouse production","Small dark-brown 1–3 mm lesions are angular or vein-limited | Lesions coalesce into larger necrotic regions as disease advances | Red bacterial ooze streams from affected plant tissue | Laboratory culture and 16S/rpoB or equivalent evidence supports Serratia marcescens","No bacterial ooze or lab evidence exists and lesions fit a fungal leaf spot better | Xanthomonas or another bacterial pathogen is identified | Chemical/contact injury follows a spray or exposure boundary","Xanthomonas bacterial leaf spot | Septoria leaf spot | Cercospora leaf spot | Anthracnose | Contact spray injury","Collect fresh lesion-margin tissue for bacterial isolation and molecular identification. | Treat red ooze as a strong clue, not a substitute for organism confirmation.","Separate strongly affected propagation material and avoid moving wet symptomatic tissue through clean areas. | Preserve a fresh sample before sanitation.","Use laboratory-confirmed bacterial-disease sanitation and management appropriate to the production system.","Sanitize tools/contact surfaces and minimize splash movement from symptomatic plants. | Use clean propagation material.","Serratia includes strains of human-health relevance; use appropriate hygiene and diagnostic-lab handling. | Angular necrotic lesions alone are not Serratia-specific.","1","0"
"bacterial-xanthomonas-leaf-spot","xanthomonas-bacterial-leaf-spot","Xanthomonas bacterial leaf spot","Xanthomonas cannabis","Bacterial pathogen","moderate","reviewed","A documented bacterial leaf spot of hemp in which small water-soaked lesions progress to approximately 1–2 mm necrotic centers surrounded by comparatively broad yellow halos; images can support triage but cannot distinguish the bacterium from fungal or abiotic look-alikes.","leaf blades | upper and lower leaf surfaces","growth stage not established in cannabis-specific primary evidence","Small water-soaked leaf spots before necrosis develops | Necrotic centers approximately 1–2 mm in diameter | Yellow halos approximately 2–3 mm wide | Discrete lesions with a halo wider than the necrotic center | Focal spotting rather than a whole-leaf nutrient-mobility gradient","White surface colonies, fungal fruiting structures, or diagnostic spores support a fungal cause | Fine stippling, webbing, or organisms on the leaf underside support arthropod feeding | Damage follows spray droplets, contact points, or a documented chemical application and does not progress after exposure ends | Symptoms follow a measured older-leaf or younger-leaf nutrient pattern without discrete water-soaked lesions | A plant diagnostic laboratory identifies another pathogen or abiotic cause from a representative active lesion","Septoria or other fungal leaf spot | Alternaria leaf spot | Cercospora leaf spot | Foliar spray injury | Edema or water-soaking from physiological stress | Thrips or mite feeding punctures | Localized nutrient or salt injury","Photograph the whole plant and both sides of several leaves, then capture a scale-referenced close-up showing the necrotic-center and halo dimensions and the distribution of lesions across the canopy. | Submit fresh, recently expanding lesions that include the transition between healthy and affected tissue to a plant diagnostic laboratory; keep samples separate, cool, and dry according to that laboratory’s instructions. | Ask the laboratory to distinguish bacterial from fungal leaf spot and, if a Xanthomonas isolate is recovered, identify it with validated physiological and molecular or sequence-based methods rather than morphology alone. | Microscopic bacterial streaming may support a bacterial differential, but absence of streaming does not exclude bacteria and streaming does not confirm Xanthomonas cannabis to species. | Map reports using the current accepted name Xanthomonas cannabis while retaining Xanthomonas campestris pv. cannabis as a historical synonym for literature and laboratory searches.","Flag the plant and pause movement of cuttings or symptomatic foliage until laboratory triage. | Handle suspect foliage only when dry, avoid splash between plants, and clean hands and tools before moving to unaffected plants. | Keep unconfirmed lesion photographs out of bacterial ground-truth and training sets.","Base removal, sanitation, and any crop treatment on the confirmed diagnosis and local legal label; a visual bacterial-leaf-spot suspicion is not a treatment prescription. | Inspect nearby plants for comparable small haloed lesions and document whether new lesions appear after splash or handling events without treating that association as proof. | If laboratory results do not recover or identify the bacterium, reopen fungal, arthropod, chemical, and physiological differentials.","Use documented healthy propagation material and retain lot or mother-plant traceability. | Minimize leaf wetness and splash during routine handling where compatible with the production system. | Disinfect tools and segregate symptomatic material under a written sanitation protocol.","A photograph or video cannot confirm Xanthomonas cannabis; lesion size and halo geometry are triage features only. | The key symptom measurements come from a historical Japanese hemp report and do not establish current local prevalence, cultivar susceptibility, or production-system risk. | General greenhouse bacterial-leaf-spot guidance is used only for differential diagnosis and handling precautions, not as cannabis-specific epidemiological proof. | No cannabis-specific image or video with verified reuse and automated-training permission was found for this batch; no media was copied or admitted.","4","0"
"env-heat","heat-light-stress","High-temperature or high-light exposure","","Environmental stress","moderate","reviewed","Measured high temperature or unusually intense light can alter Cannabis physiology, yield, and flowering development, but published Cannabis experiments do not validate cupping, bleaching, or a single PPFD or temperature value as a universal visible injury diagnosis.","whole canopy | upper and lower inflorescences | recently expanded leaves | canopy nearest a local heat or light source","vegetative | flower initiation | flower development | late flower","Air temperature, leaf temperature, PPFD, photoperiod, and humidity are recorded at the affected canopy position across time | Abnormal new inflorescence clusters develop on top of older inflorescences during sustained high-temperature flowering exposure | Flower maturation or production differs from a matched cultivar under a cooler measured regime | Gas-exchange or chlorophyll-fluorescence measurements change even when a specific foliar lesion is absent | A spatial gradient repeats with measured temperature or irradiance rather than merely with leaf age","No time-stamped canopy-level temperature, leaf-temperature, PPFD, photoperiod, or humidity record supports an exposure event | Only upward leaf curl, pale tissue, dry margins, or canopy posture is visible | Mites, thrips, webbing, cast skins, eggs, frass, or feeding scars are present | Root-zone water content, irrigation history, pH, EC, or root disease explains the distribution better | The change follows nutrient, pesticide, growth-regulator, or other chemical application | Only late-flower senescence or cultivar-typical inflorescence architecture is visible | High PPFD alone is treated as injury even though the plant is acclimated and temperature and water status are within its measured response range","Water shortage or excessive vapor demand | Potassium deficiency | High root-zone EC or pH-related nutrient unavailability | Hemp russet mite | Broad mite | Thrips injury | Wind or fan injury | Pesticide or plant-growth-regulator injury | Normal late-flower senescence | Cultivar-typical foxtailing or inflorescence architecture","Map PPFD and air temperature at multiple canopy positions and times; measure leaf temperature with a calibrated contact or infrared method and record humidity or vapor-pressure deficit, photoperiod, carbon dioxide, and lamp distance. | Compare affected and unaffected plants of the same cultivar, developmental stage, irrigation treatment, and root-zone condition; include a cooler or lower-exposure reference when available. | Inspect leaf undersides and protected new growth with magnification for mites and thrips, and document the root system, substrate water content, pH, and EC. | Use serial whole-plant, canopy, and close-up images with an exposure log; do not convert a single photograph or uncalibrated camera color shift into heat- or light-stress ground truth. | For abnormal flowering, inspect multiple inflorescences over time and compare with cultivar records to separate heat-associated reversion or foxtailing from normal architecture, late-flower growth, or genetic traits.","Preserve the pre-correction environmental log and matched photographs, then remove an acute unsafe heat load or equipment fault gradually. | Verify irrigation delivery and root-zone moisture before changing light, humidity, or irrigation together. | Quarantine or isolate only when pest or infectious disease evidence warrants it; environmental exposure alone is not contagious.","Correct the measured source, such as a canopy hot spot, failed cooling or air mixing, excessive lamp proximity, or an abrupt unacclimated light increase, while changing one controllable factor at a time. | Re-map the canopy after correction and score only new tissue and subsequent inflorescence development against a matched control. | Escalate persistent abnormalities to pest microscopy, root-zone testing, tissue analysis, or a plant diagnostic laboratory rather than repeatedly reducing light without evidence.","Log canopy-level PPFD, photoperiod, air and leaf temperature, humidity or vapor-pressure deficit, carbon dioxide, and irrigation status by zone. | Map hot spots and irradiance gradients after fixture, HVAC, canopy-height, or density changes. | Retain cultivar- and stage-matched healthy reference sequences because published temperature optima and production responses vary among Cannabis genotypes.","Upward curl, tacoing, bleaching, pale tops, dry margins, and leaf angle are nonspecific and are not validated Cannabis heat- or light-stress ground truth without measured exposure and exclusion checks. | A controlled Stillwater trial produced linearly increasing inflorescence yield through 1,800 micromoles per square metre per second; therefore PPFD magnitude alone does not prove injury or define a universal damaging threshold. | Temperature optima for photosynthesis differed among tested drug- and fiber-type varieties, so 25, 30, 35, or 40 degrees Celsius must not be generalized into one cultivar-independent diagnosis. | The abnormal inflorescence-cluster observation came from defined 31/27 degrees Celsius flowering treatments in two genotypes and should be labeled treatment-associated, not universally heat-specific. | No reusable Cannabis symptom photograph with exposure measurements and adequate causal confirmation was admitted in this record; media remain empty rather than promoting anecdotal or vendor imagery.","3","0"
"env-herbicide-clomazone","herbicide-clomazone-bleaching-injury","Herbicide injury — clomazone-type bleaching","","Environmental stress","high","reviewed","A documented hemp chemical-injury differential in which soil-residual clomazone caused severe bleaching of newly formed tissue. The image pattern is not enough to identify the active ingredient; exposure history is essential.","newly formed leaves | shoot tips | whole plant depending on exposure","seedling | vegetative | post-transplant field establishment","Newly formed tissue becomes markedly bleached after a plausible herbicide carryover or drift event | Multiple plants share an exposure-pattern distribution in the field or production area | Symptoms begin after a documented chemical application, carryover, contaminated medium, or drift event","No plausible chemical exposure exists | Iron or sulfur deficiency is analytically supported and follows a root-zone pattern | Mites or systemic pathogens explain deformation and discoloration better | Bleaching maps tightly to high-light exposure rather than chemical distribution","Iron deficiency | Sulfur deficiency | High-light bleaching | Broad mite injury | Genetic variegation","Reconstruct spray, carryover, neighboring-field, substrate, and water-treatment history. | Use field pattern, timing, and where available laboratory residue analysis; do not identify clomazone from color alone.","Stop further suspected exposure and preserve records of all recent chemical applications. | Separate exposure investigation from nutrient correction so evidence is not erased.","Address the confirmed exposure source and follow crop-specific professional guidance for affected plants and contaminated media/soil.","Maintain chemical-use records and review previous-crop residual restrictions before planting hemp. | Protect production areas from drift and contaminated equipment.","Bleached new growth is not clomazone-specific. | This profile does not recommend herbicide use; it is an injury-identification differential.","1","0"
"fungal-alternaria-leaf-spot","alternaria-leaf-spot","Alternaria leaf spot","Alternaria alternata","Fungal pathogen","moderate","reviewed","A laboratory-confirmed Cannabis leaf-spot disease. Brown lesions with yellow halos are compatible with Alternaria, but that appearance overlaps several hemp pathogens and must not be treated as species-level image ground truth.","leaves | leaf surface | whole canopy when severe","vegetative | flower | all","Small spots enlarge into brown irregular lesions with light yellow halos | Lesion centers may become fragile or perforated as disease advances | Multiple lesions can expand and merge on affected foliage","Pycnidia strongly support a Septoria differential | Sooty underside conidial masses support Pseudocercospora | Round white-centered lesions with melanized conidiophores support Cercospora | No pathogen evidence is present and spray or contact injury maps to the lesion distribution","Septoria leaf spot | Cercospora leaf spot | Bipolaris leaf spot | Anthracnose leaf spot | Bacterial leaf spot","For species-level diagnosis use culture and/or validated molecular identification from representative lesions. | Photograph both surfaces and lesion distribution and preserve a sample before treatment.","Separate heavily affected propagation material and reduce avoidable leaf wetness while diagnosis is pending.","Use a disease-management plan appropriate to the confirmed pathogen and production setting. | Remove heavily diseased debris when appropriate and monitor new lesions.","Avoid moving symptomatic plant material between clean areas. | Use sanitation and irrigation practices that limit prolonged leaf wetness.","Brown spots with yellow halos are not Alternaria-specific. | The primary report was one regional disease occurrence; prevalence varies by environment and production system.","1","0"
"fungal-anthracnose-leaf-spot","anthracnose-colletotrichum-leaf-spot","Anthracnose leaf spot","Colletotrichum fioriniae","Fungal pathogen","moderate","reviewed","A confirmed Cannabis anthracnose leaf-spot disease. Tan-centered lesions can crack or drop out into shot-hole symptoms and coalesce into necrotic blotches, but those features still overlap other leaf-spot diseases.","leaves | lower canopy | leaf margins","reproductive | flower | field production","Light-green specks become round or angular spots with tan centers, darker brown margins, and yellow halos | Lesion centers may crack or drop out, producing shot-hole or frog-eye appearance | Coalescing lesions can form larger necrotic regions and marginal lesions can cause scorching, puckering, or twisting","Sooty underside conidial masses support Pseudocercospora | Pycnidia support Septoria | Laboratory testing identifies another leaf-spot pathogen | Physical holes occur without surrounding lesion development or pathogen evidence","Cercospora leaf spot | Septoria leaf spot | Alternaria leaf spot | Bacterial leaf spot | Mechanical injury","Use culture plus morphology and molecular identification when assigning Colletotrichum fioriniae. | Do not use shot-hole appearance alone as confirmation.","Preserve representative lesions for diagnosis and isolate heavily affected propagation material.","Use pathogen-confirmed sanitation and disease management appropriate to the production system.","Reduce carryover of diseased debris and avoid prolonged foliage wetness where practical.","Shot-hole and frog-eye lesions are not species-specific. | The first report does not establish nationwide prevalence or a universal symptom sequence.","1","0"
"fungal-bipolaris-leaf-spot","bipolaris-leaf-spot","Bipolaris leaf spot","Bipolaris gigantea","Fungal pathogen","moderate","reviewed","A confirmed hemp leaf-spot and blight disease caused by Bipolaris gigantea. Necrosis can become severe, but lesion appearance overlaps Septoria, Cercospora, Alternaria, anthracnose, and abiotic damage.","leaves | canopy | buds secondarily when blight is severe","vegetative | flower | field production","Necrotic leaf spots expand and can contribute to broader leaf blight | Disease can become widespread in outdoor hemp | Compatible lesions occur with Bipolaris conidia or molecular evidence from affected tissue","Pycnidia dominate lesions | Cercospora-type conidiophores and white-centered round spots dominate | A chemical or physical injury pattern follows an exposure boundary | Laboratory testing identifies a different leaf-spot pathogen","Septoria leaf spot | Cercospora leaf spot | Alternaria leaf spot | Anthracnose | Herbicide or contact injury","Use fungal morphology and molecular identification from representative lesions for organism-level confirmation. | Record field distribution and lesion progression; one photograph is insufficient for B. gigantea.","Preserve symptomatic tissue for diagnosis before discarding representative samples. | Separate diseased material from clean propagation stock.","Apply confirmed leaf-spot disease management appropriate to local rules and production conditions.","Reduce infected crop residue and prolonged leaf wetness where feasible. | Scout field plantings for early leaf spots.","Bipolaris leaf spot can look like several other Cannabis leaf-spot diseases. | Yield impact varies by cultivar, season, and disease complex.","2","0"
"fungal-botrytis-bud-rot","botrytis-gray-mold-bud-rot","Botrytis gray mold and bud rot","Botrytis cinerea","Fungal pathogen","critical","reviewed","A destructive Cannabis flower, stem, leaf, seedling, and postharvest disease associated with brown water-soaked or necrotic decay and, when conditions permit, gray to gray-brown sporulation. Internal flower decay can be poorly represented by an exterior view, and brown bud rot is not species-specific without laboratory confirmation.","developing and mature inflorescences | internal flower tissue | bracts and sugar leaves | stems and branch junctions | fan leaves under severe disease pressure | seedlings and cuttings | harvested and drying flower","propagation | vegetative | flower | harvest and postharvest","One or more bracts or sugar leaves within a flower turn water-soaked, tan, or brown and collapse | Brown necrosis and mycelium occur inside a flower when it is carefully opened | Gray to gray-brown fuzzy growth or dusty spore masses develop on dead flower or stem tissue under humid conditions | Localized flower decay expands until much or all of an inflorescence is brown, dry-rotted, or collapsed | Stem lesions become pale or brown cankers and may split, girdle, or break; black sclerotia can occur | Under severe late-harvest pressure, small circular leaf spots can enlarge, merge, and become vein-delimited necrotic areas, sometimes with yellow margins | Multiple affected flowers cluster in dense, humid, poorly drying canopy zones and increase on serial inspection","White superficial colonies occur without brown internal decay and microscopy supports powdery mildew | Only pistils or evenly aging leaves have browned while bracts, stems, and internal flower tissue remain firm and free of advancing lesions | Fusarium, Penicillium, or another mold is recovered from the active lesion instead of Botrytis | White cottony mycelium and the laboratory result support Sclerotinia rather than Botrytis | Damage stops after a documented heat, light, spray, or mechanical event and no mycelium, spores, or advancing rot develop | Caterpillars, frass, chewing, or webbing explain the localized flower collapse | A single postharvest discoloration image is available without intact-tissue context, environmental history, microscopy, culture, or molecular testing","Fusarium flower mold or bud rot | Penicillium postharvest bud rot | Sclerotinia white mold | Powdery mildew | Normal pistil browning and late-flower senescence | Caterpillar or other boring-insect injury with frass | Heat, light, spray, or mechanical injury | Noninfectious postharvest browning","Capture the affected flower exterior, a safely exposed interior cross-section, a close-up of the active lesion margin, surrounding flowers, and a whole-plant distribution view with scale; do not infer a clean interior from an exterior photograph. | Record serial change plus flowering or harvest stage, canopy location, temperature, relative humidity, condensation or wetness duration, irrigation or rain exposure, air movement, and drying conditions; these variables describe risk but do not confirm the organism. | With appropriate containment and protective procedures, sample the interface between advancing diseased and apparently healthy tissue rather than only dry dead tissue. | Submit representative flower or stem tissue to a plant diagnostic laboratory for microscopy and isolation plus a validated molecular or sequence-based assay when a Botrytis species label matters; request testing that considers Fusarium, Penicillium, Sclerotinia, and other flower molds. | Keep the image label at suspected gray mold or bud rot unless organism evidence is linked to the photographed plant and lesion; morphology or an environmental match alone is not laboratory confirmation.","Isolate or clearly mark suspect plants and stop moving affected flowers, tools, clothing, or debris through clean areas. | Avoid shaking or uncontained opening of visibly sporulating flowers; collect diagnostic images and samples with procedures that limit spore dispersal. | Separate visibly moldy harvested material from apparently clean material and do not consume or distribute it.","Base crop removal, sanitation, environmental correction, and any treatment on the confirmed diagnosis, current local law, the production system, growth stage, and the current product label. | Reduce persistent tissue wetness and correct airflow or humidity problems documented in the affected zone without treating an environmental adjustment as proof that Botrytis caused the lesion. | Reinspect fixed flowers and neighboring plants over time; document new lesions and laboratory results, because old necrotic tissue will not recover.","Scout both exterior and protected interior flower zones during flowering and before harvest, especially where tissue dries slowly. | Sanitize tools between plants, remove crop debris without dispersing it, and prevent infected propagation or harvested material from entering clean zones. | Maintain traceable records linking plant, room or field position, media, environmental logs, sample identifier, and laboratory result.","Brown flower decay, gray fuzz, humidity, or a damaged sugar leaf alone is not species-level ground truth; multiple fungi and noninfectious injuries overlap visually. | Opening diseased flowers can expose hidden decay but can also release spores; use containment and appropriate protective procedures. | Temperature and humidity ranges reported by institutions are conducive-condition context, not universal diagnostic thresholds. | The CC BY composite figure is reference-only pending panel-level annotation and dataset-split review; the three university photographs have no explicit reuse license and remain hidden metadata references. | Do not use or distribute visibly mold-contaminated flower.","3","4"
"fungal-cercospora-leaf-spot","cercospora-leaf-spot","Cercospora leaf spot","Cercospora cf. flagellaris","Fungal pathogen","moderate","reviewed","A Cannabis leaf-spot disease that often begins on older lower leaves as yellow flecks and develops into round lesions with pale centers, dark borders, and yellow halos. Conidiophore and laboratory evidence are needed because several pathogens make similar spots.","older lower-canopy leaves | leaf lesions | whole canopy as disease spreads","vegetative | flower | late reproductive","Small yellow flecks appear first on older lower foliage | Lesions become round, approximately 2 to 6 mm, with tan-to-white centers | Dark brown to purplish raised borders and yellow halos may develop | Melanized conidiophores can become visible in lesion centers","Dark pycnidia support Septoria | Sooty underside masses support Pseudocercospora | Shot-hole lesions with Colletotrichum evidence support anthracnose | Laboratory testing identifies another pathogen","Septoria leaf spot | Anthracnose | Alternaria leaf spot | Bipolaris leaf spot | Pseudocercospora olive leaf spot","Inspect lesion centers with magnification and submit tissue for fungal identification. | Use morphology and/or molecular testing before assigning Cercospora cf. flagellaris at species level.","Document early lower-canopy distribution and preserve representative lesions.","Use confirmed leaf-spot disease management and sanitation appropriate to the setting.","Scout older foliage and reduce avoidable leaf wetness. | Avoid moving symptomatic material into clean areas.","Round pale-centered lesions are not unique to Cercospora. | Cercospora often appears as part of a multi-pathogen field leaf-spot complex.","2","0"
"fungal-exserohilum-leaf-blight","exserohilum-helminthosporium-leaf-blight","Exserohilum / Helminthosporium leaf blight","Exserohilum rostratum (syn. Setosphaeria rostrata)","Fungal pathogen","moderate","reviewed","A confirmed outdoor hemp leaf and stem spot disease. Round brown-to-black lesions with dark margins are compatible, but abundant conidia and laboratory identification are needed because the lesion appearance overlaps other leaf spots.","leaves | stems | canopy","post-transplant | vegetative | flower | field production","Round brown-to-black lesions develop on leaves or stems | Lesions have distinctly darkened margins | Abundant large conidia can be observed within compatible lesions | ITS/RPB2 or equivalent fungal identification supports Exserohilum/Setosphaeria","Pycnidia strongly support Septoria | Pale-centered lesions with Cercospora structures support Cercospora | Sooty underside masses support Pseudocercospora | No fungal evidence exists and chemical or mechanical injury follows an exposure pattern","Bipolaris leaf spot | Septoria leaf spot | Cercospora leaf spot | Alternaria leaf spot | Bacterial leaf spot","Examine lesion structures microscopically and use culture plus molecular identification for organism-level confirmation. | Photograph both surfaces and stem lesions before sampling.","Preserve representative lesions and reduce transfer of symptomatic debris into clean areas.","Use confirmed leaf-blight management and sanitation appropriate to the production system.","Scout field foliage and stems and reduce prolonged leaf wetness where practical.","“Helminthosporium” is a historical/common disease name and does not by itself identify the modern fungal taxon. | Dark round spots are not Exserohilum-specific.","1","0"
"fungal-fusarium-foliar-flower-blight","fusarium-foliar-flower-head-blight","Fusarium foliar, flower and head blight complex","Fusarium equiseti / Fusarium graminearum","Fungal pathogen","high","reviewed","A Cannabis Fusarium disease complex affecting leaves, flowers, drying floral material, stems and grain heads. It must be separated from Fusarium root/crown rot because infection site, symptom pattern and confirmation evidence differ.","leaves | flowers | grain heads | drying floral material | stems","flower | reproductive | postharvest drying context","Floral surfaces develop abundant hyphae with light-brown necrotic tips | Leaves develop roughly circular light-brown lesions with darker brown margins and gray-brown aging centers | Blight is centered on floral/head tissue rather than beginning as root decay | Fusarium macroconidia, culture, sequence or species-specific molecular evidence accompanies compatible tissue","Root/crown rot and vascular wilt dominate without foliar or floral lesions | Gray fuzzy sporulation and diagnostic evidence identify Botrytis | White mold and sclerotia identify a Sclerotinia or southern-blight differential | No Fusarium evidence is present and drying/heat/mechanical injury explains floral browning","Botrytis gray mold / bud rot | Sclerotinia white mold | Alternaria leaf spot | Bipolaris leaf spot | Fusarium crown/root rot","Submit representative fresh lesion/flower tissue for culture and molecular identification when Fusarium species matters. | For suspected F. graminearum, species-specific molecular assays can detect infection that is not yet visually obvious.","Separate suspect floral material from clean material and preserve diagnostic samples before treatment or disposal. | Inspect roots/crowns separately so root Fusarium is not conflated with foliar/flower blight.","Use laboratory-supported disease management and sanitation appropriate to the production stage and local crop rules.","Use clean propagation/seed sources where applicable and reduce movement of symptomatic plant debris. | Track humidity, rainfall/leaf wetness, and flower-stage disease development without treating environment as proof of pathogen identity.","Fusarium flower browning is not visually species-specific. | The 2020 survey identified both F. equiseti and F. graminearum in the foliar/flower blight complex; do not collapse every lesion into F. graminearum. | Image-only absence cannot exclude latent F. graminearum infection.","3","0"
"fungal-pm","powdery-mildew","Powdery mildew","","Fungal pathogen","high","reviewed","A white superficial fungal growth that forms expanding powdery colonies on leaves, stems, petioles, and reproductive tissue.","leaf surface | stem | flower","all","White powder on leaves | Patches expand across surfaces | Powder can transfer when touched","Residue follows droplet outlines after spraying | Webbing or insects are visible | The pale area is inside the tissue and cannot be disturbed","Foliar spray residue | Mineral deposits | Trichomes on floral tissue","Inspect colony margins with magnification. | Use a plant diagnostic lab when legal or commercial decisions depend on certainty.","Isolate affected material and reduce spore movement. | Stop overhead wetting and review humidity/airflow.","Use legal stage-appropriate controls and sanitation. | Remove heavily affected tissue without dispersing spores.","Maintain clean intake material and stable humidity. | Inspect dense interior canopy zones.","Do not consume visibly mold-contaminated material. | Do not assume every white mark is mildew.","1","1"
"fungal-pseudocercospora-leaf-spot","pseudocercospora-olive-sooty-leaf-spot","Pseudocercospora olive / sooty leaf spot","Pseudocercospora cannabina","Fungal pathogen","moderate","reviewed","A molecularly documented Cannabis leaf-spot disease characterized in one report by olive-to-pale lesions and sooty sporulation on the lower leaf surface. The underside view is important because upper-surface spots alone overlap many pathogens.","leaves | lower leaf surface | vein-limited tissue","vegetative | flower | all","Olive or pale yellowish leaf spots are present | Lesions can be vein-limited, irregular to subcircular, and several millimeters across | Lower leaf surfaces develop grey-brown to sooty conidial masses associated with lesions","No underside sporulation is present and a different leaf-spot pathogen is confirmed | Pycnidia support Septoria | White-centered round lesions with Cercospora structures support Cercospora","Septoria leaf spot | Cercospora leaf spot | Alternaria leaf spot | Downy mildew | Powdery mildew residue","Photograph both leaf surfaces and inspect underside growth with magnification. | Use fungal morphology plus multilocus molecular identification for species-level confirmation.","Preserve sporulating tissue for diagnosis and reduce movement of symptomatic leaves.","Use confirmed fungal leaf-spot management appropriate to the production system.","Scout both leaf surfaces and reduce prolonged foliage wetness.","Olive spots alone are not diagnostic. | The strongest modern Cannabis evidence is regional and species identification depends on morpho-molecular methods.","1","0"
"fungal-sclerotinia-white-mold","sclerotinia-white-mold","Sclerotinia white mold / crown rot complex","Sclerotinia sclerotiorum / Sclerotinia minor","Fungal pathogen","high","reviewed","A confirmed Cannabis Sclerotinia disease complex that can involve white-mold, crown-rot, wilt, and yellowing syndromes. S. sclerotiorum and S. minor are both documented on Cannabis/hemp; organism-level evidence is required because Botrytis, Fusarium, southern blight, and other molds overlap visually.","stems | crown | leaves | whole plant | flowering tissue depending on infection site","vegetative | flower | all","White fungal growth occurs on symptomatic Cannabis tissue with associated wilt or yellowing | Affected tissue declines in a pattern consistent with an active stem/crown or aerial infection | Laboratory isolation or DNA evidence identifies Sclerotinia sclerotiorum","Gray mold and laboratory evidence identify Botrytis | Root/crown testing identifies Fusarium or Pythium instead | White residue is nonliving spray/mineral material | No organism evidence accompanies nonspecific wilt","Botrytis gray mold | Fusarium wilt / crown rot | Pythium root rot | Powdery mildew | Nonliving spray residue","Use culture and molecular identification for Sclerotinia confirmation. | Photograph infection site, internal stem/crown condition when available, and whole-plant distribution.","Isolate strongly affected plants and preserve diagnostic tissue before disposal.","Use laboratory-confirmed disease management and sanitation appropriate to the setting.","Limit carryover of infected plant debris and conditions that keep susceptible tissue wet for extended periods.","White mold appearance is not specific to Sclerotinia. | The 2025 Cannabis pathogenicity report supports the organism as a real disease cause but not image-only species identification. | Sclerotinia sclerotiorum and S. minor should not be separated by canopy appearance alone; crown signs, sclerotia, culture, and molecular evidence carry more weight.","2","0"
"fungal-septoria-leaf-spot","septoria-leaf-spot","Septoria leaf spot complex","Septoria cannabis / Septoria cannabicola","Fungal pathogen","moderate","reviewed","A lower- and inner-canopy hemp leaf-spot syndrome caused by Septoria species. Dark pycnidia within expanding brown-gray lesions are useful evidence, but modern work shows more than one Septoria species can infect Cannabis.","older lower leaves | inner canopy leaves | leaf lesions","vegetative | flower | field production","Disease often begins on lower or inner-canopy leaves | Small irregular brown-to-gray spots expand to several millimeters | Dark round pycnidia can be visible within lesions | Older leaves may defoliate as disease advances","Sooty conidial masses on the underside support Pseudocercospora | White-centered round lesions with a pronounced dark border support Cercospora as a differential | Shot-hole lesions and Colletotrichum evidence support anthracnose | No fungal structures or lab evidence are present and an abiotic exposure fits the distribution better","Cercospora leaf spot | Bipolaris leaf spot | Alternaria leaf spot | Pseudocercospora olive leaf spot | Anthracnose","Examine lesions for pycnidia and submit representative tissue for fungal identification when species matters. | Use morphology and molecular sequence data for species-level Septoria classification because S. cannabis and S. cannabicola cannot be separated by a generic spot photo.","Document lower-versus-upper canopy distribution and both leaf surfaces. | Limit movement of symptomatic foliage into clean production areas.","Use confirmed-disease sanitation and environmental management appropriate to the system. | Track new lesion development after intervention.","Scout lower and inner canopy foliage early. | Reduce prolonged leaf wetness and carryover of infected debris where practical.","Septoria species taxonomy on Cannabis is not reducible to visual symptoms. | Do not train a species classifier from mixed Septoria figures without organism-confirmed labels.","3","0"
"fungal-southern-blight","southern-blight-athelia-rolfsii","Southern blight","Athelia rolfsii (Sclerotium rolfsii)","Root pathogen","critical","reviewed","A warm-condition soilborne Cannabis disease centered at the soil line, crown and taproot. White cottony mycelium plus tan-to-brown spherical sclerotia at the plant base are strong signs, but wilt alone is nonspecific.","lower stem at soil line | crown | taproot | root surface | whole plant","vegetative | reproductive | warm field conditions","Dark brown-to-tan discoloration develops near the soil line | Rot extends into crown or taproot while foliage yellows and the plant wilts/collapses | White cottony mycelium develops on basal tissue or adjacent soil | Numerous spherical tan-to-dark-brown sclerotia occur with compatible basal rot","No basal rot, mycelium or sclerotia are present and measured drought explains wilt | Laboratory evidence identifies Rhizoctonia, Fusarium, Pythium or another root/crown pathogen | White growth is confined to leaves/flowers without basal disease","Rhizoctonia root rot / sore shin | Fusarium crown/root rot | Pythium root rot | Sclerotinia white mold | Severe root-zone hypoxia","Inspect the soil line/crown/root surface for characteristic mycelium and sclerotia and submit tissue/culture for organism confirmation. | Record temperature/moisture context, but do not use hot wet conditions as diagnostic proof.","Isolate affected root-zone material and prevent movement of contaminated soil or debris to clean areas. | Preserve basal tissue and sclerotia for diagnostic testing.","Use confirmed soilborne-disease sanitation and crop-legal management appropriate to the setting. | Address excess moisture where measured without assuming moisture correction eliminates established pathogen inoculum.","Avoid moving contaminated soil or plant debris between production areas. | Monitor crown/root health during warm wet periods.","Whole-plant wilt alone cannot identify southern blight. | Sclerotia and laboratory evidence are substantially stronger than canopy appearance.","2","0"
"gen-variegation","genetic-variegation","Stable chlorotic sectoring / suspected genetic variegation","","Genetic / developmental","low","reviewed","Sharply bounded chlorotic or chlorophyll-deficient sectors can be consistent with somatic mutation or mosaicism in Cannabis, but no published Cannabis image morphology proves genetic cause; treat this as an exclusion-based phenotype until serial lineage evidence and appropriate laboratory work support the attribution.","individual leaflet sectors | entire leaflet portions | successive leaves from one shoot or meristem | one branch or clonal lineage | whole plant only when a documented cultivar trait is established","vegetative | flowering; stage specificity is not established","Abrupt yellow, cream, pale-green, or near-white tissue adjoining normally green tissue within the same leaf | Sector-shaped or longitudinal pigment loss rather than uniform whole-leaf yellowing | The same shoot position or clonal lineage is mapped across successive leaves and time rather than inferred from one detached leaf | Affected tissue retains its boundary while new observations document whether the pattern remains localized, expands, disappears, or is joined by distortion and stunting | Matched images preserve upper and lower leaf surfaces, whole-plant distribution, branch identity, scale, cultivar, developmental stage, and camera-lighting conditions","Validated testing detects a virus or viroid consistent with the sampled tissue and syndrome | Mosaic, mottling, line patterns, curling, brittle growth, shortened internodes, stunting, or reduced inflorescence performance progress beyond the original sector | Chlorosis follows leaf age, interveinal or marginal patterns, or a measured tissue-nutrient, substrate-pH, or root-zone-EC abnormality better than a branch lineage | Microscopy or organism sampling confirms thrips, mites, leafminers, or another pest associated with the marks | The distribution maps to a lamp, spray, pesticide, plant-growth regulator, abrasion, heat event, or other documented exposure | Camera white balance, glare, shadow, senescence, or cultivar pigmentation explains the apparent color boundary","Mosaic, mottling, or line-pattern syndrome of unresolved cause | Beet curly top virus disease | Hop latent viroid | Lettuce chlorosis virus or other regional virus | Iron, manganese, magnesium, or nitrogen disorder | Root-zone pH or EC disorder | Thrips, mites, or leafminer injury | Herbicide or plant-growth-regulator injury | Spray or high-light injury | Normal senescence or cultivar pigmentation | Camera color, glare, or shadow artifact","Do not confirm genetic variegation, chimerism, mutation, virus freedom, or training ground truth from a photograph or video. | Record the exact leaf, node, branch, plant, cultivar, propagation source, date, stage, lighting, and serial change; include healthy plants of the same cultivar and environment. | Inspect both leaf surfaces and protected growth with magnification, and document pest organisms or their absence separately from the color phenotype. | Measure root-zone pH and EC and review irrigation, tissue or solution analysis, nutrient history, spray records, lamp position, temperature, and mechanical injury before assigning a developmental explanation. | Submit symptomatic and matched asymptomatic tissue to a plant diagnostic laboratory for a locally appropriate validated virus/viroid differential; a negative targeted assay excludes only the agents and sample covered by that assay. | When a genetic attribution is operationally important, compare mapped sectors and clones and use qualified genetic or meristem-lineage analysis; persistence alone is supportive context, not proof.","Keep the visual label at “chlorotic sectoring—cause unresolved” and flag it for human review. | Pause distribution of suspect cuttings and separate them from verified genetic-trait references until infectious causes are reasonably excluded. | Preserve serial imagery and matched tissue before pruning or discarding the affected shoot.","Correct only measured root-zone, nutrient, pest, or exposure problems and document whether new growth changes. | If validated pathogen testing is positive, move the sample to the confirmed pathogen class and follow the facility’s sanitation and plant-health protocol. | If differential testing is negative and the pattern tracks a shoot or clone, retain a “suspected genetic/developmental” label unless genetic evidence supports a stronger claim.","Maintain cultivar, mother-plant, cutting-position, and clone-lineage records. | Use tested propagation stock and tool-sanitation practices so a stable-looking pattern is not assumed noninfectious. | Capture healthy reference plants under repeatable lighting and camera settings for color comparison.","“Genetic mosaicism” describes within-organism genetic variation; a visible “mosaic symptom” is not evidence of that mechanism. | The Cannabis mosaicism sequencing study sampled one mother plant and did not link its variants to visible leaf sectors. | The VIGS bleaching experiment was an intentionally virus-vector-induced gene-silencing phenotype and must not be treated as proof that natural bleaching is inherited or noninfectious. | The composite reference image mixes four unresolved mosaic-like presentations with panel e, which the authors characterize as somatic-mutation-associated chlorotic sectors; preserve panel labels and never train the entire composite as one genetic class. | Negative molecular, microscopy, or indicator-host findings are bounded by sample quality, agent coverage, assay performance, and observation time. | This reviewed record validates an uncertainty-bounded workflow, not image-only genetic ground truth; all symptom-only samples remain human-review items.","3","1"
"insect-armyworm-complex","armyworm-caterpillar-feeding","Armyworm caterpillar feeding complex","Spodoptera spp. / Mythimna unipuncta","Insect","high","reviewed","A late-season caterpillar feeding differential for hemp. Armyworm larvae can defoliate foliage and enter buds or flowers, but species-level identification requires larval morphology rather than damage pattern alone.","leaves | leaf midribs | buds | flowers","vegetative | flower | late season","Caterpillar larvae are present with fresh irregular chewing injury | Severe feeding skeletonizes or strips leaves toward the midribs | Larvae entering buds or flowers leave feeding injury together with silk and frass | Larval head/body markings support fall armyworm, true armyworm, or another armyworm identification","No larvae or fresh frass are found and damage is old | Characteristic looping larvae support cabbage looper | Adult Japanese beetles are actively skeletonizing tissue","Cabbage looper | Corn-earworm-like caterpillar injury | Japanese beetle | Other noctuid larvae","Collect or clearly photograph representative larvae and use morphology for species-level assignment. | Treat frass plus an active larva as stronger evidence than holes alone.","Inspect fresh feeding fronts, buds, and flowers for larvae and frass. | Record larval size and density because damage potential changes with instar and population.","Use an IPM response based on confirmed caterpillar identity, population, crop stage, and locally legal hemp options.","Scout late-season foliage and reproductive tissue for egg masses and young larvae. | Use monitoring and beneficial-conservation practices where appropriate.","Armyworm damage overlaps other caterpillar feeding. | Do not identify species from leaf holes or frass alone.","1","0"
"insect-cabbage-looper","cabbage-looper-hemp","Cabbage looper feeding injury","Trichoplusia ni","Insect","moderate","reviewed","A caterpillar chewing pest documented on hemp foliage and floral buds. Irregular holes are low-specificity; the looping green larva and fresh feeding site make the diagnosis substantially stronger.","leaf undersides | lower leaves | upper foliage as feeding progresses | floral buds","vegetative | flower | late season","Green caterpillars with pale side striping move in a characteristic looping gait on hemp | Large irregular chewing holes begin on leaf tissue, often from lower-leaf undersides | Severe feeding strips foliage or damages/deforms floral buds","No larvae, frass, or active chewing are found | Larval morphology supports armyworm or another caterpillar | Skeletonization occurs with aggregating adult Japanese beetles","Armyworm feeding | Japanese beetle | Spotted cucumber beetle | Other caterpillars","Find and document the larva on or near fresh damage and use morphology/behavior for identification. | Use chewing pattern only as supporting evidence.","Inspect undersides and flowers for larvae, eggs, frass, and fresh chewing. | Record larval density rather than treating one old hole as an active infestation.","Use threshold-aware IPM and locally legal hemp controls for confirmed active feeding.","Scout lower foliage and reproductive tissue during late-season moth activity. | Conserve beneficial predators and parasitoids where compatible with the IPM program.","Irregular holes are shared by many chewing insects. | Old feeding damage can remain after the pest is gone.","1","0"
"insect-dectes-stem-borer","dectes-stem-borer","Dectes stem-borer injury","Dectes texanus","Insect","high","reviewed","A stem-boring beetle differential for hemp. Internal pith galleries plus a compatible larva or adult are much stronger evidence than wilting or stem breakage alone.","main stems | pith | stem nodes | whole shoot secondarily","vegetative | flower | field production","Internal stem or pith galleries are present | Cream-colored longhorn-beetle larvae occur inside affected stems or compatible gray long-antenna adults are found nearby | Infested stems may swell, split, wilt, die back, or break where internal tunneling weakens them","Stem interior lacks galleries and a vascular/root pathogen explains wilt | Boring is produced by another identified stem-boring insect | Breakage is purely mechanical with healthy intact pith","Fusarium stem/crown disease | Mechanical stem splitting | Other stem borers | Drought-related wilt","Split a representative symptomatic stem lengthwise and document galleries and larvae. | Identify the insect when species-level attribution matters.","Flag and inspect affected stems before disposal so internal evidence is preserved. | Scout adjacent plants for adults, entry sites, or galleries.","Use an IPM plan appropriate to confirmed stem-borer pressure and locally legal hemp practices.","Scout stems for swelling, entry injury, and adults during the relevant field season. | Remove or manage infested residues when locally appropriate.","Wilt and stem breakage are nonspecific. | A gallery without an identified insect should remain a generic stem-borer diagnosis.","1","0"
"insect-japanese-beetle","japanese-beetle-hemp","Japanese beetle feeding injury","Popillia japonica","Insect","moderate","reviewed","A conspicuous adult beetle pest of hemp. Skeletonized leaves are compatible with feeding, but the metallic green-and-bronze adult and aggregated active feeding provide the strongest field evidence.","leaves | flowers | tender shoots","vegetative | flower | late season","Metallic green adults with bronze wing covers are actively feeding on hemp | Leaf tissue between veins is consumed, leaving a lace-like or skeletonized appearance | Beetles may aggregate on exposed foliage or reproductive tissue","No beetles are present and another defoliator is actively feeding | Damage is mined within leaf tissue rather than skeletonized from the surface | Skeletonization is old and no current infestation can be established","Other scarab beetles | Caterpillar defoliation | Spotted cucumber beetle","Photograph adults with fresh damage and verify the characteristic adult morphology. | Do not assign Japanese beetle from skeletonization alone.","Count active beetles and estimate fresh defoliation rather than using cumulative old injury. | Scout nearby sun-exposed foliage and flowers.","Use IPM appropriate to verified beetle pressure and locally legal hemp options.","Scout during seasonal adult emergence and record aggregation patterns. | Avoid assuming pheromone traps reduce damage; trapping can alter local beetle aggregation.","Skeletonization is not unique to Japanese beetle. | Economic thresholds established for other crops should not be copied directly to hemp without hemp-specific validation.","1","0"
"insect-spotted-cucumber-beetle","spotted-cucumber-beetle","Spotted cucumber beetle feeding injury","Diabrotica undecimpunctata","Insect","moderate","reviewed","A documented industrial-hemp chewing pest. Adult beetles can damage foliage and floral tissue while larvae can injure root hairs and root tips; organism evidence is needed because ragged holes and weak roots are not species-specific.","leaves | leaf margins | flowers | pollen-bearing tissue | root hairs | root tips","vegetative | early flower | field production","Yellow-green adult beetles with twelve dark spots are present on hemp | Leaves or floral tissue show fresh holes and ragged chewing edges while adults are feeding | Root injury or weak anchorage occurs together with compatible rootworm larvae in the root zone","No compatible beetles or larvae are found and another chewing pest is present | Damage consists mainly of stippling, silvering, mining, or sap-feeding distortion rather than chewing | Root decline occurs without root-feeding larvae and a pathogen or irrigation disorder is better supported","Japanese beetle | Armyworm / caterpillar feeding | Cabbage looper | Mechanical tearing | Root disease","Photograph or collect the beetle/larva with the damaged tissue; identify the organism rather than assigning species from holes alone. | Inspect roots only when root symptoms or lodging are present.","Scout nearby plants for adults and fresh feeding damage. | Document root-zone larvae separately from above-ground beetles.","Use an IPM response appropriate to confirmed pest pressure, crop stage, and locally legal hemp options.","Scout field margins and foliage during vegetative to early flowering growth. | Reduce weed or alternate-host reservoirs where agronomically appropriate.","Chewing holes are not diagnostic of spotted cucumber beetle. | Root damage can coexist with root pathogens; finding beetle larvae does not exclude disease.","1","0"
"insect-tarnished-plant-bug","tarnished-plant-bug","Tarnished plant bug feeding injury","Lygus lineolaris","Insect","moderate","reviewed","A piercing-sucking hemp pest that can injure expanding leaves, shoots, buds, and flowers. Terminal distortion and chlorotic spotting overlap mites and abiotic injury, so a compatible Lygus insect should be observed before assigning this diagnosis.","young leaves | shoot tips | stems | buds | flowers","vegetative | early flower | flower","Fast-moving mottled brown bugs with a pale or yellow triangular marking are present on symptomatic hemp | Young tissue develops chlorotic feeding spots, curling, or distorted terminal growth | Developing buds are malformed or abort while compatible plant bugs are feeding","No compatible insects are found after repeated scouting | Microscopy confirms broad or russet mites | Distortion follows a chemical, heat, or mechanical exposure pattern | Chewing holes dominate rather than piercing-sucking injury","Broad mite | Hemp russet mite | Boron deficiency | Herbicide injury | Stink bug feeding","Capture or clearly photograph the insect on symptomatic tissue and use morphology for species-level identification. | Treat terminal distortion alone as low-specificity evidence.","Scout young leaves, terminals, and buds for nymphs/adults. | Record whether injury is clustered along field edges or alternate-host vegetation.","Use confirmed-pest IPM and locally legal hemp controls only when population and injury justify intervention.","Monitor weeds and field margins that can harbor plant bugs. | Scout during rapid terminal and bud development.","Curling and distorted buds are not Lygus-specific. | Do not infer this pest from one deformed leaf without organism evidence.","1","0"
"insect-thrips","thrips","Thrips feeding injury","","Insect","moderate","reviewed","Onion thrips and western flower thrips are documented on hemp; feeding can produce vein-associated white flecks or irregular silvery scars, dark fecal spots, and distortion of leaves damaged while expanding, but symptoms alone cannot identify the insect or its species.","leaf upper and lower surfaces | leaf veins and adjacent lamina | young expanding leaves | growing tips | flowers and pollen-bearing tissue","propagation | vegetative | pre-flower | flower","Irregular white flecks or silvery scarred patches, often following or crossing veins | Small dark fecal spots occur within or beside fresh feeding scars | Minute elongated yellow, tan, or yellow-brown insects are recovered from symptomatic tissue | Wingless creamy-yellow larvae or slender adults with narrow fringed wings are visible under magnification | Leaves fed on while developing later expand with localized distortion or uneven scarred areas | Indoor or protected-crop injury increases over serial observations while matched uninfested plants remain unchanged","No thrips, larvae, shed skins, or dark fecal spots are found after repeat inspection, foliage tapping, and sticky-card monitoring | Fine webbing, round eggs, and two-spotted mites are present | Microscopic cigar-shaped mites with two pairs of legs are present | Only residue is visible and it wipes or dissolves without damaged epidermal tissue beneath it | The pattern follows a nutrient-mobility gradient by leaf age rather than localized feeding scars | Circular or angular lesions enlarge independently and have halos, fungal growth, bacterial streaming, or pathogen-positive laboratory results | Distortion is restricted to the newest protected tissue and broad mites or dotted broad-mite eggs are confirmed | Abrasion aligns uniformly with a fan, rubbing surface, spray event, or physical contact and no organisms are recovered","Two-spotted spider mites | Hemp russet mite | Broad mite | Foliar spray or mineral residue | Wind or contact abrasion | Edema or physiological corking | Nutrient or root-zone disorder | Leaf-spot pathogen | Beneficial predatory thrips","Inspect both leaf surfaces, veins, folds, growing tips, and flowers with at least a 10× hand lens; record whether scars, dark fecal spots, larvae, adults, and shed skins occur together. | Tap symptomatic foliage and flowers over white paper or a collection tray, then preserve representative insects for magnified examination. | Use blue or yellow sticky cards as population and movement monitors, not as proof that a particular damaged leaf was caused by thrips. | For species-level labels, submit intact adults to an entomology or plant diagnostic laboratory for morphological or validated molecular identification; color and a routine phone photograph are insufficient. | Capture serial whole-plant, leaf-surface macro, opposite-surface, vein-level, and organism-magnification views with scale and production context; compare with a matched healthy plant.","Separate or clearly mark suspect plants and inspect neighboring propagation material, young growth, flowers, weeds, and sticky cards before moving plants. | Preserve representative insects and pre-treatment images before intervention when species or causal confirmation is needed. | Avoid applying an unverified pesticide or coating simply because silver injury is present.","Use only a control program legal for Cannabis or hemp, the jurisdiction, production system, and growth stage, following the current product label and worker-safety requirements. | Track fresh scars and organism counts at fixed sampling sites; old silver scars and distorted leaves will not heal and should not be used alone to judge control. | Address confirmed entry or reservoir points such as infested transplants, weeds, crop debris, flowers, or unscreened openings while conserving identified beneficial thrips and other natural enemies.","Quarantine and hand-lens inspect incoming clones and transplants. | Scout representative plants and canopy zones on a fixed schedule, including young leaves and flowers rather than relying only on sticky cards. | Maintain clean plant and weed-free buffer practices appropriate to the production system and record thrips detections by stage and location.","Silver flecks, black specks, or distorted leaves alone are not thrips ground truth; confirm the organism and feeding context. | A group-level thrips label does not establish onion thrips, western flower thrips, tobacco thrips, or another species; species identification requires suitable adult specimens and specialist examination. | The controlled yield study was preliminary and used defined indoor infestation treatments; it does not establish a universal economic threshold or symptom-to-yield conversion. | Predatory thrips can be beneficial, so the presence of a thrips-shaped insect is not sufficient to assign a damaging-pest label. | The two institutional Cannabis images below have no explicit reuse license; they are hidden metadata references, not copied assets or training samples.","3","3"
"mite-broad","broad-mite","Broad mite","Polyphagotarsonemus latus","Mite","high","reviewed","A microscopic tarsonemid mite that hides in protected young tissue; feeding injury appears later as hardened, puckered, cupped, or strap-like new leaves, bronzing, short internodes, and deformed buds.","youngest expanding leaves | leaf undersides | leaf axils | growing tips | flower buds | shaded or protected canopy tissue","propagation | vegetative | pre-flower | flower","Warped, puckered, or hardened newest leaves | Cupped or strap-like new growth | Bronze, copper, or dark discoloration on young tissue | Short internodes and stunted growing tips | Deformed or aborted flower buds | Oval mites or dotted translucent eggs under magnification","Cigar-shaped mites with only two pairs of legs are present instead | Fine webbing and round spider-mite eggs are present | Only older leaves follow a mobile-nutrient symptom pattern | Injury is uniform on the brightest upper canopy and measured leaf temperature or light is excessive | No mites or dotted eggs are found after repeat sampling of adjacent fresh growth and protected sites","Hemp russet mite | Cyclamen mite | Heat or light stress | Plant-growth-regulator herbicide injury | Micronutrient or root-zone disorder | Virus-like or developmental distortion","Inspect fresh expanding tissue adjacent to the worst damage, including undersides, axils, growing tips, and buds, at about 20× or with a dissecting microscope. | Confirm translucent oval adults and clear oval eggs bearing raised pale dots; adult females may show a pale dorsal stripe. | Separate broad mite from cigar-shaped, two-pair-legged russet mites and from cyclamen mites, whose eggs lack the characteristic dotted surface. | Treat a negative sample cautiously because injury can persist after mites leave badly damaged tissue; repeat sampling across plants and time when suspicion remains.","Quarantine suspect plants and stop moving cuttings or shared tools into clean areas. | Microscope-screen neighboring plants before choosing any control.","Use only controls legal for the crop, jurisdiction, and growth stage, following the current label. | Track mites or eggs on fixed fresh-growth sampling sites; do not judge response from old distorted leaves. | Remove severely infested material without spreading mites and sanitize shared tools between plants.","Start with inspected propagation material. | Quarantine and magnification-screen incoming clones. | Include protected new-growth sites in routine scouting rather than inspecting only mature fan leaves.","Leaf distortion, bronzing, or short internodes alone are not diagnostic. | The two media assets below show the organism without a host and are morphology references, not cannabis symptom ground truth. | Although their licenses permit reuse, both remain reference-only and excluded from automated training pending a separate training and dataset-split review.","3","2"
"mite-hemp-russet","hemp-russet-mite","Hemp russet mite","Aculops cannabicola","Mite","high","reviewed","A microscopic eriophyid mite whose feeding can cause localized bronzing, brittle or reduced leaves, distorted edges, stunting, and suppressed floral growth without the webbing typical of spider mites.","young leaves | leaf undersides | petioles | stems | growing tips | flower buds","vegetative | pre-flower | flower","Dull gray or bronzed foliage | Brittle or reduced leaf size | Leaf edges curl upward or downward | Stem or petiole bronzing | Stunted growing tips | No webbing despite mite-like damage","Fine webbing and round spider-mite eggs are present | Only interveinal chlorosis follows an older-leaf nutrient pattern | Damage is restricted to the hottest or brightest canopy surface | No cigar-shaped mites are found after adequate microscope sampling","Two-spotted spider mites | Thrips | Broad mites | Heat or light stress | Nutrient or root-zone stress | Powdery residue","Sample both symptomatic and adjacent apparently healthy leaves; inspect undersides, midribs, petioles, and protected trichome zones with a dissecting or digital microscope. | Confirm pale, cigar-shaped eriophyid mites with only two pairs of legs; ordinary phone or whole-plant images are not sufficient. | For repeatable image counts, photograph multiple leaflet sections under microscope magnification rather than relying on a single field of view.","Quarantine suspect plants and stop moving cuttings, tools, clothing, or plant debris into clean areas. | Inspect nearby plants under adequate magnification before choosing a treatment.","Use only controls legal for the crop, jurisdiction, and growth stage, following the current product label. | Track mite counts on fixed leaf positions after intervention; visible injury can lag behind population change. | Remove severely infested material without spreading mites and clean shared tools between plants.","Start with inspected, mite-free propagation material. | Quarantine and microscope-screen incoming clones. | Maintain routine microscope scouting because low populations can be visually silent.","Leaf curl or bronzing alone is not diagnostic. | Do not confuse tan cast-skin accumulations with fungal powder. | CC BY 4.0 permits reuse with attribution, but these hashed reference images remain excluded from model training until a separate training and dataset-split review is completed.","3","2"
"mite-spider","two-spotted-spider-mites","Two-spotted spider mites","Tetranychus urticae","Mite","high","reviewed","Sap-feeding mites cause fine stippling from the leaf underside and visible webbing as populations increase.","leaf underside | canopy | flower","all","Tiny yellow or white stipples | Fine webbing | Visible mites or eggs under magnification","Silver scraped streaks with black specks | No organisms after careful underside inspection | Damage follows a nutrient-mobility pattern","Thrips | Hemp russet mites | Spray residue","Inspect undersides with 30–60× magnification. | Look for round eggs and moving mites.","Isolate affected plants. | Inspect nearby plants and remove heavily infested material safely.","Use a legal crop- and stage-appropriate IPM rotation. | Repeat monitoring between treatments.","Quarantine incoming plants. | Scout leaf undersides weekly.","Avoid spraying unsuitable products on flowers. | Webbing indicates an established population, not an early case.","1","1"
"nematode-root-knot","root-knot-nematodes","Root-knot nematodes","Meloidogyne spp. (including M. incognita)","Nematode","moderate","reviewed","A confirmed Cannabis root-parasitic nematode problem. Root galling with females/egg masses is far more discriminating than above-ground stunting or chlorosis, which overlap nearly every root-zone disorder.","roots | root galls | whole plant secondarily","vegetative | flower | field production","Roots develop characteristic localized galls or knots | Females can be present inside galled root tissue with egg masses associated with roots | Plants may be stunted or chlorotic secondarily | Nematode morphology or molecular testing identifies Meloidogyne","Root enlargements are normal lateral-root structures rather than galls | No galls/nematodes are found and a different root disease or abiotic condition is confirmed | Only canopy stunting/chlorosis is available without root inspection","Rhizoctonia root rot | Fusarium root/crown disease | Root binding | Nutrient deficiency | Drought / water-deficit stress","Wash and inspect the complete root system for true galls and collect roots/soil for nematode analysis. | Use adult/juvenile morphology and/or validated molecular assays when Meloidogyne species matters.","Prevent movement of potentially infested soil/root debris into clean production areas. | Preserve representative galled roots and surrounding soil for diagnosis.","Base management on confirmed nematode identification, production system, and locally legal options.","Use clean planting material/media and avoid moving infested soil on tools/equipment. | Inspect roots when unexplained stunting occurs in field/container production.","Above-ground chlorosis and stunting are nonspecific and should have very low diagnostic weight without root evidence. | Cannabis yield-loss thresholds for root-knot nematodes remain incompletely defined.","2","0"
"normal-fade","normal-late-flower-fade","Late-cycle leaf aging / senescence context","","Normal development","low","reviewed","Cannabis and hemp leaves can lose chlorophyll and photosynthetic capacity as foliage ages and flowering advances, with stronger age and canopy-position effects in older or lower leaves; visible yellowing is neither required nor sufficient to classify the change as normal senescence.","physiologically older fan leaves | lower-canopy fan leaves | upper-canopy fan leaves assessed separately | whole canopy only as a mapped age gradient | inflorescences and sugar leaves as exclusion-check tissue","flowering time series; strongest Cannabis evidence compares weeks 1, 5, and 9 after transition to a 12-hour photoperiod","Change is gradual across serial observations rather than abrupt between captures | Older or lower-position fan leaves change before recently expanded upper-canopy leaves | Chlorophyll index or photosynthetic capacity declines with documented leaf age even when a leaf remains visibly green | The same cultivar and production cohort shows a repeatable late-cycle age and canopy-position gradient | Inflorescences, recently expanded leaves, stems, and roots lack independent evidence of a spreading disorder | Color assessment is made under calibrated or repeatable lighting with healthy same-cultivar references","Visible yellowing alone is used as proof of senescence or harvest readiness | Recently expanded or upper-canopy leaves decline first or as strongly as older lower leaves without an established age gradient | Chlorosis begins early, progresses rapidly, reduces whole-plant vigor, or spreads independently of leaf age | Interveinal chlorosis, marginal scorch, discrete lesions, rings, mosaic, distortion, brittle growth, webbing, feeding scars, frass, or visible organisms are present | Root-zone pH, EC, water content, oxygenation, root appearance, or irrigation history is abnormal | Feed composition, tissue or solution analysis, or response to correction supports nitrogen or another nutrient disorder | Inflorescence mold, necrosis, odor, collapse, or laboratory evidence supports a pathogen | A lamp, spray, heat, cold, drought, salinity, or other exposure gradient explains the distribution better","Nitrogen deficiency or under-supply during flowering | Magnesium, potassium, phosphorus, sulfur, or micronutrient disorder | Root-zone pH or EC disorder | Water shortage or excessive vapor demand | Overwatering or root hypoxia | Pythium, Phytophthora, Fusarium, or other root disease | Hop latent viroid | Beet curly top virus or unresolved systemic mosaic syndrome | Powdery mildew, Botrytis, or leaf-spot disease | Hemp russet mite, broad mite, spider mite, or thrips injury | High-light, heat, cold, spray, or plant-growth-regulator injury | Cultivar pigmentation or camera color artifact","Do not label “normal fade,” senescence, ripeness, harvest readiness, nutrient depletion, or plant health from color in one photograph or video. | Record leaf node, leaf age, upper versus lower canopy, cultivar, flowering day, photoperiod, PPFD, temperature, humidity or vapor-pressure deficit, irrigation, and serial rate of change. | Capture whole-plant, canopy, branch, upper-leaf-surface, lower-leaf-surface, root-zone, and inflorescence views under repeatable lighting with a color reference and scale. | Measure root-zone pH, EC, water content or container weight, and inspect roots; review feed composition and, when consequential, use calibrated solution or tissue analysis rather than assuming remobilization. | Inspect both leaf surfaces and protected growth with magnification for mites, thrips, webbing, eggs, cast skins, frass, and feeding scars. | Use a plant diagnostic laboratory when lesions, systemic distortion, vascular or root decline, inflorescence disease, or virus/viroid signs remain plausible. | Compare several healthy same-cultivar plants from the same propagation cohort; an age-position gradient that repeats across serial observations is contextual support, not causal proof.","Keep the sample labeled “late-cycle leaf aging—cause unresolved” until exclusion checks are complete. | Preserve serial images and measured root-zone, environment, and nutrition records before changing the program. | Isolate or pause propagation from plants with systemic, pest, pathogen, or viroid warning signs.","Correct only measured nutrient, pH, EC, irrigation, environment, pest, or pathogen problems; do not force yellowing or apply nitrogen solely from camera color. | Reassess recently expanded leaves, roots, and inflorescences after any evidence-based correction while recognizing that old yellow or necrotic tissue will not become a clean health indicator. | Retain the normal-development label only when progression remains slow, age-positioned, cultivar-consistent, and unsupported by competing diagnoses.","Maintain same-cultivar flowering timelines with leaf-node and canopy-position annotations. | Keep calibrated pH and EC records, irrigation history, environmental logs, pest scouting, and laboratory results linked to image and video samples. | Create healthy reference captures under fixed lighting and camera settings rather than relying on internet photographs or a universal week-of-flower chart.","A hemp leaf-aging study found photosynthetic capacity could decline while leaves remained green, so visible yellowing is not required for senescence. | The Stillwater flowering study found temporal and canopy-position changes but did not resolve how much was caused by leaf age versus whole-plant ontogeny and did not validate a universal visible fade. | Flowering Cannabis still responds materially to nitrogen and phosphorus supply; withholding nutrients to manufacture a fade is not evidence of normal development. | Color is not a validated harvest-maturity marker and this record does not recommend harvest timing, flushing, or a universal feeding concentration. | The source experiments used limited cultivars and defined production systems; their weeks and nutrient concentrations must not be generalized as thresholds. | No authoritative Cannabis photograph or video with adequate longitudinal measurements and causal exclusion was admitted; media remain empty rather than treating vendor, forum, anecdotal, or generated imagery as ground truth. | All symptom-only samples remain low confidence and require human review.","3","0"
"normal-sex-expression","cannabis-reproductive-sex-expression","Cannabis reproductive sex expression","Cannabis sativa","Normal development","low","reviewed","Expressed sex is classified from reproductive organs, not seedling shape: pistillate flowers bear protruding stigmas, staminate flowers form stalked anther-bearing clusters, and co-sexual plants express both flower types or anthers within a pistillate inflorescence.","leaf axils and nodes | terminal and lateral inflorescences | flower bracts | stigmas | anthers","seedling | vegetative | pre-flower | flower maturation","No reliable image-only sex distinction during the seedling or vegetative stage | Pistillate flowers with bifurcate protruding white-to-yellowish stigmas | Pedicillate clusters of staminate flowers that open to expose five anthers | Bright-yellow anthers within bract tissue among stigmas on a co-sexual inflorescence | Stigmas curl and brown or redden while bracts and carpels swell with pistillate-flower maturation","A seedling or vegetative plant is labeled male or female from height, leaf size, vigor, or internode length alone | Only stipules, new axillary shoots, or unopened undifferentiated buds are visible | A single node or canopy view is used to exclude co-sexual expression | Yellow anther-like material is present but focus, scale, and surrounding flower organs are not visible | A Y-linked marker result is used to claim that female versus monoecious floral expression has been distinguished","Stipules at the node | New axillary shoots | Unopened flower or leaf primordia | Swollen pistillate bracts | Senescing or damaged stigmas | Yellow plant debris or insect material inside an inflorescence","Record focused macro views of several upper and lower nodes plus terminal and lateral inflorescences, including scale and the surrounding bract, stigma, or pedicel context. | Confirm pistillate expression from protruding stigmas and staminate expression from opened anther-bearing flowers rather than overall plant habit. | Repeat inspection through flowering because a few anthers can be hidden within dense pistillate tissue and may appear after an earlier negative view. | When pre-flower genetic sex is operationally important, use a validated Y-linked assay; interpret a negative result as female-or-monoecious genotype rather than proof of exclusively pistillate future expression.","Keep the visual label indeterminate when reproductive organs are not yet visible. | If pollen release matters to the production objective, isolate a plant with confirmed anthers while identity and facility-specific disposition are reviewed.","Treat sex expression as a monitored developmental classification, not a nutrient or pesticide diagnosis. | Use serial, multi-location inspection to document whether staminate organs are isolated, plant-wide, or embedded within pistillate inflorescences. | Apply only the facility’s lawful crop-management protocol after expressed flower type is confirmed.","Include multiple-node macro imagery and time-series flowering views in capture protocols. | Maintain cultivar, propagation, photoperiod, treatment, and genetic-test records so expressed phenotype is not confused with genetic assay status. | Continue inspection of nominally female or marker-screened populations through flowering because co-sexual expression is not excluded by a single early observation.","Seedling silhouette, height, leaf number, leaf size, vigor, and internode length are not reliable ground-truth sex labels across cultivars. | A photograph of reproductive organs describes expressed floral phenotype at that place and time; it does not by itself establish chromosomal sex or guarantee future expression elsewhere on the plant. | The molecular assay cited here separates Y-bearing males from female or monoecious plants but cannot distinguish the latter two outcomes. | The CC BY figures are approved as reference displays and their licenses permit reuse, but they remain excluded from automated training until a separate dataset-split and leakage review.","3","3"
"nut-def-b","boron-deficiency","Boron deficiency","","Nutrient deficiency","high","reviewed","A controlled Cannabis boron-withholding disorder centered on growing tips, expanding leaves, and root tips. Severe new-growth distortion is useful supporting evidence, but diagnosis should be tied to nutrition and root-zone measurements rather than leaf shape alone.","growing tips | new and expanding leaves | leaf margins | root tips | whole plant in advanced cases","vegetative | all","Growing tips become stunted before older foliage shows a dominant pattern | New leaflets are distorted, smaller, and narrow near the leaflet base | Advanced new growth curls inward, downward, or at irregular angles and develops marginal necrosis | Severe deficiency can kill growing tips and root tips and lead to whole-plant wilting","Distorted tips contain broad mites or hemp russet mites | Root-zone boron supply and tissue analysis are adequate while another exposure explains the distortion | Damage is localized to a spray, heat, or mechanical event | Only old leaves are affected while new growth remains normal","Calcium deficiency | Broad mite | Hemp russet mite | Herbicide or growth-regulator injury | Root disease","Review fertilizer and source-water boron and measure root-zone pH/EC before assigning the cause. | Use representative tissue analysis when the diagnosis is consequential; the published Cannabis values are experiment-specific, not universal thresholds.","Preserve pre-correction root-zone and tissue measurements. | Inspect distorted growth under magnification for mites before changing nutrition.","Correct a confirmed boron under-supply gradually with a crop-appropriate nutrition plan. | Track new meristem and root growth; damaged leaves and dead tips will not reverse.","Maintain complete micronutrient supply and calibrated root-zone monitoring. | Avoid diagnosing micronutrients from internet deficiency charts without measurements.","The controlled study used one cultivar and complete boron withholding. | Boron has a narrow adequacy-to-toxicity margin in many crops; do not add boron from visual suspicion alone.","1","0"
"nut-def-ca","calcium-deficiency","Calcium deficiency","","Nutrient deficiency","high","reviewed","A calcium-supply or transport disorder that can damage meristems, newly expanding leaves, roots, fan leaves, and sugar leaves. Controlled Cannabis studies produced different canopy-onset patterns, so spotting, curled tips, or marginal necrosis require feed, water, root-zone, tissue, stage, and cultivar evidence.","growing tips and newly expanding leaves in vegetative T1 | lower fan leaves at flowering-stage onset in Gelato 29 | upper fan leaves and sugar leaves as the Gelato 29 sequence advanced | leaflet bases, interveinal tissue, serrations, margins, and tips | root tips and root system | developing inflorescences and bracts for differential inspection","vegetative growth | flowering | chronic insufficient supply or impaired transport","Vegetative T1: growing tips and new leaves become stunted and irregular while leaflet bases stay narrow and paler than tips | Vegetative T1 progression: basal yellowing intensifies into interveinal chlorosis, distorted new leaves, marginal necrosis, growing-tip death, and increased axillary branching | Flowering Gelato 29: lower fan leaves begin with interveinal yellow rings around necrotic brown centers during week three of withholding | Flowering Gelato 29 progression: spotting concentrates near margins and tips, coalesces into irregular marginal necrosis, and browns serration points | Later flowering progression: injury moves upward into younger fan and sugar leaves, with upward curling of upper fan-leaf tips | A calcium deficit or impaired calcium delivery is supported by input, root-zone, water, tissue, and plant-stage measurements linked to the imaged plant","Spots, edge burn, or curl occur without a documented calcium-supply or transport problem | Root-zone EC is high and broad multi-ion salt injury explains the tip and margin damage | Roots are saturated, oxygen-limited, drought-stressed, temperature-injured, mechanically damaged, or diseased and calcium analysis does not support a deficit | Young-growth distortion is accompanied by mites, thrips, insects, webbing, eggs, fecal spots, or feeding scars | Discrete expanding lesions, halos, fungal structures, or laboratory results support a pathogen | Injury is limited to the hottest, brightest, sprayed, or contact-exposed canopy surfaces | Older-leaf marginal injury follows a potassium- or magnesium-type pattern and tissue/root-zone evidence supports that alternative | Yellowing is consistent with measured nitrogen deficiency or late-cycle senescence and no calcium evidence is present | Color or spotting is visible only under altered lighting, white balance, residue, dust, or compression artifact","Potassium deficiency | Magnesium deficiency | Boron deficiency or toxicity | High-EC nutrient burn or salinity | Waterlogging or root-zone hypoxia | Drought or excessive vapor demand | Cold or overheated root zone | Pythium or other root disease | Broad mite injury | Hemp russet mite injury | Thrips feeding injury | Heat or high-light injury | Foliar spray phytotoxicity | Leaf-spot pathogen | Normal late-flower senescence","Do not confirm calcium deficiency from rust-colored spots, curled leaf tips, distorted new growth, marginal necrosis, one photograph, or one video. | Capture serial whole-plant, growing-tip, upper/middle/lower-canopy, fan-leaf, sugar-leaf, leaf upper-surface, underside, cleaned-root, and root-tip views under repeatable lighting with scale and a matched same-cultivar plant. | Record the first affected node and leaf age, cultivar, stage, days since symptom onset, irrigation and dryback, root-zone water content, temperature, pH, EC, and dissolved oxygen where relevant. | Measure calcium and competing ions in source water, fertilizer stocks, final solution, root-zone extract, substrate or soil, and representative leaf tissue from defined upper and lower canopy positions. | Interpret tissue results using plant part, node, stage, cultivar, method, and system context; neither 0.39% from T1 nor the Gelato 29 upper/lower relationship is a universal threshold. | Inspect roots for active white tips, discoloration, softness, odor, lesions, binding, and mechanical damage; use a plant diagnostic laboratory when root pathogens or leaf lesions remain plausible. | Inspect distorted growth and both leaf surfaces with magnification for broad mites, russet mites, thrips, eggs, webbing, and feeding evidence. | Retain a suspected label until a calcium-supply or transport problem, compatible progression, and exclusion evidence are linked to the photographed plant.","Preserve pre-treatment images, nutrient labels, mixing records, solution and water samples, root-zone readings, and representative tissue before changing the program. | Verify meter calibration, formulation calculations, source-water mineral content, root health, pH, EC, water status, and temperature before adding calcium or flushing. | Remove symptom-only samples from training-ground-truth collections until analytical and exposure evidence is reviewed.","Correct the verified supply, pH, salinity, irrigation, temperature, oxygen, drainage, or root-health cause using crop-, medium-, and stage-appropriate agronomic guidance. | Restore a balanced nutrient solution rather than stacking unmeasured calcium-magnesium products; account for calcium already present in source water and fertilizers. | Track new growth, new roots, lesion rate, root-zone pH and EC, and follow-up tissue results; reopen potassium, magnesium, boron, pest, pathogen, and environmental differentials if response is absent.","Test source water and complete fertilizer for calcium and competing ions and document all calcium-containing inputs. | Use calibrated root-zone pH, EC, moisture, temperature, and irrigation monitoring appropriate to the production system. | Maintain same-cultivar healthy references and consistent upper/lower canopy tissue-sampling and serial imaging procedures.","Controlled Cannabis studies disagreed on first affected canopy location: vegetative T1 began at growing tips and new leaves, while flowering Gelato 29 began on lower fan leaves; location alone is not ground truth. | The T1 five-week timing, 0.39% most-recent-mature-leaf value, and growing-tip sequence are experiment-specific. | The Gelato 29 three-week onset, upper/lower tissue relationship, and biomass response came from three deep-water-culture plants per treatment and must not be generalized. | Calcium can be present in the root zone while water status, salinity, temperature, oxygen, damaged roots, or transport conditions limit delivery; adding calcium does not correct those causes. | The CC BY figure is a single-treatment progression, but remains excluded from automated training until panel annotations, source grouping, and a leakage-safe dataset split are assigned. | The NC State e-GRO page requires author permission for its separate images; those assets were not copied or admitted. | All symptom-only samples remain low confidence and require human review.","3","1"
"nut-def-cu","copper-deficiency","Copper deficiency","","Nutrient deficiency","high","reviewed","A controlled vegetative Cannabis copper-withholding response characterized by late-onset stunting, basal narrowing and yellowing of newer leaflets, progressive new-leaf distortion, fine interveinal chlorosis, slight inward/downward margin curl, and reduced turgidity. The evidence comes from one cultivar and requires tissue and root-zone confirmation.","whole plant for relative stunting | growing tips and newer foliage | newly expanding leaflets | leaflet bases | interveinal tissue | leaf margins | most-recent-mature leaves for source-comparable tissue analysis | roots and root zone for availability checks","vegetative | late-onset deficiency | initial basal narrowing and yellowing | advanced distortion and fine interveinal chlorosis","Slight whole-plant stunting relative to a matched healthy plant | Newer and expanding leaves show mild distortion concentrated near leaflet bases | Leaflet bases become narrower than the distal leaflet and slightly yellow | Basal narrowing and distortion become more pronounced as the sequence advances | Marginal interveinal chlorosis develops on new and expanding leaves | Advanced leaves show fine interveinal chlorosis across much of the blade | Leaf margins distort and curl slightly inward and downward | New and expanding leaves show mildly reduced turgidity | Low copper is documented in correctly positioned foliage and linked to supply or root-zone availability","New-leaf interveinal chlorosis occurs without basal narrowing or distortion and iron, manganese, or zinc evidence is stronger | Growing-tip distortion, narrow leaflet bases, root-tip loss, severe wilting, or tip death follows a boron-deficiency pattern and boron analysis supports it | Newest leaves are puckered, bronzed, hardened, or strap-like and broad mites are found under adequate magnification | Uniform wilting or reduced turgidity follows irrigation, drought, heat, root hypoxia, salinity, or root disease rather than the published leaf sequence | Fine stippling, silver scars, webbing, eggs, mites, thrips, or fecal spots are present on magnified inspection | Mosaic, vein clearing, brittle growth, asymmetrical distortion, or molecular evidence supports a virus or viroid | Discrete lesions, halos, surface growth, vascular discoloration, root decay, or laboratory evidence supports a pathogen | Damage maps to a lamp-facing surface, heat event, spray droplets, residue, rubbing point, pruning event, or other documented exposure | Color or distortion appears only under grow lights, altered white balance, glare, shadow, compression, residue, or a stable inherited leaf form | Correctly positioned tissue copper is adequate for the cultivar, stage, method, and production system or another nutrient result explains the syndrome better","Iron deficiency | Manganese deficiency | Zinc deficiency or phosphorus-zinc interaction | Boron deficiency | Calcium deficiency | Broad mite injury | Hemp russet mite injury | Thrips injury | Virus or viroid syndrome | High-pH or high-EC root-zone stress | Waterlogging or root-zone hypoxia | Drought or excessive vapor demand | Pythium or other root disease | Heat or high-light injury | Foliar spray or plant-growth-regulator injury | Genetic or developmental leaf-shape variation | Camera white-balance, exposure, or grow-light color shift","Do not confirm copper deficiency from stunting, narrow leaflet bases, chlorosis, curl, reduced turgidity, one photograph, or one video; retain a suspected label until analytical and root-zone evidence is linked to the photographed plant. | Capture serial whole-plant and matched upper-, middle-, and lower-canopy views, growing tips, new and mature leaves of known node and physiological age, leaflet bases and margins, both leaf surfaces, internodes with scale, and roots under neutral repeatable lighting with a healthy same-cultivar reference. | Record cultivar, stage, days since onset, copper concentration and formulation, iron, manganese, zinc, boron, calcium, sulfur, phosphorus, and complete fertilizer inputs, source-water chemistry and alkalinity, irrigation history, substrate or solution type, and recent product changes. | Measure root-zone pH, EC, water content, temperature, drainage, and oxygenation as appropriate to the system, and inspect washed roots before changing copper supply. | Submit correctly positioned foliage plus appropriate solution, substrate, soil, leachate, or water samples to an agricultural or plant diagnostic laboratory; interpret copper with plant part, stage, cultivar, method, and competing elements rather than treating 1.41 mg/kg as a universal cutoff. | Inspect growing points and both leaf surfaces with magnification and use a plant diagnostic laboratory when broad mites, russet mites, thrips, root disease, viruses, viroids, or other pathogens remain plausible. | Treat response of subsequent growth as supporting evidence only; improvement after correcting a documented cause does not retroactively make the original image ground-truth copper deficiency.","Mark affected and matched healthy plants; preserve pre-treatment serial images, fertilizer and irrigation records, root-zone measurements, and representative tissue before changing nutrition. | Correct documented pH, salinity, saturation, drought, temperature, oxygenation, or root-health problems before assuming copper concentration is inadequate. | Avoid blind copper supplementation when boron, iron, manganese, zinc, mites, pathogens, spray injury, and genetic leaf form have not been excluded.","When analytical and production records support inadequate copper supply or availability and roots are functional, restore a balanced crop- and system-appropriate micronutrient program gradually under current local agronomic guidance. | Track subsequent leaf geometry, chlorosis, turgidity, internode growth, roots, root-zone measurements, and follow-up tissue results rather than judging correction from old deformed leaves. | If copper status is adequate or the pattern continues, reopen boron, iron, manganese, zinc, calcium, root disease, arthropod, pathogen, environmental, exposure, and genetic differentials.","Record copper and competing micronutrients in fertilizer, source water, and representative tissue by plant part and stage rather than relying on a generic deficiency chart. | Calibrate pH and EC meters, monitor root-zone conditions and leachate where appropriate, and keep irrigation, dryback, temperature, and oxygenation records. | Maintain same-cultivar healthy references and consistent growing-tip, node-, and canopy-position sampling so developmental leaf shape is not mistaken for copper response.","The controlled sequence came from one Cannabis sativa T1 cultivar in silica sand with copper completely withheld; nine weeks, 1.41 mg/kg tissue copper, 45% lower biomass, and the pictured pattern are experiment-specific, not universal thresholds. | The control contained 4.65 mg/kg copper, slightly below the general crop survey range cited by the authors, which further limits conversion of either value into a Cannabis cutoff. | The source contains a figure-number inconsistency: its copper prose cites Figure 5, while the published Figure 4 caption and right-column label identify copper deficiency and Figure 5 is captioned manganese and boron toxicity. Copper panels require human verification against the original layout. | New-growth distortion, basal narrowing, chlorosis, curl, reduced turgidity, and stunting overlap nutritional, root-zone, arthropod, pathogen, environmental, exposure, genetic, and imaging conditions and are not image-only ground truth. | The CC BY Figure 4 asset is already hashed and indexed under manganese deficiency; it is cross-referenced rather than duplicated here because repository quality gates require unique verified media hashes. | No separate image or video is admitted for this record in this batch; all symptom-only samples and any derived copper-panel crops require human review and linked analytical evidence before ground-truth use.","1","0"
"nut-def-fe","iron-deficiency","Iron deficiency","","Nutrient deficiency","moderate","reviewed","A context-dependent iron-status disorder that produced upper-canopy, new-leaf interveinal chlorosis in a controlled vegetative T1 study, but no visible syndrome in a controlled flowering Gelato 29 study despite substantially lower foliar iron. Images can support a differential, but cannot confirm or exclude iron deficiency.","growing tip and newly expanding leaves | upper half of the canopy | leaflet margins and bases during the controlled early sequence | middle and lower foliage as distribution controls | roots and root zone for availability checks | whole plant for serial comparison","vegetative evidence from a transplant-onward withholding experiment | flowering evidence from a symptom-negative 7.5-week withholding experiment","Slight marginal yellowing, especially near leaflet bases, was the first controlled-study sign | Interveinal chlorosis develops on new and expanding leaves while veins remain relatively greener | Paling spreads through the upper half and is most apparent at the growing tip | Middle and lower foliage can remain healthy dark green during the vegetative controlled-study sequence | Serial upper-canopy images show progression rather than a fixed camera, lighting, or exposure artifact | Low foliar iron can occur with no visible syndrome, so a normal-looking canopy does not exclude inadequate iron status","Older leaves are affected first with sharply interveinal chlorosis, favoring magnesium rather than the controlled iron sequence | Uniform lower-leaf yellowing or normal late-flower fade explains the pattern better | Chlorosis maps only to the lamp-facing canopy, a hot spot, bleaching, or a recorded heat or light event | Fine stippling, silver scars, webbing, eggs, mites, thrips, or fecal spots are found on magnified inspection | Mosaic, distortion, vein clearing, stunting, or laboratory evidence supports a virus, viroid, or other pathogen | Damage maps to spray droplets, residue, rubbing points, or another documented contact exposure | A stable cultivar pattern or sector follows the same tissue boundaries without progressive chlorosis | Root decay, saturation, hypoxia, abnormal temperature, salinity, pH, or irrigation history explains impaired uptake | Appropriately sampled tissue and root-zone testing support manganese, zinc, sulfur, nitrogen, calcium, or another diagnosis more strongly","Manganese deficiency | Zinc deficiency | Sulfur deficiency | Magnesium deficiency | Nitrogen deficiency or normal late-flower senescence | Calcium deficiency | High-pH or high-EC root-zone stress | Waterlogging, root-zone hypoxia, or root disease | Light bleaching or heat stress | Broad mite, spider mite, or thrips injury | Virus, viroid, or mosaic-like disorder | Spray, residue, or mechanical injury | Genetic variegation | Camera white-balance, exposure, or grow-light color shift","Keep symptom-only image and video labels at low confidence: neither upper chlorosis nor a visually normal canopy confirms or excludes iron deficiency. | Capture serial whole-plant and matched upper-, middle-, and lower-canopy views, plus new and mature leaves on both surfaces, under neutral repeatable lighting with scale, leaf node, physiological age, and a healthy same-cultivar reference. | Record cultivar, stage, fertilizer iron concentration and chelate or formulation, source-water iron and alkalinity, irrigation history, substrate or solution type, and recent environmental or product changes. | Measure root-zone pH, EC, water content, temperature, drainage, and oxygenation as appropriate to the system, and inspect washed roots for decay or restricted growth before changing iron supply. | Submit correctly positioned leaf tissue and, where appropriate, solution, substrate, soil, or water samples to an agricultural or plant diagnostic laboratory; interpret iron and competing nutrients using crop-, organ-, stage-, and method-appropriate references. | Inspect both leaf surfaces and growing tips with magnification and use a plant diagnostic laboratory when arthropods, root disease, viruses, viroids, or other pathogens remain plausible. | Use subsequent new-leaf response only as supporting evidence; improvement after correcting an identified cause does not retroactively make the original image a ground-truth iron-deficiency sample.","Mark the plant and preserve pre-treatment serial images, feed and irrigation records, root-zone measurements, and representative tissue before changing nutrition. | Correct documented pH, salinity, saturation, temperature, oxygenation, or root-health problems before assuming the iron concentration is inadequate. | Avoid adding iron or changing chelates from color alone, especially when manganese, zinc, sulfur, pests, pathogens, or a lighting artifact have not been excluded.","When analytical and production records support inadequate iron supply or availability and roots are functional, restore a balanced crop- and system-appropriate iron program gradually under current local agronomic guidance. | Track subsequent leaves, root growth, root-zone measurements, and follow-up tissue results; do not judge correction solely by old chlorotic leaves. | If iron status is adequate or the pattern continues, reopen manganese, zinc, sulfur, magnesium, root disease, arthropod, pathogen, light, heat, exposure, and genetic differentials.","Record the iron source, chelate or formulation, complete fertilizer composition, source-water chemistry, pH, EC, and irrigation conditions against plant and media identifiers. | Use routine same-position tissue sampling and production-system-appropriate root-zone or soil testing before visible injury. | Maintain healthy same-cultivar visual references and neutral-light serial imaging of upper, middle, and lower canopy positions.","The visible sequence came from one Cannabis sativa T1 cultivar grown in silica sand with iron withheld from transplant; nine weeks, 60.08 mg/kg tissue iron, and the pictured appearance are experiment-specific, not universal diagnostic thresholds. | A separate flowering study found no visible iron-deficiency symptoms in three Gelato 29 plants despite foliar iron below half the control value; symptom absence cannot rule out inadequate iron status, and this small experiment does not prove that flowering Cannabis never develops visible symptoms. | The controlled vegetative study found no significant biomass difference at the symptom-onset harvest, so visual severity must not be converted into a universal yield-loss estimate. | Upper interveinal chlorosis is shared by other nutritional, root-zone, biotic, environmental, genetic, and imaging conditions and is not image-only ground truth. | The CC BY figure contains both iron- and zinc-deficiency columns and three severity rows; it is excluded from automated training until panels are bounded, class- and stage-annotated, scientifically reviewed, and assigned a leakage-safe split. | All symptom-only and symptom-negative samples require human review and linked analytical evidence before ground-truth use.","2","1"
"nut-def-k","potassium-deficiency","Potassium deficiency","","Nutrient deficiency","high","reviewed","A stage- and leaf-type-dependent potassium-status disorder. Controlled vegetative plants developed older-leaf serration and margin yellowing followed by inward tan necrosis, while flowering plants showed an earlier sugar-leaf lesion pathway and a later fan-leaf tip-and-margin pathway. Edge burn alone is nonspecific and requires analytical and root-zone confirmation.","lower and older foliage in the vegetative T1 sequence | saw-tooth serrations and leaflet margins | larger sugar leaves near flowering inflorescences | secondary branch veins within sugar leaves | lower fan-leaf tips and marginal teeth | middle-canopy fan leaves during flowering progression | interveinal fan-leaf tissue as browning expands inward | roots and root zone for availability checks","vegetative | flowering | pre-symptomatic low-potassium exposure | initial leaf-type-specific symptoms | advanced canopy-wide browning and desiccation","Burned leaf edges | Rust or tan spotting | Weak stems | Older leaves affected first | Vegetative T1 plants begin with yellowing along lower and older leaflet margins, especially saw-tooth serrations | Vegetative marginal yellowing intensifies and advances inward toward the midrib before tan marginal necrosis develops | Flowering sugar leaves can develop dark-brown lesions surrounding secondary branch veins before fan-leaf symptoms appear | Flowering lower fan leaves develop lighter browning at leaflet tips and marginal teeth | By week five, sugar-leaf injury predominates near the top while fan-leaf injury is strongest in the middle third | Advanced fan-leaf browning extends inward through interveinal tissue and leaves become curled and dry | A widespread serial pattern affects many leaves and is linked to low potassium in correctly positioned tissue and nutrient or root-zone evidence","Only leaf tips burned immediately after a high-EC feed or fertilizer event and broad multi-ion salinity explains the pattern | Injury is confined to the hottest or brightest canopy face and measured light or leaf temperature explains it | Marginal chlorosis and necrosis are paired with elevated tissue boron or a verified boron exposure source | Interveinal yellowing retains strongly green veins without a serration-first pattern and magnesium evidence is stronger | Uniform yellowing follows nitrogen deficiency, sulfur deficiency, or normal late-flower senescence more closely | Dark sugar-leaf lesions are discrete, expanding, water-soaked, haloed, or associated with fungal structures or a positive laboratory pathogen result | Fine stippling, silver scars, webbing, eggs, mites, thrips, chewing, frass, or fecal spots are present | Damage follows a foliar spray, residue, fan abrasion, trellis contact, pruning, or another documented local exposure | Roots are saturated, oxygen-limited, drought-stressed, temperature-injured, mechanically damaged, or diseased enough to explain impaired uptake | Color or edge contrast appears only under grow lights, altered white balance, glare, shadow, compression, residue, or stable cultivar pigmentation","High-EC nutrient burn or salinity | Boron toxicity | Magnesium deficiency | Nitrogen deficiency | Sulfur deficiency | Normal late-flower senescence | Drought or excessive vapor demand | Waterlogging or root-zone hypoxia | High-pH or otherwise unsuitable root-zone pH | Cold or overheated root zone | Pythium or other root disease | Heat or high-light injury | Foliar spray phytotoxicity | Wind, fan, trellis, or contact abrasion | Leaf-spot or vascular pathogen | Spider mite, broad mite, hemp russet mite, or thrips injury | Virus or viroid syndrome | Cultivar pigmentation or camera color artifact","Do not confirm potassium deficiency from leaf-edge burn, brown sugar-leaf lesions, rust color, one photograph, or one video; retain a suspected label until analytical and root-zone evidence is linked to the photographed plant. | Capture serial whole-plant and matched upper-, middle-, and lower-canopy views, large and small fan leaves of known node and physiological age, sugar leaves, inflorescences, leaf tips, margins, serrations, secondary veins, both leaf surfaces, and roots under neutral repeatable lighting with scale and a healthy same-cultivar reference. | Record cultivar, stage and flowering week, days since onset, potassium concentration and formulation, nitrogen, calcium, magnesium, sulfur, boron, and complete fertilizer inputs, source-water chemistry and alkalinity, irrigation history, and substrate or solution type. | Measure root-zone pH, EC, water content, temperature, drainage, and oxygenation as appropriate to the system, and inspect washed roots before changing potassium supply. | Submit strategically positioned fan- and sugar-leaf tissue plus appropriate solution, substrate, soil, leachate, or water samples to an agricultural or plant diagnostic laboratory; interpret potassium with plant part, stage, cultivar, method, salinity, and competing ions. | Inspect both leaf surfaces, lesions, and roots with magnification and use a plant diagnostic laboratory when arthropods, root disease, leaf-spot pathogens, viruses, viroids, or other infectious causes remain plausible. | Treat subsequent new-growth response as supporting evidence only; improvement after correcting a documented cause does not retroactively make the original image ground-truth potassium deficiency.","Mark affected and matched healthy plants; preserve pre-treatment serial images, fertilizer and irrigation records, root-zone measurements, and representative fan- and sugar-leaf tissue before changing nutrition. | Correct documented salinity, pH, saturation, drought, temperature, oxygenation, or root-health problems before assuming potassium concentration is inadequate. | Avoid blind potassium or bloom-booster additions when high EC, boron, magnesium, pests, pathogens, spray injury, heat, and senescence have not been excluded.","When analytical and production records support inadequate potassium supply or availability and roots are functional, restore a balanced crop- and system-appropriate nutrient program gradually under current local agronomic guidance. | Track subsequent leaves by type, node, and canopy position; new-lesion rate; roots; root-zone measurements; and follow-up tissue results rather than judging correction from old burned margins. | If potassium status is adequate or the pattern continues, reopen salinity, boron, magnesium, nitrogen, sulfur, root disease, arthropod, pathogen, environmental, exposure, senescence, and genetic differentials.","Record potassium, calcium, magnesium, nitrogen, boron, salinity, and alkalinity in source water, fertilizer, and representative tissue rather than relying on bloom-booster ratios or an image chart. | Calibrate pH and EC meters, monitor root-zone conditions and leachate where appropriate, and keep irrigation, dryback, temperature, and oxygenation records. | Maintain same-cultivar healthy references and consistent fan-leaf, sugar-leaf, node-, and canopy-position sampling so stage and tissue-type differences are preserved.","The vegetative sequence came from one Cannabis sativa T1 cultivar in silica sand with potassium completely withheld; nine weeks, 0.41% tissue potassium, 27% lower biomass, and the pictured pattern are experiment-specific, not universal thresholds. | The flowering study used three Gelato 29 plants per treatment in deep-water culture; its week-three sugar-leaf onset, week-four fan-leaf onset, 535 g versus 1110 g fresh inflorescence masses, and week-seven severity must not be generalized. | The two controlled studies differed in stage, onset time, and early tissue presentation; lower/older marginal burn alone is not potassium-deficiency ground truth. | Higher cannabinoid concentration in potassium-withheld inflorescences did not compensate for sharply reduced plant-level inflorescence yield and must not be presented as a recommendation to induce deficiency. | Margin scorch, tip burn, interveinal browning, and dark lesions overlap salinity, boron toxicity, other nutrient disorders, root-zone stress, arthropods, pathogens, environmental injury, senescence, and imaging artifacts. | The controlled vegetative Figure 3 asset is already indexed under magnesium deficiency and is not duplicated here because repository quality gates require unique verified hashes; its right column remains a lawful cross-reference only. | The CC BY flowering figure contains four panels with distinct leaf types, views, weeks, and distribution contexts and remains excluded from automated training until panels are individually annotated, source-grouped, scientifically reviewed, and assigned a leakage-safe split. | All symptom-only, lesion-only, and late-flower samples require human review and linked analytical evidence before ground-truth use.","2","1"
"nut-def-mg","magnesium-deficiency","Magnesium deficiency","","Nutrient deficiency","moderate","reviewed","A stage- and canopy-dependent magnesium-status disorder characterized by interveinal chlorosis that retains greener veins and can progress to interveinal necrosis. Controlled vegetative plants began on older lower foliage, while a flowering trial shifted rapidly toward smaller, younger fan leaves; images require tissue and root-zone confirmation.","lower and older foliage in the controlled vegetative T1 sequence | lower fan leaves at flowering symptom onset | smaller and younger fan leaves during rapid flowering progression | interveinal tissue between the midrib and extreme leaflet margins | some sugar leaves during advanced flowering symptoms | apical inflorescences, which were least affected in the flowering study | upper- and lower-canopy foliage for paired tissue sampling | roots and root zone for availability checks","vegetative | flowering | pre-symptomatic low-magnesium exposure | initial interveinal chlorosis | advanced chlorosis and interveinal necrosis","Older leaves yellow between green veins | Rust or tan spotting | Interveinal tissue becomes pale or yellow while veins remain distinctly greener | The vegetative T1 sequence begins on lower and older foliage | The flowering Gelato 29 sequence begins as mild lower-fan-leaf chlorosis in week four, between the midrib and leaf margins | Flowering symptoms can progress rapidly and predominantly affect smaller, younger fan leaves even while some older fan leaves remain largely unaffected | Severe interveinal injury becomes necrotic and increases from leaflet bases toward tips in the flowering sequence | By advanced flowering, extensive yellowing may spare the midrib and extreme leaflet margins | Serial whole-plant views show broad canopy spread while apical inflorescences remain relatively less affected | Low magnesium is documented in correctly positioned foliage and linked to supply or root-zone availability","Uniform yellowing without a persistent interveinal pattern is better explained by nitrogen deficiency or late-flower senescence | Marginal saw-tooth yellowing or tan necrosis follows the controlled potassium sequence rather than remaining primarily interveinal | New-growth chlorosis is concentrated at the growing tip and iron or manganese analysis supports that diagnosis more strongly | Yellowing begins at leaflet bases or on sugar leaves in a sulfur-type pattern and sulfur evidence is stronger | Root-zone EC is high with broad tip or margin burn and multi-ion salinity explains the injury | Fine stippling, silver scars, webbing, eggs, mites, thrips, or fecal spots are present on magnified inspection | Discrete lesions, halos, surface growth, vascular discoloration, root decay, or laboratory evidence supports a pathogen | Mosaic, vein clearing, distortion, brittle growth, or molecular evidence supports a virus or viroid | Symptoms map to a lamp-facing surface, heat event, spray droplets, residue, rubbing point, or other documented exposure | Roots are saturated, oxygen-limited, drought-stressed, temperature-injured, mechanically damaged, or diseased enough to explain impaired uptake | Color or contrast appears only under grow lights, altered white balance, glare, shadow, compression, residue, or stable cultivar pigmentation","Potassium deficiency | Iron deficiency | Manganese deficiency | Sulfur deficiency | Nitrogen deficiency | Normal late-flower senescence | High-EC nutrient burn or salinity | High-pH or otherwise unsuitable root-zone pH | Waterlogging, root-zone hypoxia, or root disease | Drought or excessive vapor demand | Heat or high-light injury | Spider mite, broad mite, hemp russet mite, or thrips injury | Virus, viroid, or mosaic-like disorder | Leaf-spot pathogen | Spray, residue, or mechanical injury | Cultivar pigmentation or camera color artifact","Do not confirm magnesium deficiency from interveinal yellowing, rust-colored tissue, one photograph, or one video; retain a suspected label until analytical and root-zone evidence is linked to the photographed plant. | Capture serial whole-plant and matched upper-, middle-, and lower-canopy views, small and large fan leaves of known node and physiological age, sugar leaves, inflorescences, both leaf surfaces, and roots under neutral repeatable lighting with scale and a healthy same-cultivar reference. | Record cultivar, stage and flowering week, days since onset, magnesium concentration and formulation, calcium, potassium, sulfur, iron, manganese, and complete fertilizer inputs, source-water mineral content and alkalinity, irrigation history, and substrate or solution type. | Measure root-zone pH, EC, water content, temperature, drainage, and oxygenation as appropriate to the system, and inspect washed roots before changing magnesium supply. | Submit strategically positioned upper- and lower-canopy foliage plus appropriate solution, substrate, soil, leachate, or water samples to an agricultural or plant diagnostic laboratory; interpret magnesium with plant part, stage, cultivar, method, and competing ions. | Inspect both leaf surfaces and roots with magnification and use a plant diagnostic laboratory when arthropods, root disease, viruses, viroids, or other pathogens remain plausible. | Treat subsequent new-growth response as supporting evidence only; improvement after correcting a documented cause does not retroactively make the original image ground-truth magnesium deficiency.","Mark affected and matched healthy plants; preserve pre-treatment serial images, fertilizer and irrigation records, root-zone measurements, and representative tissue before changing nutrition. | Correct documented pH, salinity, saturation, temperature, oxygenation, or root-health problems before assuming magnesium concentration is inadequate. | Avoid blind magnesium supplementation when potassium, calcium, sulfur, iron, manganese, pests, pathogens, senescence, and imaging artifacts have not been excluded.","When analytical and production records support inadequate magnesium supply or availability and roots are functional, restore a balanced crop- and system-appropriate nutrient program gradually under current local agronomic guidance. | Track subsequent leaves by node and size, canopy distribution, root growth, root-zone measurements, and follow-up upper- and lower-canopy tissue results rather than judging correction from old foliage. | If magnesium status is adequate or the pattern continues, reopen potassium, iron, manganese, sulfur, nitrogen, salinity, root disease, arthropod, pathogen, environmental, exposure, senescence, and genetic differentials.","Record magnesium, calcium, potassium, sulfur, and alkalinity in source water, fertilizer, and representative tissue rather than relying on a generic feed ratio or symptom chart. | Calibrate pH and EC meters, monitor root-zone conditions and leachate where appropriate, and keep irrigation, dryback, temperature, and oxygenation records. | Maintain same-cultivar healthy references and consistent node-, leaf-size-, and canopy-position sampling so stage and age shifts are not mistaken for nutrient response.","The vegetative visual sequence came from one Cannabis sativa T1 cultivar in silica sand with magnesium completely withheld; seven weeks, 0.12% tissue magnesium, and the pictured pattern are experiment-specific, not universal thresholds. | The flowering study used three Gelato 29 plants per treatment in deep-water culture; its week-four onset, younger-fan-leaf predominance, 748 g versus 1110 g fresh inflorescence masses, and canopy distribution must not be generalized. | The two controlled studies differed in later leaf-age distribution: vegetative T1 emphasized older foliage, while flowering Gelato 29 rapidly affected smaller, younger fan leaves and left some older fan leaves relatively unaffected; leaf age alone is not ground truth. | Interveinal chlorosis and necrosis overlap nutritional, root-zone, arthropod, pathogen, environmental, developmental, and imaging conditions and are not image-only ground truth. | The vegetative CC BY figure contains sulfur-, magnesium-, and potassium-deficiency columns and is excluded from automated training until panels are bounded and class- and stage-annotated. | The flowering CC BY figure combines leaf close-ups, a detached-leaf sequence, inflorescence context, and whole-plant views from one small experiment; it remains excluded from automated training until panels are annotated, source-grouped, scientifically reviewed, and assigned a leakage-safe split. | All symptom-only and late-flower samples require human review and linked analytical evidence before ground-truth use.","2","2"
"nut-def-mn","manganese-deficiency","Manganese deficiency / low-manganese treatment response","","Nutrient deficiency","moderate","reviewed","A context-dependent manganese-status disorder. Controlled vegetative T1 plants developed bright netted interveinal chlorosis on upper and central leaves with later tan necrotic flecks, while a controlled flowering Gelato 29 trial remained visually normal despite extremely low upper-canopy manganese. Images can support a differential but cannot confirm or exclude low manganese status.","upper and central foliage in the controlled vegetative sequence | newer and expanding leaflets | interveinal tissue while veins remain greener | small necrotic regions within advanced chlorotic tissue | upper- and lower-canopy fan leaves for paired tissue sampling | apical inflorescences in the symptom-negative flowering comparison | roots and root zone for availability checks","vegetative | flowering | initial chlorosis | advanced chlorosis and necrotic spotting | symptom-negative low-manganese state","Bright-yellow netted interveinal chlorosis develops on upper and central foliage in the T1 withholding study | Chlorotic netting begins near the leaflet midrib and spreads outward toward margins | Veins remain distinctly greener than the surrounding yellow interveinal tissue | Small tan necrotic regions develop within advanced interveinal chlorosis | Serial views show multiple leaves in a canopy position rather than one isolated damaged leaflet | A visually normal canopy or apical inflorescence can coexist with extremely low upper-canopy manganese in flowering plants | Low manganese is documented in correctly positioned foliage and linked to supply or root-zone availability","Chlorosis begins on older lower leaves with strongly green veins and tissue results support magnesium deficiency | New-growth chlorosis lacks tan interveinal flecks and iron analysis or response supports iron deficiency more strongly | Marginal yellowing or tan necrosis follows the controlled zinc sequence or phosphorus-zinc interaction rather than a midrib-origin netted pattern | Uniform yellowing follows an older-leaf nitrogen pattern, a sulfur pattern, or normal late-flower senescence | Fine stippling, silver scars, webbing, eggs, mites, thrips, or fecal spots are present on magnified inspection | Mosaic, vein clearing, distortion, brittle growth, stunting, or molecular evidence supports a virus or viroid | Symptoms map to a lamp-facing surface, heat event, spray droplets, residue, rubbing point, or other documented exposure | Roots are decayed, saturated, oxygen-limited, drought-stressed, temperature-injured, or salt-stressed enough to explain impaired uptake | Color or netting appears only under grow lights, altered white balance, glare, shadow, compression, residue, or stable cultivar variegation | Appropriately sampled tissue and root-zone evidence support iron, zinc, magnesium, sulfur, nitrogen, or another diagnosis more strongly","Iron deficiency | Zinc deficiency or phosphorus-zinc interaction | Magnesium deficiency | Sulfur deficiency | Nitrogen deficiency or normal late-flower senescence | Calcium deficiency | High-pH or high-EC root-zone stress | Waterlogging, root-zone hypoxia, or root disease | Light bleaching or heat stress | Spider mite, broad mite, hemp russet mite, or thrips injury | Virus, viroid, or mosaic-like disorder | Spray, residue, or mechanical injury | Genetic variegation | Camera white-balance, exposure, glare, or grow-light color shift","Do not confirm or exclude manganese deficiency from interveinal chlorosis, tan flecks, a normal-looking canopy, one photograph, or one video; retain a suspected label until analytical and root-zone evidence is linked to the photographed plant. | Capture serial whole-plant and matched upper-, central-, and lower-canopy views, growing tips, new and mature leaves on both surfaces, apical inflorescences, and roots under neutral repeatable lighting with scale, node, physiological age, and a healthy same-cultivar reference. | Record cultivar, stage, days since onset, manganese concentration and formulation, iron and complete fertilizer inputs, source-water chemistry and alkalinity, irrigation history, substrate or solution type, and recent environmental or product changes. | Measure root-zone pH, EC, water content, temperature, drainage, and oxygenation as appropriate to the system, and inspect washed roots before changing manganese supply. | Submit strategically positioned upper- and lower-canopy foliage plus appropriate solution, substrate, soil, leachate, or water samples to an agricultural or plant diagnostic laboratory; interpret manganese with plant part, stage, cultivar, method, and competing nutrients. | Inspect both leaf surfaces and growing points with magnification and use a plant diagnostic laboratory when arthropods, root disease, viruses, viroids, or other pathogens remain plausible. | Treat subsequent new-growth response as supporting evidence only; improvement after correcting a documented cause does not retroactively make the original image ground-truth manganese deficiency.","Mark affected and matched healthy plants; preserve pre-treatment serial images, feed records, root-zone measurements, and representative tissue before changing nutrition. | Correct documented pH, salinity, saturation, temperature, oxygenation, or root-health problems before assuming manganese concentration is inadequate. | Avoid blind manganese supplementation when iron, zinc, magnesium, sulfur, pests, pathogens, and imaging artifacts have not been excluded.","When analytical and production records support inadequate manganese supply or availability and roots are functional, restore a balanced crop- and system-appropriate micronutrient program gradually under current local agronomic guidance. | Track subsequent leaves, canopy distribution, root growth, root-zone measurements, and follow-up upper- and lower-canopy tissue results rather than judging correction from old leaves. | If manganese status is adequate or the pattern continues, reopen iron, zinc, magnesium, sulfur, nitrogen, root disease, arthropod, pathogen, environmental, exposure, and genetic differentials.","Record manganese and iron in fertilizer, source water, and representative tissue by plant part and stage rather than relying on a generic sufficiency chart. | Calibrate pH and EC meters, monitor root-zone conditions and leachate where appropriate, and keep irrigation, dryback, temperature, and oxygenation records. | Maintain same-cultivar healthy references and consistent node- and canopy-position sampling so aging, flowering, and genotype are not mistaken for manganese response.","The positive visual sequence came from one Cannabis sativa T1 cultivar in silica sand with manganese completely withheld; six weeks, 7.56 mg/kg manganese, and the pictured pattern are experiment-specific, not universal thresholds. | The T1 control foliage contained 29.40 mg/kg manganese, below the general crop survey range cited by the authors, which further limits conversion of either value into a Cannabis cutoff. | A separate three-plant-per-treatment flowering Gelato 29 study found no obvious visual symptoms, biomass loss, or cannabinoid change despite extremely low upper-canopy manganese; symptom absence cannot rule out low status. | Upper/newer interveinal chlorosis and tan spotting overlap nutritional, root-zone, arthropod, pathogen, environmental, genetic, and imaging conditions and are not image-only ground truth. | The CC BY figure contains manganese-, boron-, and copper-deficiency columns and remains excluded from automated training until panels are bounded, class- and stage-annotated, scientifically reviewed, source-grouped, and assigned a leakage-safe split. | The symptom-negative flowering comparison is not duplicated as media in this batch; a normal-looking inflorescence must never be relabeled as visibly manganese deficient. | All symptom-only and symptom-negative samples require human review and linked analytical evidence before ground-truth use.","2","1"
"nut-def-mo-analytical","molybdenum-low-analytical-no-visual-phenotype","Low molybdenum analytical state — no validated visual phenotype","","Nutrient deficiency","low","reviewed","A deliberate abstention class: Cannabis grown without molybdenum for nine weeks had a 96% lower foliar Mo concentration but no visual symptoms and no significant dry-weight reduction. Image-only “molybdenum deficiency” should therefore be rejected by the diagnostic engine.","most-recent mature leaf for tissue testing | whole plant for comparison","vegetative | nine-week controlled withholding context","Laboratory tissue analysis documents very low molybdenum relative to an appropriate healthy comparison | No stable Cannabis-specific visual symptom pattern is required or validated","A diagnosis is based only on yellow, orange, pink, curled, or narrow leaves from a generic internet chart | Another measured nutrient, pH, EC, root, pest, or pathogen condition explains visible symptoms","Nitrogen deficiency | Sulfur deficiency | Magnesium deficiency | Root-zone pH stress | Any generic chlorosis syndrome","Use calibrated tissue analysis and nutrition history; a photograph cannot confirm low molybdenum in Cannabis. | Keep photo-only confidence near zero unless future Cannabis-specific controlled evidence establishes a reproducible phenotype.","Do not apply molybdenum based on image color alone. | Review complete fertilizer composition and laboratory results.","Correct only a laboratory-supported under-supply using a measured nutrition plan.","Use complete micronutrient formulations and periodic analytical monitoring when warranted.","The best controlled Cannabis evidence currently contradicts popular image charts that assign a distinctive Mo-deficiency leaf appearance. | This record exists partly to prevent false-positive model predictions.","1","0"
"nut-def-n","nitrogen-deficiency","Nitrogen deficiency","","Nutrient deficiency","moderate","reviewed","A mobile-nutrient shortage that usually begins as an even yellowing of older leaves before moving upward.","older leaves | whole plant","vegetative | flower","Older leaves yellow first | Whole plant pale | Lower leaves drop | Growth slows","New growth is affected first | Yellowing is sharply interveinal | Root-zone EC is already high","Normal late-flower fade | Overwatering or root hypoxia | Magnesium deficiency","Check whether symptoms begin on the oldest leaves. | Review root-zone pH and EC before adding fertilizer.","Measure pH and EC/PPM before changing feed. | Correct watering or root-zone problems first.","If EC is low and pH is in range, increase complete nutrition gradually. | Recheck new growth over 5–7 days.","Track input and runoff EC. | Avoid reducing nitrogen too early in flower.","Do not diagnose from one yellow leaf. | Do not add nitrogen when high EC or root damage is the primary cause.","1","0"
"nut-def-p","phosphorus-deficiency","Phosphorus deficiency","","Nutrient deficiency","moderate","reviewed","A Cannabis nutrient disorder that, in one controlled T1-cultivar withholding study, began on lower and older leaves as irregular olive-green spotting with slight stunting and progressed to sunken wet-looking olive areas, marginal necrosis, yellowing, and large necrotic portions. The appearance is contextual and requires root-zone and tissue evidence.","lower and older fan leaves | leaflet margins | petioles as an institutional context feature | whole-plant stature | roots and root zone for exclusion checks | newer foliage for distribution comparison","vegetative evidence from a transplant-onward withholding experiment | flowering as institutional field context; no universal timing established","Slight whole-plant stunting relative to matched healthy plants | Irregular olive-green spots begin along leaflets on lower and older leaves | Olive spots enlarge and appear sunken or almost wet | Some marginal necrosis develops as the olive spotting expands | Advanced older leaves show extensive olive spotting, yellowing, and large necrotic portions | Bluish-green foliage, purple petioles, or copper to purplish-brown lower-leaf blotches may occur in institutional hemp guidance but were not the defining sequence in the controlled T1 study | Serial images show an older-leaf-first distribution rather than isolated contact injury","Uniform older-leaf yellowing without olive or sunken spotting and tissue analysis supports nitrogen deficiency | Older leaves show sharply interveinal chlorosis with green veins and measured context supports magnesium deficiency | Necrosis begins primarily at saw-tooth margins and progresses inward in the potassium-deficiency pattern | Discrete water-soaked lesions, halos, fungal structures, or a plant-diagnostic result supports a pathogen | Fine stippling, silver scars, webbing, fecal spots, mites, or thrips are found on magnified inspection | Damage maps to spray droplets, rubbing points, a lamp-facing surface, or another documented exposure and stops after the exposure ends | Roots are decayed or oxygen-stressed, or pH, EC, temperature, or water content is abnormal enough to explain impaired uptake | Tissue phosphorus is adequate for the cultivar, sampled organ, stage, and laboratory method, or another nutrient result explains the symptoms better","Nitrogen deficiency | Magnesium deficiency | Potassium deficiency | Normal late-flower senescence | High-EC or pH-related root stress | Waterlogging or root-zone hypoxia | Pythium or other root disease | Leaf-spot pathogen | Thrips or mite feeding injury | Cold root-zone stress | Spray, light, or mechanical injury | Cultivar anthocyanin or camera color shift","Do not confirm phosphorus deficiency from purple color, olive spotting, one photograph, or one video; preserve the label as suspected until nutritional and root-zone evidence is linked to the photographed plant. | Capture serial whole-plant, lower-canopy, upper-canopy, symptomatic upper-surface, opposite-surface, lesion-margin, root, and root-zone views under repeatable lighting with scale and a matched healthy same-cultivar plant. | Record leaf node and physiological age, growth stage, cultivar, fertilizer phosphorus input, irrigation history, substrate or soil type, root-zone pH, EC, water content, temperature, drainage, and recent environmental or product changes. | Submit representative leaf tissue from the correct plant part to an agricultural or plant diagnostic laboratory and interpret phosphorus concentration using a crop-, organ-, stage-, and method-appropriate reference; the controlled-study 0.09% value is not a universal cutoff. | Use substrate, solution, water, or soil testing appropriate to the production system to separate low phosphorus supply from high pH, salinity, cold, saturation, poor drainage, root injury, or nutrient antagonism. | Inspect both leaf surfaces and roots, and use a plant diagnostic laboratory when pathogens or arthropods remain plausible; a nutritional response after correction supports the differential but does not retroactively make the original image ground truth.","Mark the plant and preserve pre-treatment images, root-zone measurements, feed records, and representative tissue before changing nutrition. | Correct documented drainage, temperature, pH, EC, or root-health problems before assuming more phosphorus is required. | Avoid stacking phosphorus-rich products while the root-zone and tissue result are unknown.","When testing supports inadequate phosphorus supply and roots are functional, restore balanced crop- and stage-appropriate nutrition gradually and follow current local agronomic guidance. | Track new leaf appearance, new-lesion rate, growth, root-zone measurements, and tissue results; do not judge correction by recovery of old necrotic leaves. | If phosphorus is adequate or symptoms continue, reopen nitrogen, magnesium, potassium, root disease, waterlogging, pest, pathogen, exposure, and normal-senescence differentials.","Use routine same-position tissue sampling and production-system-appropriate root-zone or soil testing before visible injury. | Keep input and drainage pH, EC, phosphorus concentration, temperature, water-content, and irrigation records linked to plant and image identifiers. | Avoid universal bloom-booster schedules: controlled Cannabis studies show phosphorus responses depend on cultivar, stage, system, and tested concentration range.","The primary visual sequence used one Cannabis sativa T1 cultivar in silica sand with phosphorus withheld from transplant; seven weeks, 0.09% tissue phosphorus, and the pictured colors are experiment-specific, not universal thresholds. | Purple petioles or leaves are not phosphorus-deficiency ground truth because genetics, temperature, maturation, lighting, and camera rendering can produce similar color. | Adding phosphorus cannot correct root hypoxia, root disease, unsuitable pH, cold roots, or high salinity and may worsen nutrient imbalance or environmental losses. | A high-THC flowering study found a cultivar- and system-specific quadratic phosphorus response; its solution concentrations must not be converted into a universal feed recipe. | The CC BY figure is a mixed nitrogen/phosphorus/calcium composite and remains excluded from automated training until panel-level crops, labels, and dataset splits are reviewed. | All symptom-only samples remain low confidence and require human review.","3","1"
"nut-def-s","sulfur-deficiency","Sulfur deficiency","","Nutrient deficiency","moderate","reviewed","A sulfur-status disorder with controlled Cannabis evidence for pale new or growing-point tissue followed by broader chlorosis. Vegetative T1 first showed middle-canopy and leaflet-base yellowing, while flowering Gelato 29 began on upper sugar leaves before later interveinal chlorosis became most severe on lower fan leaves.","recently developed upper sugar leaves | newly expanding leaves and localized growing points | middle-canopy foliage in the vegetative T1 sequence | upper fan leaves and leaf angle | lower fan leaves during later flowering progression | leaflet bases, midribs, margins, tips, and marginal teeth | roots and root zone for availability checks | whole plant for distribution and senescence comparison","vegetative evidence from a transplant-onward withholding experiment | flowering weeks four onward in a deep-water-culture withholding experiment | late flowering where natural senescence is a major confounder","Slight general yellowing first emphasized in the middle canopy and at leaflet bases in vegetative T1 | Yellowing intensifies at leaflet bases and on newly expanding leaves, with advanced tissue very pale around the midrib and base | Recently developed upper sugar leaves yellowed first during flowering week four in Gelato 29 | Upper fan leaves developed a pronounced upward angle by flowering week five | Lower fan leaves then developed interveinal chlorosis extending from the midrib to the margins | Later fan-leaf chlorosis progressed toward total yellowing and senescence while the initial sugar-leaf chlorosis changed little except for browned tips and marginal teeth | Serial canopy mapping distinguishes movement through leaf classes from a single yellow leaf or static exposure artifact","Uniform yellowing begins on the oldest lower fan leaves and progresses upward in a pattern better supported by nitrogen deficiency or late-cycle senescence | Older leaves show sharply interveinal chlorosis with green veins and tissue analysis supports magnesium deficiency | Young-leaf interveinal chlorosis and analytical evidence support iron, manganese, or zinc status more strongly | The upward leaf angle follows high light, heat, vapor-demand, irrigation, or root-zone changes and maps to exposure rather than nutrient treatment | Brown tips or marginal teeth follow high EC, fertilizer application, spray contact, or another documented exposure | Fine stippling, silver scars, webbing, mites, thrips, eggs, or fecal spots are present on magnified inspection | Discrete lesions, surface growth, vascular discoloration, root decay, or laboratory evidence supports a pathogen | Mosaic, vein clearing, distortion, brittle growth, or a molecular result supports a virus or viroid | Chlorosis follows a stable cultivar sector or camera, white-balance, grow-light, or exposure artifact | Root-zone pH, EC, temperature, oxygenation, saturation, or damaged roots explain impaired uptake better than inadequate sulfur supply","Nitrogen deficiency | Normal late-flower senescence | Magnesium deficiency | Iron deficiency | Manganese deficiency | Zinc deficiency or phosphorus-zinc interaction | High-pH or high-EC root-zone stress | Waterlogging, root-zone hypoxia, or root disease | Light, heat, or high vapor-demand stress | Nonspecific fertilizer tip burn | Broad mite, spider mite, or thrips injury | Virus, viroid, or mosaic-like disorder | Leaf-spot or vascular pathogen | Spray, residue, or mechanical injury | Genetic variegation | Camera white-balance, exposure, or grow-light color shift","Do not confirm sulfur deficiency from yellowing, interveinal chlorosis, upward leaf angle, one photograph, or one video; retain a suspected label until root-zone and analytical evidence are linked to the photographed plant. | Capture serial whole-plant and matched upper-, middle-, and lower-canopy views, growing points, sugar leaves, fan leaves of known node and physiological age, both leaf surfaces, roots, and inflorescences under neutral repeatable lighting with a healthy same-cultivar reference. | Record cultivar, stage and flowering week, sulfur concentration and sulfate-containing inputs, complete fertilizer recipe, source-water sulfur and alkalinity, irrigation history, substrate or solution type, and recent environmental or product changes. | Measure root-zone pH, EC, water content, temperature, drainage, and oxygenation as appropriate to the production system, and inspect washed roots before changing sulfur supply. | Submit correctly positioned upper- and lower-canopy leaf tissue plus appropriate solution, substrate, soil, or water samples to an agricultural or plant diagnostic laboratory; interpret sulfur with nitrogen, magnesium, iron, manganese, zinc, and competing nutrients using crop-, organ-, stage-, and method-appropriate references. | Inspect both leaf surfaces, growing points, and roots with magnification and use a plant diagnostic laboratory when arthropods, root disease, viruses, viroids, or other pathogens remain plausible. | Treat response of subsequent growth as supporting evidence only; improvement after correcting a documented cause does not retroactively make the original image ground-truth sulfur deficiency.","Mark the plant and preserve pre-treatment serial images, fertilizer and irrigation records, root-zone measurements, and representative upper- and lower-canopy tissue before changing nutrition. | Correct documented pH, salinity, saturation, temperature, oxygenation, or root-health problems before assuming sulfur concentration is inadequate. | Avoid adding sulfate or complete fertilizer from leaf color alone, particularly during late flowering when normal senescence and nitrogen status can closely overlap.","When analytical and production records support inadequate sulfur supply or availability and roots are functional, restore a balanced crop- and system-appropriate sulfur program gradually under current local agronomic guidance. | Track subsequent foliage, growing points, leaf angle, new-lesion rate, root growth, root-zone measurements, and follow-up tissue results rather than recovery of old yellow leaves. | If sulfur status is adequate or the pattern continues, reopen nitrogen, senescence, magnesium, micronutrient, root disease, arthropod, pathogen, environmental, exposure, and genetic differentials.","Record sulfur and nitrogen concentrations, sulfate-bearing inputs, complete fertilizer composition, source-water chemistry, pH, EC, and irrigation conditions against plant and media identifiers. | Use routine same-position upper- and lower-canopy tissue sampling and production-system-appropriate root-zone or soil testing before visible injury. | Maintain healthy same-cultivar references and neutral-light serial imaging across growing points, sugar leaves, fan-leaf ages, canopy thirds, and flowering weeks.","The vegetative T1 seven-week onset, 0.11% most-recent-mature-leaf sulfur value, middle-canopy description, and base-to-tip sequence came from one cultivar in silica sand and are not universal thresholds. | The flowering Gelato 29 week-four onset, upper-sugar-leaf presentation, later lower-fan-leaf severity, and 34% inflorescence-yield difference came from three deep-water-culture plants per treatment and must not be generalized. | Controlled studies differed in first described canopy location and progression direction; canopy position alone is not sulfur-deficiency ground truth. | Nitrogen deficiency and natural late-flower senescence can closely overlap the yellowing sequence, while upward leaf angle can reflect environmental or water-status responses. | The CC BY figure contains four panels spanning different organs, views, and severity states; it remains excluded from automated training until panels are bounded, individually annotated, source-grouped, scientifically reviewed, and assigned a leakage-safe split. | All symptom-only and late-flower samples require human review and linked analytical evidence before ground-truth use.","2","1"
"nut-def-zn","zinc-deficiency","Zinc deficiency / low-zinc treatment response","","Nutrient deficiency","moderate","reviewed","Low zinc produced two different controlled Cannabis presentations: marginal yellowing and necrosis on newer foliage in vegetative T1, and young-leaf mottled interveinal chlorosis with restricted flowering growth in Annapurna. The latter study found a major phosphorus interaction and cautioned that its visible leaf symptom may not be directly zinc-specific.","newer and expanding leaves | youngest fully developed fan leaves | leaflet margins and toothed portions | internodes and whole-plant stature | stem diameter | roots and root zone for availability checks | inflorescences for treatment-response context","vegetative evidence from a transplant-onward withholding experiment | vegetative-to-flowering evidence from a five-concentration dose-response experiment | maturity-stage comparative imaging","Marginal yellowing begins on newer and expanding leaves in the controlled T1 withholding sequence | Yellowing is concentrated along leaflet margins and toothed portions before tan, irregular marginal necrosis develops | A separate low-zinc treatment produced mottled interveinal chlorosis on young leaves | Shorter plants with unchanged main-stem node count indicate reduced internode elongation in the Annapurna experiment | Reduced elongation rate and smaller stem diameter provide longitudinal and morphological context beyond leaf color | Yield reduction can occur without a visible leaf syndrome: the 0.1 mg/L Annapurna treatment reduced inflorescence yield but visible chlorosis was reported only at 0.05 mg/L","New-leaf interveinal chlorosis is better supported by iron or manganese results after properly positioned tissue analysis | Older leaves are affected first with interveinal chlorosis, favoring magnesium rather than the controlled zinc sequences | Uniform whole-plant or older-leaf yellowing supports nitrogen shortage or late-cycle senescence more strongly | High leaf phosphorus or a documented phosphorus imbalance could explain the mottled chlorosis seen under low zinc | Necrosis is limited to leaf tips after a high-zinc input, matching the controlled excess-zinc response rather than deficiency | Damage maps to lamp-facing tissue, a heat or light event, spray droplets, residue, rubbing points, or another documented exposure | Fine stippling, silver scars, webbing, eggs, mites, thrips, or fecal spots are found on magnified inspection | Mosaic, distortion, vein clearing, brittle growth, or laboratory evidence supports a virus, viroid, or other pathogen | Root decay, saturation, hypoxia, abnormal temperature, salinity, pH, or irrigation history better explains impaired uptake | Short stature or sectoring is stable within the cultivar and lacks progressive leaf symptoms or analytical evidence of low zinc","Iron deficiency | Manganese deficiency | Sulfur deficiency | Magnesium deficiency | Nitrogen deficiency or normal late-flower senescence | Phosphorus toxicity or phosphorus-zinc interaction | Calcium deficiency | High-pH or high-EC root-zone stress | Waterlogging, root-zone hypoxia, or root disease | Zinc toxicity or nonspecific fertilizer tip burn | Light bleaching or heat stress | Broad mite, spider mite, or thrips injury | Virus, viroid, or mosaic-like disorder | Spray, residue, or mechanical injury | Genetic dwarfism or variegation | Camera white-balance, exposure, or grow-light color shift","Keep image- and video-only labels low confidence: newer-leaf chlorosis, marginal necrosis, short internodes, and a visually normal canopy can neither confirm nor exclude low zinc. | Capture serial whole-plant and matched upper-, middle-, and lower-canopy views, new and mature leaves on both surfaces, internodes with scale, roots, and inflorescences under neutral repeatable lighting with a healthy same-cultivar reference. | Record cultivar, stage, zinc concentration and formulation or chelate, phosphorus and complete fertilizer inputs, source-water chemistry, irrigation history, substrate or solution type, and recent environmental or product changes. | Measure root-zone pH, EC, water content, temperature, drainage, and oxygenation as appropriate to the production system, and inspect washed roots before changing zinc supply. | Submit correctly positioned leaf tissue plus appropriate solution, substrate, soil, or water samples to an agricultural or plant diagnostic laboratory; interpret zinc together with phosphorus, iron, manganese, copper, sulfur, and other nutrients using crop-, organ-, stage-, and method-appropriate references. | Inspect both leaf surfaces and growing tips with magnification and use a plant diagnostic laboratory when arthropods, root disease, viruses, viroids, or other pathogens remain plausible. | Treat response of subsequent growth as supporting evidence only; improvement after correcting a documented cause does not retroactively turn the original image into zinc-deficiency ground truth.","Mark the plant and preserve pre-treatment serial images, feed and irrigation records, root-zone measurements, growth measurements, and representative tissue before changing nutrition. | Correct documented pH, salinity, saturation, temperature, oxygenation, or root-health problems before assuming zinc concentration is inadequate. | Avoid adding zinc or reducing phosphorus from appearance alone because the controlled Cannabis evidence includes a zinc-phosphorus interaction and non-specific visual outcomes.","When analytical and production records support inadequate zinc supply or availability and roots are functional, restore a balanced crop- and system-appropriate micronutrient program gradually under current local agronomic guidance. | Track subsequent leaves, internode elongation, stem diameter, root growth, yield trajectory, root-zone measurements, and follow-up tissue results. | If zinc status is adequate or the pattern continues, reopen phosphorus, iron, manganese, sulfur, magnesium, root disease, arthropod, pathogen, environmental, exposure, and genetic differentials.","Record zinc and phosphorus concentrations, chelates or formulations, complete fertilizer composition, source-water chemistry, pH, EC, and irrigation conditions against plant and media identifiers. | Use routine same-position tissue sampling and production-system-appropriate root-zone or soil testing before visible injury. | Maintain healthy same-cultivar references and neutral-light serial imaging with repeatable whole-plant, leaf, internode, root, and inflorescence views.","The T1 nine-week onset, 10.70 mg/kg most-recent-mature-leaf zinc, and marginal sequence came from one cultivar in silica sand with zinc withheld from transplant and are not universal thresholds. | The Annapurna 0.05-0.1 mg/L supply levels, 14.7-23.5 mg/kg leaf values, growth effects, and maturity images came from one clonal cultivar in perlite and must not be generalized to other cultivars, media, water chemistry, chelates, or stages. | The 2026 study authors explicitly stated that high leaf phosphorus may have caused the visible mottling at 0.05 mg/L zinc; the pictured chlorosis is a treatment-associated observation, not mechanism-specific visual ground truth. | The 0.1 mg/L treatment reduced inflorescence yield without reported visible chlorosis, so symptom absence cannot exclude a low-zinc treatment response. | The CC BY dose-response figure contains five zinc levels, multiple organs and views, both suspected deficiency and excess tip injury, and a mechanistically uncertain chlorosis label; it is excluded from automated training pending panel-level annotation and human review. | All symptom-only, symptom-negative, and growth-only samples require human review and linked analytical evidence before ground-truth use.","2","1"
"nut-tox-b","boron-toxicity","Boron toxicity","","Nutrient toxicity","high","reviewed","A Cannabis micronutrient toxicity that begins as older- or lower-leaf marginal chlorosis and advances inward to brown or bronze necrosis. Controlled trials link this pattern to elevated boron exposure and leaf-tissue boron, but marginal burn is nonspecific and requires water, input, root-zone, and tissue confirmation.","lower and older fan leaves in the published T1 sequence | upper and lower fan leaves in a separate White Shark trial | leaflet tips and serrated margins | interior leaf tissue as injury advances inward | whole canopy for distribution mapping | roots, source water, and root zone for causal checks","vegetative | flowering | chronic exposure across multiple growth stages","Marginal yellowing begins on lower or older fan leaves in the controlled T1 sequence | Yellowing follows the leaflet edge and advances inward toward the midrib | Affected margins turn brown or bronze and become necrotic | Severely chlorotic or necrotic leaves can abscise | A separate three-plant-per-treatment White Shark trial observed margin chlorosis within three weeks, rapidly followed by bronze necrosis on both upper and lower leaves | In a widespread exposure, comparable marginal injury appears across many leaves rather than at one contact point | Elevated boron is documented in representative leaf tissue and a plausible source is identified in nutrient solution, source water, soil, substrate, or amendment","Yellowing and necrosis are restricted to the hottest or brightest canopy edge and measured leaf temperature or light exposure explains the pattern | Marginal injury follows a spray, foliar product, fan abrasion, or contact event and stops when the exposure ends | Root-zone EC is high with broad multi-ion tip burn and tissue boron is not elevated | Older leaves show potassium-type saw-tooth marginal yellowing or necrosis and potassium/root-zone evidence explains the pattern better | Margins are damaged but webbing, mites, thrips, fecal spots, chewing, or frass are confirmed | Discrete lesions, halos, fungal structures, or laboratory pathogen results support infectious disease | Cold, waterlogging, drought, unsuitable pH, or root decay is documented and tissue or water analysis does not support excess boron | Purple, bronze, or yellow color is produced only by cultivar pigmentation, senescence, lighting, white balance, or compression artifact","Potassium deficiency | High-EC nutrient burn or salinity | Heat or high-light injury | Foliar spray phytotoxicity | Wind, fan, or contact abrasion | Waterlogging or root-zone hypoxia | Drought or excessive vapor demand | Cold root-zone stress | Leaf-spot pathogen | Thrips or mite injury | Normal late-flower senescence | Cultivar pigmentation or camera color artifact","Do not confirm boron toxicity from marginal burn, bronze color, one photograph, or one video; retain a suspected-toxicity label until elevated boron and a plausible exposure source are linked to the photographed plant. | Capture serial whole-plant, upper- and lower-canopy, leaf upper-surface, leaf underside, margin close-up, root, and root-zone views under repeatable lighting with scale and a matched healthy same-cultivar plant. | Record leaf node and physiological age, cultivar, stage, fertilizer and amendment formulations, mixing calculations, source-water history, irrigation and drainage, root-zone pH, EC, water content, and temperature. | Submit representative leaf tissue from a defined node and maturity class to an agricultural laboratory; interpret boron with a Cannabis-, stage-, plant-part-, and method-appropriate reference rather than treating 671.75 mg per kg from the T1 experiment as a universal threshold. | Test source water, stock solutions, final nutrient solution, soil or substrate, and relevant amendments for boron and salinity; inspect dosing equipment and reverse-osmosis performance where applicable. | Inspect both leaf surfaces and roots and use a plant diagnostic laboratory when pests, foliar injury, or pathogens remain plausible; improvement after source correction supports but does not alone prove the original causal label.","Stop discretionary boron-containing additives while preserving product labels, batch records, solution samples, pre-treatment images, and representative tissue for testing. | Verify source-water, stock, final-solution, root-zone, and tissue results before flushing or changing the complete nutrient program. | Separate suspect plants from training-ground-truth collections until the exposure and laboratory evidence are linked.","Remove or correct the verified boron source and restore a balanced crop- and stage-appropriate nutrient solution using current local agronomic guidance. | Correct documented salinity, drainage, irrigation, pH, temperature, or root-health problems without assuming that every burned margin was caused by boron. | Track new growth, new-lesion rate, water or solution boron, EC and pH, and follow-up tissue results; reopen differentials if the expected exposure-response relationship is absent.","Test source water periodically for boron and salinity, especially after treatment-system, well, or reverse-osmosis changes. | Use verified mixing calculations and calibrated dosing equipment for micronutrient concentrates; record lot, concentration, date, and plant group. | Keep same-cultivar healthy references and consistent leaf-node tissue-sampling procedures so changes in leaf age or genotype are not mistaken for toxicity.","The T1 study induced toxicity with tenfold boron in one silica-sand system; its seven-week timing and 671.75 mg per kg tissue value are experiment-specific, not universal thresholds. | The White Shark report used three clones per treatment in deep-water culture; its three-week onset and canopy-wide distribution require replication across cultivars and production systems. | Marginal chlorosis and necrosis are highly nonspecific and must not become image-only ground truth. | The two source trials did not justify a universal yield-loss estimate; severe-looking leaf injury did not correspond to a clear yield loss in the small White Shark trial. | The CC BY figure contains both manganese- and boron-toxicity columns and is excluded from automated training until panel-level crops, labels, and dataset splits are reviewed. | The Niagara College project captured weekly 360-degree videos, but no original asset URLs or reuse license are publicly exposed; none are admitted as video references. | All symptom-only samples remain low confidence and require human review.","2","1"
"nut-tox-mn","manganese-toxicity","Manganese toxicity / high-manganese response","","Nutrient toxicity","moderate","reviewed","A Cannabis high-manganese treatment response reported as lower-leaf marginal chlorosis progressing inward to necrosis. The published treatment did not establish a universal toxic tissue threshold, so analytical context is required.","lower and older leaves | leaf margins | interveinal tissue | whole canopy secondarily","vegetative | all","Marginal yellowing begins on lower leaves | Yellowing expands inward toward the midrib | Advanced leaves become severely chlorotic with necrotic margins and may abscise | Root-zone or tissue evidence supports elevated manganese exposure","No elevated manganese exposure or tissue evidence exists | Boron toxicity, potassium deficiency, salinity, or root stress better explains marginal injury | Lesions are discrete and pathogen-like rather than exposure-distributed","Boron toxicity | Potassium deficiency | Salinity / high EC | Low-pH micronutrient stress | Normal senescence","Measure root-zone pH and manganese exposure and use tissue analysis when possible. | Do not use the 47.88 mg/kg value from one cultivar as a universal toxicity threshold; the authors specifically noted it fell within a prior survey range.","Verify pH, EC, fertilizer composition, source water, and tissue manganese before correction.","Correct the measured manganese source or pH condition rather than treating leaf color alone. | Follow new growth and analytical values after correction.","Track micronutrient formulation and root-zone pH. | Use cultivar- and system-aware tissue interpretation.","The 2019 study found no significant biomass difference at the reported treatment and called for higher-concentration work to refine toxicity thresholds. | Visual marginal chlorosis is not manganese-specific.","2","0"
"nut-tox-n","nitrogen-toxicity","Nitrogen toxicity","","Nutrient toxicity","high","reviewed","A measurement-dependent Cannabis nitrogen disorder with two distinct controlled contexts: excessive total nitrogen during vegetative growth produced smaller dark-green shoots and restricted roots, while excessive ammonium fraction during reproductive growth caused growing-tip curl and marginal necrosis, later wilting, systemic necrosis, root damage, and possible plant death. These pathways must not be collapsed into a generic dark-leaf or claw label.","whole plant and organs for relative size | youngest fully developed fan leaves | growing tips and apical foliage under severe ammonium-form injury | leaf margins | stems and side branches | roots | apical and side inflorescences during reproductive-stage ammonium exposure | irrigation solution, leachate, substrate, and root zone for causal measurement","vegetative total-nitrogen dose response | reproductive-stage nitrogen-form response | pre-symptomatic high-ammonium exposure | early severe ammonium injury | late cumulative ammonium injury","Documented nitrogen supply exceeds the crop, stage, cultivar, and production-system demand or the ammonium fraction is excessive relative to nitrate | At 320 mg/L total nitrogen in the controlled vegetative study, the whole plant, leaves, and roots were smaller than at the experiment optimum and foliage was dark green | Root restriction appeared at 240 mg/L total nitrogen even though shoot development and coloration remained visually similar to the 160 mg/L treatment | Dark-green color spans adequate and excessive total-nitrogen treatments and is supporting context only, never a diagnostic feature by itself | Under 100% ammonium at fixed total nitrogen, early apical growth was stunted and growing-tip leaves curled with marginal necrosis | Severe ammonium-form injury progressed from growing tips to widespread necrosis, wilting, severe root damage, and plant death | A 50% ammonium treatment remained visually normal through most of the experiment before necrosis and wilting appeared in the final two weeks | Serial measurements show reduced growth or biomass together with excess nitrogen exposure, elevated tissue nitrogen, high leachate nitrogen, or an excessive ammonium-to-nitrate ratio","Dark green foliage is the only finding; the controlled total-nitrogen study showed similar color from 160 through 320 mg/L | Downward leaf clawing occurs without verified high nitrogen or ammonium exposure and without the published growth, root, or marginal-necrosis context | Root-zone EC or osmotic stress is high but nitrogen concentration, form, tissue status, and leachate do not isolate nitrogen from broad salinity injury | Growing tips are curled or necrotic and broad mites, russet mites, thrips, boron disorder, spray injury, heat, or light exposure explains the distribution better | Wilt follows drought, excessive vapor demand, waterlogging, root hypoxia, root temperature, or vascular/root disease without a nitrogen exposure-response link | Marginal necrosis follows a potassium, boron, salinity, contact, foliar-product, wind, or pathogen pattern and analytical evidence does not support nitrogen-form injury | Plants are small because of nitrogen deficiency, unsuitable pH, root binding, irrigation failure, cultivar architecture, stage, or another measured nutrient disorder | Color, gloss, or apparent curl changes only under grow lights, altered white balance, glare, shadow, lens distortion, compression, or stable genetic leaf form","High-EC nutrient burn or broad salinity stress | Overwatering or root-zone hypoxia | Drought or excessive vapor demand | Heat or high-light injury | Cold or overheated root zone | Pythium, Phytophthora, Fusarium, or other root disease | Potassium deficiency | Boron deficiency or toxicity | Calcium deficiency | Broad mite injury | Hemp russet mite injury | Thrips injury | Foliar spray or plant-growth-regulator injury | Leaf-spot or vascular pathogen | Virus or viroid syndrome | Genetic leaf curl or compact architecture | Camera white-balance, exposure, glare, or grow-light color shift","Do not confirm nitrogen toxicity from dark foliage, gloss, leaf clawing, tip burn, curl, one photograph, or one video; retain a suspected label until nitrogen dose or form, root-zone measurements, and plant response are linked. | Separate suspected excessive total-nitrogen dose from suspected ammonium-form toxicity; record nitrate and ammonium concentrations and proportions rather than only a product EC or total fertilizer rate. | Capture serial whole-plant and matched upper-, middle-, and lower-canopy views, growing tips, youngest fully developed leaves, both leaf surfaces and margins, stems, side branches, inflorescences when present, and washed roots under neutral repeatable lighting with scale and a healthy same-cultivar reference. | Record cultivar, stage, days since onset, complete fertilizer formulation, each nitrogen source, stock and injector calculations, water alkalinity, irrigation volume, drainage fraction, substrate or solution type, temperature, humidity, light, and recent product changes. | Measure calibrated input and representative root-zone or solution pH and EC, and test input, reservoir, leachate, or drainage for total nitrogen, nitrate, and ammonium as appropriate to the system; compare supply with actual water use and drainage. | Submit defined-position leaf tissue and appropriate solution, substrate, soil, leachate, or water samples to an agricultural or plant diagnostic laboratory; interpret nitrogen with cultivar, stage, organ, method, salinity, and competing nutrients rather than using 160, 240, or 320 mg/L as universal thresholds. | Inspect growing tips and both leaf surfaces with magnification and use a plant diagnostic laboratory when mites, thrips, root disease, viruses, viroids, vascular pathogens, or foliar injury remain plausible. | Treat response of subsequent growth after a measured correction as supporting evidence only; it does not retroactively make the original image ground-truth nitrogen toxicity.","Preserve pre-treatment images, fertilizer labels, mixing records, solution samples, root-zone measurements, representative tissue, and matched healthy controls before changing the program. | Pause discretionary nitrogen-heavy additives while verifying total nitrogen, nitrate-to-ammonium ratio, pH, EC, irrigation, drainage, and root health; do not automatically flush an oxygen-limited or already saturated root zone. | Quarantine severe wilt or root decline from ground-truth collections and exclude infectious and arthropod causes before attributing the response to nutrition.","When measurements confirm excessive total nitrogen, reduce cumulative nitrogen exposure gradually within a balanced crop-, cultivar-, stage-, and system-appropriate program under current local agronomic guidance. | When an excessive ammonium fraction is confirmed, correct nitrogen form as well as total concentration while monitoring pH movement, salinity, calcium, magnesium, potassium, roots, irrigation, and drainage. | Track subsequent root growth, apical leaf geometry, new marginal necrosis, plant expansion, root-zone and leachate chemistry, and follow-up tissue results; reopen differentials if the exposure-response relationship is absent.","Record nitrogen concentration and nitrate-to-ammonium ratio for source water, each fertilizer component, final solution, and representative tissue instead of relying on product dose or EC alone. | Calibrate dosing equipment and pH/EC meters, verify stock calculations, and monitor irrigation volume, drainage fraction, leachate chemistry, dryback, root-zone temperature, and oxygenation. | Maintain same-cultivar healthy references and consistent node-, organ-, and stage-specific imaging and tissue sampling so naturally dark foliage or compact architecture is not mislabeled.","The vegetative dose study used one medical Cannabis cultivar, five plants per treatment, soilless media, long photoperiod, and a specific nutrient formulation; its 160 mg/L optimum and 240–320 mg/L restrictions are not universal Cannabis thresholds. | Irrigation EC increased with nitrogen dose in the vegetative study, so the highest-dose phenotype cannot be separated from treatment-specific salinity and ion-balance effects by an image. | The reproductive study held total nitrogen at 200 mg/L while exchanging nitrate for ammonium; high-ammonium injury is not interchangeable with excessive total nitrogen, and the authors noted that reduced or absent nitrate may contribute. | The 50% ammonium plants appeared normal for most of the experiment before late necrosis and wilting; a normal image cannot exclude a harmful nitrogen-form treatment or predict yield. | The controlled sources do not support dark clawed leaves, gloss, soft stems, burned tips, or delayed flowering as standalone Cannabis nitrogen-toxicity ground truth; those legacy claims were removed. | The dose-response Figure 1 combines five treatment columns and three organ/view rows and remains training-ineligible until every panel is dose-, organ-, time-, and source-group annotated with a leakage-safe split. | The 100% ammonium apical image is CC BY 4.0 but represents an extreme treatment confounded by nitrate absence; it remains training-ineligible and requires human scientific review. | All symptom-only, dark-leaf-only, claw-only, and unmeasured-EC samples remain low confidence and require human review.","2","2"
"oomycete-downy-mildew","downy-mildew-pseudoperonospora","Downy mildew","Pseudoperonospora cannabina","Oomycete pathogen","high","reviewed","A foliar oomycete disease of Cannabis. Angular chlorotic-to-brown lesions and dark underside sporulation are stronger clues than top-surface discoloration alone.","leaves | leaf undersides | inflorescences in severe disease | whole plant","vegetative | flower | field production","Angular chlorotic or brown lesions develop on leaves | Dark sporulation is visible on the underside of corresponding lesions under conducive humidity | Leaves may curl and defoliate as severity increases | Severe field disease can extend to inflorescence tissue and reduce marketable yield","White superficial colonies wipe or scrape away and fit powdery mildew better | Sooty conidial masses are identified as Pseudocercospora | No underside sporulation or pathogen evidence is present and nutrient or chemical injury explains the pattern","Pseudocercospora olive leaf spot | Septoria leaf spot | Powdery mildew | Nutrient chlorosis | Spray injury","Inspect the underside of fresh lesions under magnification and submit tissue to a plant diagnostic laboratory when confirmation matters. | Treat Pseudoperonospora as an oomycete, not a true fungus; laboratory morphology or molecular testing is preferred for organism-level labels.","Separate heavily symptomatic material and reduce avoidable prolonged leaf wetness while preserving a diagnostic sample.","Use an oomycete-appropriate disease management program allowed for the crop and production setting.","Scout undersides during humid periods and improve foliage drying/air movement where appropriate.","Pseudoperonospora is an oomycete, not a true fungus; disease-management and diagnostic interpretation should preserve that distinction. | Cultivar susceptibility varies widely, so severity cannot be generalized from one cultivar.","2","0"
"pest-cannabis-aphid","cannabis-aphid","Cannabis aphid","Phorodon cannabis","Insect","moderate","reviewed","A Cannabis-adapted aphid found on hemp leaves and stems indoors and outdoors. Confirm by observing and identifying the insect; generalized curling, yellowing, or reduced vigor is not species-level evidence.","leaf undersides | petioles | stems | shoot tips | whole canopy when populations are heavy","vegetative | flower | all","Colonies of small soft-bodied aphids are visible on cannabis leaves or stems | Wingless aphids show pale abdominal striping while winged forms may show dark spotting | Aphid cast skins or sticky honeydew occur near an active colony | New growth is stressed in the same areas where aphids are actively feeding","No aphids, cast skins, or honeydew are found after repeated underside and stem inspection | Only roots contain aphids while foliage and stems are free of colonies | Fine stippling, webbing, mites, or eggs dominate the underside evidence | Silvery feeding scars with dark fecal specks support thrips instead","Rice root aphid | Thrips | Two-spotted spider mites | Whitefly or another phloem-feeding insect","Inspect leaf undersides, petioles, stems, and shoot tips with magnification and document intact aphids. | Use morphological identification or an entomology reference when species-level identification matters; body color alone is not diagnostic.","Separate heavily infested material from clean propagation stock and inspect neighboring plants. | Record where colonies occur and preserve clear close-up images or a specimen before treatment.","Use an integrated pest-management response appropriate to the production system and local pesticide/biocontrol rules. | Reinspect new growth and undersides after intervention rather than judging success from old damaged tissue.","Inspect incoming clones and mother-stock material before integration. | Use routine underside and stem scouting so small colonies are detected before they spread.","Do not identify Phorodon cannabis from leaf yellowing, curling, or aphid color alone. | Do not assume every aphid found around the root zone is cannabis aphid; rice root aphid is a distinct Cannabis-associated pest.","2","1"
"pest-fungus-gnats","fungus-gnats-root-feeding","Fungus gnats / root-feeding Bradysia larvae","Bradysia spp.","Insect","low","reviewed","A greenhouse root-zone pest complex in which adult fungus gnats signal moist-media populations and larvae can feed on roots and interact with soil-borne disease. Evidence is cross-crop greenhouse literature, so Cannabis symptoms alone are not diagnostic.","growing medium surface | roots | lower stem | whole plant secondarily","seedling | vegetative | flower | all","Small dark gnat-like adults repeatedly emerge from or rest near moist growing media | Translucent slender larvae with dark head capsules are found in the root zone | Poor growth or yellowing occurs together with confirmed fungus-gnat larvae in wet organic media","No adults or larvae are found after sticky-card and root-zone inspection | Root-associated aphids rather than fly larvae are present | Root decay is confirmed without fungus-gnat larvae | Canopy symptoms track a measured nutrient, pH, EC, light, or irrigation problem instead","Rice root aphid | Pythium root rot | Fusarium crown and root rot | Overwatering / low root-zone oxygen","Use sticky cards for adults and inspect moist media/root zones for characteristic larvae. | Confirm root health independently because fungus gnats may coexist with soil-borne pathogens.","Inspect moisture management, algae, plant debris, and the root zone. | Document adults and larvae before attributing canopy symptoms to fungus gnats.","Use sanitation, moisture management, physical or biological controls that are appropriate to the crop system and local rules. | Continue monitoring adults and larvae while separately tracking root recovery.","Avoid chronic surface wetness and remove algae and decomposing plant debris. | Monitor greenhouse/media pest pressure before symptoms appear.","This profile uses greenhouse cross-crop evidence for Bradysia biology; it does not make generic yellowing a Cannabis-specific fungus-gnat signature. | Do not treat a few adult gnats as proof that they are the primary cause of a major root or canopy disorder.","2","0"
"pest-rice-root-aphid","rice-root-aphid","Rice root aphid on cannabis","Rhopalosiphum rufiabdominale","Insect","moderate","reviewed","A root-associated aphid that has become a common host-associated pest of indoor Cannabis in North America. Root-zone insect evidence is required because above-ground decline is nonspecific.","roots | growing medium surface | root-zone container | whole plant secondarily","vegetative | flower | late flower | all","Aphid colonies are visible on cannabis roots after careful root-zone inspection | Winged aphids emerge from or cluster around the growing medium while root colonies are present | Root-associated aphids are documented while stems and leaf undersides lack the typical cannabis-aphid colony pattern","No aphids are found on roots after representative inspection of the root ball or root zone | Aphids are concentrated on leaves and stems rather than roots | Small dark flies and translucent black-headed larvae support fungus gnats instead | Brown slimy roots and wilt occur without root aphids and a root pathogen or oxygen problem explains the decline better","Cannabis aphid | Fungus gnats | Root pathogen | Water / root-zone stress","Expose representative roots and document aphids directly associated with roots. | Use morphological identification when distinguishing rice root aphid from other aphids is operationally important.","Inspect nearby root zones and isolate infested propagation material where practical. | Record root condition separately so root feeding is not confused with concurrent root disease or irrigation stress.","Use a root-zone IPM plan appropriate to the production system and local rules. | Verify population decline by repeat root inspection rather than relying only on fewer flying adults.","Inspect root balls of incoming plants and rooted cuttings. | Include root-zone scouting when unexplained flying aphids appear indoors.","Do not diagnose rice root aphid from yellowing, stunting, or flying insects alone. | Root aphids and root disease can coexist; finding one does not exclude the other.","1","1"
"phytoplasma-hemp-witches-broom","hemp-witches-broom-phytoplasma","Hemp witches’ broom (phytoplasma-associated)","Candidatus Phytoplasma trifolii and other phytoplasmas","Phytoplasma / Spiroplasma","high","reviewed","A leafhopper-associated systemic syndrome in which cannabis can develop shortened nodes, clusters of proliferating axillary or apical shoots, stunting, small distorted leaves, chlorosis, mottling, and curling; the same visual pattern can involve Beet curly top virus, Spiroplasma citri, or mixed infection.","young and expanding leaves | upper and lower leaf surfaces | leaf petioles | axillary buds | apical shoots | stems and internodes | whole-plant architecture","field-grown leaf-bearing plants; cannabis-specific stage effects are not established","Clusters of excessive apical or axillary shoots forming a broom-like tip | Shortened internodes and compact branch clusters | Small, distorted, curled, or upward-rolled leaves | Leaf chlorosis with mottling or mosaic | Vein-bounded green islands on the upper leaf surface | Interveinal discoloration with a pale pustule-like appearance from below | Whole-plant stunting with abnormal branching","Validated testing identifies Beet curly top virus without detecting phytoplasma in properly sampled tissue | Validated testing identifies Spiroplasma citri or another agent and does not detect phytoplasma | Microscopy confirms broad mites or hemp russet mites in the distorted growing tips | Abnormal branching follows deliberate topping or training and subsequent leaves remain normal | Distortion maps to documented herbicide or plant-growth-regulator exposure | Short internodes and branching remain stable in healthy clones without chlorosis, mottling, progressive distortion, or pathogen detection","Beet curly top virus disease | Spiroplasma citri infection | Mixed BCTV-phytoplasma-Spiroplasma infection | Broad mite | Hemp russet mite | Plant-growth-regulator herbicide injury | Topping or high-stress training response | Genetic dwarfism or fasciation | Micronutrient or root-zone disorder | Mosaic virus complex","Do not confirm phytoplasma from witches’ broom architecture, a photograph, video, or leafhopper observation. | Submit the most symptomatic young leaves with petioles to a plant diagnostic laboratory using that laboratory’s current sampling and shipping protocol; include a healthy comparator when requested. | Use a validated phytoplasma molecular assay followed by sequence or classification evidence when group-level identity matters; the Nevada report combined real-time PCR, nested 16S rRNA PCR, Sanger sequencing, BLASTn, and iPhyClassifier analysis. | Request a differential panel that includes Beet curly top virus and Spiroplasma citri because the three agents can produce overlapping symptoms and can occur together. | Record whole-plant architecture, both leaf surfaces, affected shoot position, field location, onset date, and serial change to preserve image and video context without treating those observations as proof.","Flag suspect plants and pause distribution of their cuttings pending laboratory results. | Scout nearby plants and leafhoppers while keeping vector presence separate from pathogen confirmation. | Keep all symptom-only images out of phytoplasma, Spiroplasma, and BCTV ground-truth classes.","Base removal and vector-management decisions on laboratory results, production policy, and locally legal recommendations. | If phytoplasma is not detected, continue testing or differential review for BCTV, Spiroplasma citri, mites, chemical injury, and physiological causes. | Continue serial observation because one plant or branch can combine architecture, foliar color, and distortion differently over time.","Use tested and traceable propagation material. | Monitor leafhoppers and regional alerts without assuming every vector carries the same pathogen. | Control weed reservoirs and vectors only with locally appropriate, crop-legal practices.","Witches’ broom is a syndrome, not a species-level visual diagnosis. | Cannabis symptom overlap and documented mixed infections make image-only ground truth unsafe. | The three institutional photographs below are metadata-only license-review candidates: no reuse license is stated, so they are hidden and prohibited from automated training. | Cannabis-specific evidence does not establish a universal symptom order, cultivar response, or infection-to-symptom interval.","3","3"
"root-binding-container-stress","root-binding-container-stress","Root binding / container-restriction stress","","Water / root-zone","moderate","reviewed","A physical root-zone restriction documented in hemp transplants. Canopy stunting or stress is nonspecific; confirmation requires seeing the root system and separating mechanical restriction from drought, salinity, hypoxia, and root pathogens.","root ball | container edge | root tips | whole plant secondarily","seedling | transplant | vegetative","Roots densely circle or mat along the container boundary with limited free substrate volume | Plant growth is restricted relative to matched plants despite otherwise reasonable nutrition and irrigation | Stress persists around transplant establishment and root architecture remains constrained","Root system is not physically congested | Roots are brown, slimy, necrotic, or lesioned enough to support disease | Measured drought, salinity, or hypoxia explains the response | Stem girdling or transplant damage is the dominant mechanical problem","Drought / water-deficit stress | Salinity / high EC | Pythium root rot | Fusarium crown/root rot | Overwatering / hypoxia","Remove or expose the root ball and document root density, circling, root color, odor, and substrate condition. | Measure moisture and EC and inspect for disease because root binding can coexist with pathogens.","Document the intact root ball before disturbing it when diagnosis matters. | Check irrigation uniformity and root health rather than assuming every small container is root-bound.","Relieve confirmed physical restriction using transplant/root-management practices appropriate to crop stage and system. | Monitor new root expansion and canopy recovery while screening for secondary disease.","Match container volume and transplant timing to growth rate. | Inspect purchased transplants before integration.","Small container size alone does not prove pathological root binding. | Root binding and Fusarium/Pythium can coexist, so finding circling roots does not exclude disease.","1","0"
"root-fusarium-crown-rot","fusarium-crown-root-rot","Fusarium crown and root rot / wilt complex","Fusarium spp.","Root pathogen","high","reviewed","A Cannabis crown/root/wilt disease complex associated with multiple Fusarium species. Yellowing and wilt are nonspecific; dark sunken crown tissue, root necrosis, and internal discoloration increase suspicion, while laboratory isolation or molecular work is required for organism-level confirmation.","roots | crown | lower stem | vascular and pith tissues | whole canopy secondarily","propagation | vegetative | flower | all","Dark sunken crown lesions extend upward from the cannabis root zone | Reddish-brown or dark internal stem discoloration originates at the crown | Roots are necrotic while crown tissue is darkened or rotted | Canopy yellowing and wilt occur together with documented crown or internal stem decay","Roots and crown are firm and healthy with no internal discoloration | Brown slimy roots occur without crown or internal stem lesions and Pythium or oxygen stress is better supported | Wilt resolves promptly after correcting a documented irrigation deficit without crown decay | Only one-sided mechanical stem injury explains the crown discoloration","Pythium root rot | Severe drought or irrigation failure | Root-zone hypoxia / overwatering | Vascular or bacterial disease","Inspect roots, crown, and a clean stem cross-section for the distribution of decay and internal discoloration. | Use a plant-diagnostic laboratory for isolation plus molecular or sequence-based identification when Fusarium confirmation changes management.","Quarantine severely affected plants and avoid moving contaminated root-zone material or runoff to clean plants. | Document crown/root/internal symptoms before destructive sampling and preserve representative tissue for diagnosis.","Base sanitation, culling, irrigation-system, and crop-protection decisions on confirmed pathogen and production-system evidence. | Inspect propagation stock and adjacent plants because Fusarium can move through infected plant material and contaminated production environments.","Start with clean propagation stock and sanitized tools, containers, and root-zone systems. | Prevent recirculation or movement of contaminated irrigation water where pathogen spread is a concern.","A photograph of yellowing or wilt cannot confirm Fusarium. | Multiple Fusarium species and Pythium can occur in similar Cannabis crown/root disease complexes; do not make species-level claims without laboratory evidence. | The Fusarium species list on Cannabis continues to expand; a model should rank a Fusarium syndrome separately from a laboratory-confirmed species label.","4","1"
"root-ph-extreme","acidic-extreme-substrate-ph-stress","Acidic or extreme substrate-pH root stress","","Water / root-zone","moderate","reviewed","A measured root-zone condition in which persistently acidic peat-based substrate suppresses Cannabis shoot and root development, while either acidic or high-pH extremes can restrict visible root growth. There is no unique leaf appearance: cultivar, fertility, EC, substrate, and exposure duration materially change what a camera can see.","root tips and developing root system | whole-plant diameter and shoot biomass | lower foliage when low pH is combined with excessive micronutrient fertility in a susceptible cultivar | leaf tips and leaflet interior during treatment-associated bronzing and necrosis | root-zone solution and substrate for direct pH and EC measurement","root establishment | vegetative growth | chronic root-zone exposure","Repeated calibrated substrate measurements remain at an extreme rather than a single irrigation or runoff reading | Root-tip development is reduced relative to matched healthy plants before a specific foliar pattern is reliable | Whole-plant diameter and accumulated shoot biomass lag despite plant height sometimes remaining similar | At acidic pH, leaf-tissue micronutrient concentrations may rise without visible toxicity | In the Sweetened pH 3.8 plus fourfold-micronutrient treatment, lower-leaf tips bronzed, became necrotic, spread inward, and developed chlorosis | The same low-pH and high-micronutrient treatment did not produce the same foliage response in Cherry Wine","Only nutrient-solution input pH was measured and the actual substrate or root-zone pH is unknown | A single runoff, reservoir, or slurry reading is outside target but repeat representative measurements are not | High EC, fertilizer imbalance, or source-water alkalinity explains the response without a persistent measured substrate-pH extreme | Roots are restricted by saturation, compaction, container binding, drought, temperature, oxygen limitation, transplant damage, or root disease | Foliar bronzing or necrosis is localized to heat, light, spray, contact, pest feeding, or infectious lesions | Tissue analysis supports a specific nutrient deficiency or toxicity and measured root-zone pH is not outside the production-system target | Color differences appear only under altered lighting, white balance, cultivar pigmentation, senescence, or compression artifact","Waterlogging or root-zone hypoxia | High-EC nutrient burn or salinity | Water shortage or drought | Cold or overheated root zone | Root binding or compacted substrate | Pythium root rot | Phytophthora root rot | Fusarium crown or root disease | Micronutrient toxicity | Phosphorus deficiency | Potassium deficiency | Heat or high-light injury | Foliar spray phytotoxicity | Normal late-flower senescence","Do not diagnose pH stress from leaf color, tip burn, stunting, one photograph, one video, or a generic nutrient-availability chart. | Measure the actual substrate or root-zone pH repeatedly with a calibrated meter and a method appropriate to the medium; record sampling location, depth, irrigation timing, extraction method, meter calibration, temperature, and replicate values. | Measure root-zone and input EC alongside pH, and document source-water pH and alkalinity, fertilizer formulation, acid or base additions, lime charge, substrate batch, irrigation volume, leaching fraction, and drainage. | Capture serial whole-plant top and side views, root-zone and cleaned-root views, upper- and lower-canopy views, and close-ups of both leaf surfaces under repeatable lighting with scale and a matched same-cultivar control. | Record cultivar, plant age, stage, days of exposure, container volume, substrate composition, water content, root-zone temperature, dissolved oxygen where relevant, and root-tip quantity or standardized root coverage. | Use representative leaf-tissue and root-zone or substrate analysis to separate a pH-associated exposure from a specific nutrient disorder; use a plant diagnostic laboratory when discolored or decaying roots, lesions, or pests remain plausible. | Retain a measured-exposure or suspected label unless the pH history, root or growth response, competing exposures, and analytical evidence are linked to the photographed plant.","Preserve pre-correction pH, EC, alkalinity, solution, substrate, tissue, root, and image records before changing the system. | Verify the measuring method and calibration with repeat samples; avoid large unmeasured acid, base, lime, fertilizer, or flush corrections. | Quarantine uncertain images and videos from diagnostic ground truth until exposure and confounder evidence is linked.","Correct the verified cause gradually using substrate- and water-appropriate guidance, considering alkalinity and buffering rather than input pH alone. | Restore a balanced fertilizer and irrigation program while monitoring substrate pH, EC, water content, drainage, and new root growth. | Reassess root pathogens, salinity, water status, temperature, and nutrient-specific differentials if new root tips and growth do not improve after the measured pH returns to the intended range.","Establish a production-system-specific substrate pH and EC monitoring protocol with calibrated meters, consistent extraction methods, replicate sampling, and trend alerts. | Test source-water alkalinity and account for substrate lime and fertilizer acidity before making recurring pH adjustments. | Keep same-cultivar controls and serial root and canopy images so gradual growth restriction is not mistaken for a specific leaf disorder.","The study supports a measured substrate-pH stress record, not a universal image phenotype or a universal nutrient-lockout chart. | The 5.5 to 6.5 recommendation came from peat-based greenhouse experiments and must not be copied unchanged to soil, field, coco, rockwool, aeroponic, or deep-water systems. | At normal micronutrient supply, low pH increased tissue accumulation without a universal visible toxicity; absence of bronzing does not establish that the root zone is acceptable. | The lower-leaf bronzing sequence occurred in Sweetened under pH 3.8 plus fourfold micronutrients and was absent in Cherry Wine; it is not low-pH-specific ground truth. | A single runoff or reservoir pH value does not prove the pH experienced throughout the root system. | No image or video is admitted for this record because no stable original asset URL was independently verified during this review. | All symptom-only or uncalibrated-pH samples remain low confidence and require human review.","1","0"
"root-pythium","pythium-root-rot","Pythium root rot","Pythium spp.","Root pathogen","critical","reviewed","An oomycete root disease favored by wet, low-oxygen conditions; affected roots discolor, soften, and lose function.","roots | crown | whole plant","all","Brown slimy roots | Wilting despite moisture | Stunting and yellowing | Crown rot in severe cases","Roots are tan from media staining but firm | Container is very light and dry | Only one leaf shows damage","Overwatering or root hypoxia | Phytophthora root rot | Fusarium crown disease","Inspect cleaned roots for texture and active white tips. | Laboratory testing is required to distinguish similar root pathogens.","Isolate affected root-zone water and tools. | Restore oxygenation and correct saturation.","Remove irrecoverable plants where appropriate and sanitize wetted equipment. | Use only legal crop-appropriate treatments.","Control water temperature, sanitation, oxygen, and irrigation duration.","Visual symptoms cannot reliably identify Pythium to species. | Pythium species differ in temperature and production-system ecology; do not treat one environmental threshold as universal for the entire complex.","6","1"
"root-rhizoctonia","rhizoctonia-sore-shin-root-rot","Rhizoctonia sore shin / root and crown rot","Rhizoctonia solani","Root pathogen","high","reviewed","A Cannabis root/crown disease documented as wilting with necrotic lesions at the plant base just above the soil line. Characteristic right-angle branching hyphae and laboratory identification are needed because the canopy response overlaps other root diseases.","roots | crown | lower stem just above soil line | whole plant","seedling | transplant | vegetative | reproductive","Plants wilt while necrotic lesions develop at the stem base near the soil line | Roots/crown show compatible necrotic disease | Pigmented septate hyphae from lesions branch at roughly 90 degrees with basal constriction | ITS/18S or other laboratory evidence supports Rhizoctonia solani","White cottony basal mycelium with round brown sclerotia strongly supports southern blight | Soft/slimy roots and oomycete evidence support Pythium | Vascular discoloration and Fusarium evidence support Fusarium wilt/crown disease | No basal/root lesions exist and water-status measurements explain wilt","Southern blight | Pythium root rot | Fusarium crown/root rot | Root binding | Drought / water-deficit stress","Inspect and photograph roots/crown and lower-stem lesions; submit lesion tissue for fungal morphology and molecular identification. | Do not confirm Rhizoctonia from wilted foliage alone.","Separate suspect root-zone material and preserve a fresh lesion sample. | Check irrigation/moisture and root binding concurrently.","Use confirmed root-disease sanitation and crop-appropriate management. | Correct measured root-zone stressors that may worsen disease.","Use clean media/containers and avoid moving contaminated soil. | Inspect transplants for crown lesions and bound/diseased roots.","Rhizoctonia can coexist with other root stresses/pathogens. | Canopy wilt is not organism-specific.","1","0"
"root-white-root-rot","white-root-rot-dematophora-necatrix","White root rot","Dematophora necatrix (Rosellinia necatrix)","Root pathogen","critical","reviewed","A pathogenicity-confirmed hemp root disease characterized by declining canopy tissue together with white root-surface mycelium and fan-like mycelial growth beneath root bark. Root signs are essential because yellowing and wilt are nonspecific.","roots | root bark | root crown secondarily | whole canopy","vegetative | flower | field production","Roots are covered by conspicuous white fungal mycelium | Fan-like mycelial growth occurs beneath root bark | Canopy yellowing and apical wilt progress rapidly in a plant with compatible root signs | Laboratory morphology and molecular evidence identify Dematophora/Rosellinia necatrix","No white or fan-like root mycelium is present and another root pathogen is confirmed | White cottony growth and spherical basal sclerotia support southern blight | Small black crown sclerotia support Sclerotinia crown rot | Wilt occurs with physically healthy roots and a measured water deficit explains symptoms","Southern blight | Sclerotinia crown rot | Pythium root rot | Fusarium crown/root rot | Rhizoctonia root rot","Expose and photograph roots before cleaning, then inspect beneath bark for fan-like mycelium. | Use culture and molecular identification for organism-level confirmation.","Isolate affected root-zone soil, tools, and debris from clean production areas. | Preserve representative colonized roots for laboratory diagnosis.","Base sanitation, culling, soil/root-zone management, and crop-protection decisions on confirmed disease and locally legal options.","Avoid moving contaminated soil and infected root debris. | Inspect planting sites with a history of susceptible perennial crops or unexplained root-rot mortality.","Canopy wilt or chlorosis cannot diagnose white root rot. | White fungal growth must be interpreted at the root/crown location and distinguished from other soilborne fungi.","1","0"
"stress-drought-water-deficit","drought-water-deficit-stress","Drought / water-deficit stress","","Water / root-zone","moderate","reviewed","A water-availability stress state that can reduce Cannabis leaf area, growth, photosynthesis, and biomass. Genotypes differ markedly in stomatal behavior, leaf shedding, and visual response, so moisture and plant-water evidence are more reliable than a generic wilt appearance.","root zone | leaves | shoots | whole canopy | flowers and yield secondarily","vegetative | flower | all","Substrate or soil moisture is measurably below the established irrigation target while the plant shows water-deficit stress | Canopy wilt or reduced expansion coincides with a documented dry root zone and improves after appropriate rehydration | Leaf area or biomass growth declines during a sustained measured water deficit without root rot evidence","Root zone is adequately moist while wilt persists | Roots or crown are necrotic, slimy, or discolored enough to support root disease | Root-zone EC is elevated enough to create osmotic stress despite adequate water content | Heat, light, vascular damage, or another exposure explains the wilt pattern better","Salinity / elevated root-zone EC stress | Root-zone hypoxia / overwatering | Pythium root rot | Fusarium crown and root rot / wilt complex | Heat / high-light stress","Measure root-zone water content or moisture status and compare with the crop-specific irrigation target and recent irrigation history. | If the cause remains unclear, compare root health, EC, temperature/VPD, and recovery after controlled rehydration rather than relying on leaf posture alone.","Verify actual root-zone moisture before irrigating. | Check emitter function, irrigation uniformity, root volume, and drainage so a dry-looking canopy is not misread.","Restore an appropriate irrigation regime without forcing severe dry/wet oscillations. | Track new growth, leaf posture, substrate moisture, and root-zone EC after correction.","Use a repeatable irrigation/dryback monitoring method appropriate to the medium and container size. | Account for cultivar, canopy size, environment, and developmental stage when setting irrigation frequency.","Do not use one wilted photograph as proof of drought. | Cannabis genotypes can respond to water deficit by different combinations of stomatal closure, leaf shedding, and growth reduction.","2","0"
"stress-salinity-high-ec","salinity-high-ec-stress","Salinity / elevated root-zone EC stress","","Water / root-zone","moderate","reviewed","A measured root-zone stress state in which elevated dissolved salts can reduce Cannabis growth, alter water relations, and create secondary nutrient imbalance. Visual symptoms are nonspecific; diagnosis requires EC and source/root-zone chemistry context.","roots | older and newer foliage depending on severity and formulation | whole canopy | inflorescences secondarily","vegetative | flower | all","Measured irrigation or root-zone EC is elevated relative to the established crop baseline while growth declines | Growth suppression occurs together with a documented saline or high-salt root-zone exposure | Leaf nutrient imbalance appears after a measured salinity increase rather than an isolated single-element withholding pattern","EC is stable within the crop baseline and no saline/high-salt exposure is documented | Symptoms map cleanly to a single nutrient deficiency with tissue and root-zone measurements supporting that diagnosis | Wilt is explained by a dry root zone without elevated EC | Root decay or pest evidence explains the plant decline better","Potassium deficiency | Nitrogen toxicity | Drought / water-deficit stress | Root disease | General nutrient lockout from abnormal pH","Measure input and representative root-zone/runoff EC using a method appropriate to the medium and compare with the crop baseline. | Review fertilizer concentration, source-water chemistry, sodium/chloride exposure, irrigation volume, and recirculation history; use tissue or water analysis when the salt source is uncertain.","Verify EC with a calibrated meter before making a large corrective change. | Check root-zone moisture and drainage so osmotic stress is not confused with simple drought or hypoxia.","Correct the documented salt source and root-zone chemistry gradually using a medium-appropriate plan rather than adding another nutrient by symptom color. | Trend EC and new growth after correction; old necrotic tissue will not recover.","Track input and root-zone EC over time. | Account for source-water salts, fertilizer formulation, irrigation frequency, and recirculation when setting a crop baseline.","The EC values used in published salinity experiments are experimental treatment levels, not universal Cannabis toxicity thresholds. | Do not diagnose “nutrient burn” from brown tips alone; elevated EC must be measured in context.","2","0"
"viroid-hplvd","hop-latent-viroid","Hop latent viroid","Hop latent viroid (HLVd)","Viroid","critical","reviewed","A systemic viroid that may remain asymptomatic or produce stunting, brittle stems, short internodes, weak rooting, and reduced reproductive performance.","whole plant | stem | roots | flower","all","Short internodes | Brittle stems or leaves | Stunted growth | Weak flower production","Symptoms resolve after correcting a measured root-zone problem | One branch alone is mechanically damaged | No comparison with a healthy clone exists","Genetic dwarfism | Root disease | Chronic environmental stress","Use a validated RT-PCR or equivalent laboratory test. | Retest representative tissue when timing or sampling may affect detection.","Quarantine suspect plants and stop sharing tools or propagation material.","Base culling and sanitation decisions on validated testing and facility protocol.","Test mother stock and incoming clones. | Disinfect tools between plants with a validated viroid protocol.","HLVd cannot be confirmed from a photograph. | Do not label a plant infected without laboratory evidence.","1","1"
"virus-bctv","beet-curly-top-virus","Beet curly top virus disease","Beet curly top virus (BCTV)","Virus","high","reviewed","A beet-leafhopper-vectored viral disease of field-grown hemp that can produce uneven stunting, bushy or shortened shoots, twisted and upward-curled young leaves, and pale-green, yellow, mosaic, or fully chlorotic foliage.","young and expanding leaves | shoot tips | stems and internodes | buds | whole plant","seedling | vegetative | pre-flower | flower","Stunted or bushy plant architecture | Twisted, puckered, or upward-curled young leaves | Pale-green to yellow new foliage | Yellow mosaic or generalized chlorosis | Shortened stem growth | Symptomatic shoots beside apparently healthy shoots on the same plant","Microscopy confirms broad mites or hemp russet mites in protected new growth | Distortion follows a documented herbicide or plant-growth-regulator exposure pattern | Symptoms are uniform only on the hottest or brightest canopy surface and measured environmental stress explains the distribution | Only older leaves follow a mobile-nutrient pattern without twisted new shoots | A validated laboratory assay is negative on properly collected tissue and another cause is confirmed","Tomato spotted wilt virus | Broad mite | Hemp russet mite | Plant-growth-regulator herbicide injury | Heat or light stress | Micronutrient or root-zone disorder | Genetic or chimeric variegation","Do not confirm BCTV from an image or from beet-leafhopper presence; submit representative symptomatic tissue to a plant diagnostic laboratory using a validated BCTV-targeted molecular assay. | Sample newly symptomatic shoots rather than only old damaged leaves, and include an apparently healthy comparison when the laboratory protocol allows. | Ask the laboratory to consider other viruses or mixed infection when symptoms or assay results do not fully agree; BCTV can occur in mixed strain or mixed pathogen infections. | Record field position, onset date, affected growth stage, nearby weed hosts, and beet-leafhopper observations to support epidemiological interpretation without treating them as proof of infection.","Mark and isolate suspect propagation material; stop taking or distributing cuttings until laboratory results are available. | Scout the crop, field edges, leaf undersides, and nearby weeds for beet leafhoppers and additional symptomatic plants. | Prevent unverified symptom images from being assigned a virus ground-truth label.","Base roguing or retention decisions on laboratory confirmation and the facility or field disease protocol. | Manage beet-leafhopper exposure with locally recommended legal practices; vector control does not cure an infected plant. | Continue monitoring because visible symptoms may vary among shoots or appear to recede.","Use tested propagation material and maintain source records. | Monitor beet leafhoppers from spring onward with crop inspection and field-edge trapping appropriate to the production system. | Reduce unmanaged weed and volunteer hosts around field borders using legal, agronomically appropriate practices.","Visual symptoms are not specific enough to confirm a virus. | A beet leafhopper on a plant does not establish that the insect or plant carries BCTV. | The two institutional hemp photographs below are metadata-only license-review candidates: no reuse license is stated, so they are hidden from the public gallery and prohibited from automated training.","3","3"
"water-over","overwatering-root-hypoxia","Waterlogging or root-zone hypoxia","","Water / root-zone","high","reviewed","A persistently saturated root zone can suppress Cannabis root elongation, leaf expansion, relative chlorophyll, gas exchange, and biomass; the canopy response overlaps drought, nutrient, transplant, and root-disease injury, so exposure measurements are required.","root system | whole canopy | expanding leaves | reproductive canopy","transplant establishment | vegetative | reproductive","Root zone remains saturated or stands in water across repeated observations | Whole-plant growth and canopy expansion slow relative to a matched healthy plant | Root system is shorter or has less new growth than a matched control | Canopy greenness declines over time rather than forming discrete lesions | Leaf-area development and biomass accumulation remain depressed after drainage","Container weight or substrate-water measurement shows the root zone is dry rather than saturated | The pattern is restricted to one mechanically damaged branch | Discrete leaf lesions, fungal growth, vascular discoloration, root galls, or organisms provide a better causal explanation | Roots are brown, soft, or decayed and a laboratory test identifies Pythium, Phytophthora, Fusarium, or another pathogen | Measured salinity or pH is outside the crop target and explains the distribution better | Only canopy posture is available without irrigation, drainage, root, or time-series context","Water shortage or drought | Pythium root rot | Phytophthora root or crown rot | Fusarium wilt or crown disease | High root-zone EC or pH-related nutrient unavailability | Nitrogen deficiency | Poor transplant root establishment","Document irrigation volume and timing, drainage duration, runoff, standing water, container weight, or calibrated substrate-water content across time; a canopy photograph alone cannot confirm waterlogging. | Compare the entire plant and cleaned root system with a healthy plant of the same cultivar, age, medium, and stage, recording root length, active root tips, leaf-area expansion, and recovery after drainage is restored. | Measure root-zone pH and EC because salinity and nutrient availability can produce overlapping canopy decline. | If roots or crowns are discolored, soft, necrotic, or decayed, submit representative root and crown tissue to a plant diagnostic laboratory before assigning an abiotic-only label.","Stop adding unnecessary irrigation and remove standing water while preserving a documented sample of the pre-correction root-zone condition. | Separate drainage and runoff from healthy plants when infectious root disease remains possible. | Inspect roots, emitters, drain paths, and neighboring containers before choosing a correction.","Correct the measured cause of persistent saturation, such as blocked drainage, excessive shot size or frequency, poor container drainage, compacted media, or flooding. | Return irrigation gradually to a measured dryback pattern appropriate to the crop stage and medium, then score only new growth and root recovery. | Use laboratory results and locally legal crop protocols if a root pathogen is confirmed; drainage correction alone does not establish or cure a pathogen diagnosis.","Record irrigation input, runoff, container weight or substrate water content, and dryback duration instead of relying on a fixed calendar. | Use matched healthy controls and photograph the whole plant, root zone, and cleaned roots across time. | Keep drainage paths functional and prevent shared runoff from moving between containers.","Reduced growth, pale foliage, or leaf posture is not specific to excess water and must not be used as image-only ground truth. | The controlled waterlogging results come from one Cannabis genotype and defined seven-to-21-day treatments; symptom timing and severity should not be generalized as universal thresholds. | Brown or decayed roots cannot safely be labeled abiotic hypoxia without excluding Pythium, Phytophthora, Fusarium, and other root diseases. | No symptom photograph with adequate Cannabis-specific confirmation and reusable provenance was admitted in this batch.","2","0"
