index,relativePath,classFolder,sizeBytes,sha256,dhash,phash,ahash
0,DS-071/plants-2101397/Figure S1.png,plants-2101397,34288560,371600553ac63bde1eb68766bd6468d8e9a6f315b48fef48a06ea0c492376e92,13015294735468106391,9230791938055564875,4647573526046277503
1,DS-071/plants-2101397/Figure S2.png,plants-2101397,1205595,478d240a97259ba411ceb51c144d43068d2b4346d682b2086d20ba05440bdab0,5934293539173853387,15500559225139259451,71821091288956704
2,DS-071/plants-2101397/Figure S3.png,plants-2101397,2741147,5f52b8b30b06ad80db2090b2655b2bde3134c0d37ca72757f32d36eef910a1f0,24182840380590955,16975503140235258431,72057594028556288
3,DS-090/Hemp_growth/C1/ryb_C1_20241212_13_44.jpg,C1,5736,b21759b96c031a32c45f1115aeaa1b57913336974e4bea51fb3316f24a6a57d5,131079,16758853637879851159,18446744073709551489
4,DS-090/Hemp_growth/C1/ryb_C1_20241212_14_00.jpg,C1,5717,ef0d784e8e199e0dce60f31cb2d11e6b4aef6b0b1692dded1683223bcf550a47,131079,16759979537786693782,18446744073709551489
5,DS-090/Hemp_growth/C1/ryb_C1_20241212_15_00.jpg,C1,6407,db38785663b1921ac75954f4afac1cb54205f962a72161b4694aabd13352a59c,1245199,16759698062809983127,18446744073709551489
6,DS-090/Hemp_growth/C1/ryb_C1_20241212_16_00.jpg,C1,5787,96ff82540257e5055974725ebbecc6d8dacb80ddae31c420c3da49b9bc4481a3,131083,16831755652552943767,18446744073709551489
7,DS-090/Hemp_growth/C1/ryb_C1_20241212_17_00.jpg,C1,5846,454b802ec82870615a847990f9f03d28be8ff9f0d26774950605071350580c28,196619,16831755652552943767,18446744073709551489
8,DS-090/Hemp_growth/C1/ryb_C1_20241213_08_00.jpg,C1,5804,a95dd984b880381778dd53edd0ee222b161d1e207a05d2995cb70356bcceeaf2,131091,16759698062809983127,18446744073709551489
9,DS-090/Hemp_growth/C1/ryb_C1_20241213_09_00.jpg,C1,5878,2e4adbef0531c8b9162514e2664dbc6cc4fc0bc5a196c4fe662ce810c61d6e0a,131091,16759698062809983127,18446744073709551489
10,DS-090/Hemp_growth/C1/ryb_C1_20241213_10_00.jpg,C1,5928,f73ca91a834c67ef4d3aa6062f9a2cb72e7d674b0313677352a0d48a81cb1fd5,131091,16759698062809983127,18446744073709551489
11,DS-090/Hemp_growth/C1/ryb_C1_20241213_11_00.jpg,C1,5871,2629c3c76498b88f080caa60e1a1d049d6ca8443417a0929c6d5d8d21612fb0c,131091,16759698062809983127,18446744073709551489
12,DS-090/Hemp_growth/C1/ryb_C1_20241213_12_00.jpg,C1,6065,cf03e1eb211da70bcd478a1b03e10acf5529e23b8491a89a607a9da3b38cb32b,131095,16759698062809983127,18446744073709551489
13,DS-090/Hemp_growth/C1/ryb_C1_20241213_13_00.jpg,C1,5989,0ea66c0f7738fc1aad7370ab0eb9f73cf9302b887dcaf422ac30630543f17561,131083,16759698062809983127,18446744073709551489
14,DS-090/Hemp_growth/C1/ryb_C1_20241213_14_00.jpg,C1,5872,d3aba871f5e0f08389a7160db196d537d2d1c3538b58deebe696eb95deba1b38,131079,16759698062809983127,18446744073709551489
15,DS-090/Hemp_growth/C1/ryb_C1_20241213_15_00.jpg,C1,5682,3546a7756fd1ce9ac1fbcd59aa8885cd604e1181d82bfb85e8e22328ae8f68bd,131075,16759979537786693782,18446744073709551489
16,DS-090/Hemp_growth/C1/ryb_C1_20241213_16_00.jpg,C1,7062,1f712b98133edb19de2237ba54837f5bea5547b8a2db964430f0f8b68a382139,2164751,16831755652552943767,18446744073709551489
17,DS-090/Hemp_growth/C1/ryb_C1_20241213_17_00.jpg,C1,5859,973b91b33c1ac9a1ce8c9e0776fa4cce3d444aad575e5a5476cea5175875f083,196619,16759698062809983127,18446744073709551489
18,DS-090/Hemp_growth/C1/ryb_C1_20241214_08_00.jpg,C1,6121,be604d81cbb15bcd916ff854c790f6ae380b2ddba55f20c9fc8852302b81a4cf,1179663,16759698062809983127,18446744073709551489
19,DS-090/Hemp_growth/C1/ryb_C1_20241214_09_00.jpg,C1,14391,2efd1b4bc7048ea9230b6442883c52883d3c59bd497e53b35e15760b9122f5ee,1641735,18055542880614099158,18374403892281401344
20,DS-090/Hemp_growth/C1/ryb_C1_20241214_10_00.jpg,C1,6253,aa789157f5e9c3a26dcdfb8b7df6414579ef6df052ddd5886d754722d2d4cd7d,1245199,16759979537786693767,18446744073709551489
21,DS-090/Hemp_growth/C1/ryb_C1_20241214_11_00.jpg,C1,6233,1d4e926b5e6c48d9b84e7622709765cd16cf2591d52323d23908601e6ad0f5b9,1245191,16759698062809983127,18446744073709551489
22,DS-090/Hemp_growth/C1/ryb_C1_20241214_12_00.jpg,C1,6230,6a554b46e427ce73a85a4ea0a1ac95503260e5a0dd384ff4df3c203159d7b5d6,65559,16759698062809983127,18446744073709551489
23,DS-090/Hemp_growth/C1/ryb_C1_20241214_13_00.jpg,C1,6133,77a3997e76cc5d0f6042513d59b9769b591042b58e74e50779eb1a5c89f4211c,131095,16759979537786693782,18446744073709551489
24,DS-090/Hemp_growth/C1/ryb_C1_20241214_14_00.jpg,C1,5902,6b418fcf307b129efc46d6034a1f1ea78f738e1d46e74e19a77d93a28c8785c9,131079,16759979537786693782,18446744073709551489
25,DS-090/Hemp_growth/C1/ryb_C1_20241214_15_00.jpg,C1,6100,5018c46cd9e7d5a025d649ae10668424dac80af14017431988957362808591be,1245199,16759698062809983127,18446744073709551489
26,DS-090/Hemp_growth/C1/ryb_C1_20241214_16_00.jpg,C1,5999,875f71af8407c3bc9648aaa26d7fca6dd621736159a173bfdc048a7bcb5b472b,1245199,16759698062809983127,18446744073709551489
27,DS-090/Hemp_growth/C1/ryb_C1_20241214_17_00.jpg,C1,6132,877b69fe9a168b1ebf0582fcde57ff24647531834194e5f0ca784ad4ab2a987d,1245195,16759698062809983127,18446744073709551489
28,DS-090/Hemp_growth/C1/ryb_C1_20241215_08_00.jpg,C1,6265,40d7bd1ac517149fe25d0c5299d7e7ebb6c79b204f10d864f10ceed6333dd2e2,2228239,16759698062809983127,18446744073709551489
29,DS-090/Hemp_growth/C1/ryb_C1_20241215_09_00.jpg,C1,14282,4325a19b8bf4b8d9464c71d30de25e8164cfa77b17ef0544f49b7e7a328db31a,1350110215,17479992523938474390,18374685375864816640
30,DS-090/Hemp_growth/C1/ryb_C1_20241215_10_00.jpg,C1,6417,56c04bcf379d8fb1abe2f05c1c19d5e4421fd0fd56747b3109d7a5ff139ee079,2295823,16755475938159323287,18446744073709551489
31,DS-090/Hemp_growth/C1/ryb_C1_20241215_11_00.jpg,C1,6337,d3bb6ad55efbf02580ae3c063746b841bb5c98020ea98ee9423e1928222f5cb5,1245207,16759698062809983127,18446744073709551489
32,DS-090/Hemp_growth/C1/ryb_C1_20241215_12_00.jpg,C1,6533,981ed94794068313a1dda984262a3b71e8f6be70498a6427691ee6db4073fe65,1114135,16759979537786693767,18446744073709551489
33,DS-090/Hemp_growth/C1/ryb_C1_20241215_13_00.jpg,C1,6535,1fb7f81c595d738500dc913cdc7181413cbba10886b0e5b843d09276b1e4bc59,1245207,16759979537786693782,18446744073709551489
34,DS-090/Hemp_growth/C1/ryb_C1_20241215_14_00.jpg,C1,6560,fe30f54ce599626118f2e9e2fae34f0f2a8d1570c0d05f1a42ac49f205c91d2a,2295815,16759698062809983127,18446744073709551489
35,DS-090/Hemp_growth/C1/ryb_C1_20241215_15_00.jpg,C1,7539,4bf07fa8aaf482e84ec84626fd7e60f3c0caf5dd000d671fa86e9377eb6ef759,2231311,16759698062809983127,18446744073709545344
36,DS-090/Hemp_growth/C1/ryb_C1_20241215_16_00.jpg,C1,7887,bfb836e004bf13775e3d8adaec025d946ce2c7b361e3b5c4a1235ae861a6c013,2247695,16831755652552943767,18446744073709545216
37,DS-090/Hemp_growth/C1/ryb_C1_20241216_10_00.jpg,C1,7567,fcb4d7a917b54bb6a4913d50b20a5831b2c530a107a4075e1947fd2bca6e0690,136386575,17908414966232476819,18446744073709547393
38,DS-090/Hemp_growth/C1/ryb_C1_20241216_11_00.jpg,C1,6928,906bb14299128cd61045761511c537b5f62bd78b8060f1a886a219aba8a00058,2299911,17908414966232476819,18446744073709551489
39,DS-090/Hemp_growth/C1/ryb_C1_20241216_12_00.jpg,C1,7115,f5995fc81bd2b5bb7b223454c6f392745179ea0a85543b6941e9dc9eb4409026,2164743,17908414949119716499,18446744073709551489
40,DS-090/Hemp_growth/C1/ryb_C1_20241216_13_00.jpg,C1,7207,b9804bd2e898a7f33ffa2f1e87e6a230e9e96838b00c1abd4fcf00348d2aef45,2164743,17908414949119716499,18446744073709551489
41,DS-090/Hemp_growth/C1/ryb_C1_20241216_14_00.jpg,C1,7048,a49fdbda86d60c4ffbc5c81f951de1677abaa2ebbc56205471ffdde4551376b0,2295823,17908414949119716499,18446744073709551489
42,DS-090/Hemp_growth/C1/ryb_C1_20241216_15_00.jpg,C1,8622,a0fc76549e95a5df6d38b2857a39d5595fde5275e3a87545c038e41fcee54150,134351887,17980191068449352851,18446744073709545344
43,DS-090/Hemp_growth/C1/ryb_C1_20241216_16_00.jpg,C1,10204,c70a0b90c9d5e76bd0778e5e83d68c1cf08b395002544ba9d2576abfb852129d,19008527,17980192437201759379,18446744073709535232
44,DS-090/Hemp_growth/C1/ryb_C1_20241216_17_00.jpg,C1,8559,11fe9060765da979a9336efa9e07e824cfbdffbcd2c459e7e8c666eecd551910,134351887,13386450179030477971,18446744073709547393
45,DS-090/Hemp_growth/C1/ryb_C1_20241217_08_00.jpg,C1,7162,03cd1436d30c250cb82efeb3abdef994880a5250ed12635a8971d0149a480de9,2234407,13314673029177109651,18446744073709547393
46,DS-090/Hemp_growth/C1/ryb_C1_20241217_09_00.jpg,C1,7346,e1de14cadae82bcfaf9a7d3f7fdf8126dbd829334720a82864fbd88ec09774ac,136448039,13314673029177109651,18446744073709547393
47,DS-090/Hemp_growth/C1/ryb_C1_20241217_10_00.jpg,C1,7340,fefa4eb80301a9a77241757a9dee7aeb4757540c0ec6d87accb19d3900c7e338,136452111,13386449148238326931,18446744073709547393
48,DS-090/Hemp_growth/C1/ryb_C1_20241217_11_00.jpg,C1,7138,694065fd5570d5e72bcd3f3b04fc6af6133374e3b0c9ce6c20404da924461b7d,2234375,13386449148238326931,18446744073709547393
49,DS-090/Hemp_growth/C1/ryb_C1_20241217_12_00.jpg,C1,7485,a37f4aca21dfe7a2999e09a3518842e7089b300df6c899f1311eebc52818007e,136517647,13314743329201810579,18446744073709547393
50,DS-090/Hemp_growth/C1/ryb_C1_20241217_13_00.jpg,C1,7540,51881042606dcc4a9d3fa4a7e4356e15df0e38dba2b105f85e2ecc33ba51425e,136513543,13296728999411805331,18446744073709547393
51,DS-090/Hemp_growth/C1/ryb_C1_20241217_14_00.jpg,C1,7684,223ff8a413c66fff4ebf176eed966a53d7b317b7f879331a6faec17ed528f9ce,136517647,13386449148238326931,18446744073709547393
52,DS-090/Hemp_growth/C1/ryb_C1_20241217_15_00.jpg,C1,7303,688a5ca45ce6a165819b7fde7774a31b6b4c15a6687607b7697353cc988b7c0c,2230287,13386449148238326931,18446744073709547393
53,DS-090/Hemp_growth/C1/ryb_C1_20241217_16_00.jpg,C1,8397,91b19c52626a76a38f8e68c456858aa351ad6a73858f8ca88b142b89b27c7637,138483727,13386450179030477971,18446744073709547393
54,DS-090/Hemp_growth/C1/ryb_C1_20241217_17_00.jpg,C1,8238,81684403f43e148324341d4dd77cbbbe1cfe7b74e7001ec39785f73f2e1b4b6f,138483727,13386450179030477971,18446744073709547393
55,DS-090/Hemp_growth/C1/ryb_C1_20241218_08_00.jpg,C1,7390,f90b935d01c97fab93c771043c6fd3dc9532ede1554a6ad631526d6abc5ce02c,1185799,13386449148238326931,18446744073709547393
56,DS-090/Hemp_growth/C1/ryb_C1_20241218_09_00.jpg,C1,10048,d2286d97a2ef1f02a6a8afd4b80ab4aa606e0b2198bcd4209dc8710767a001ae,1051663,13296728999411805331,18446744073709537152
57,DS-090/Hemp_growth/C1/ryb_C1_20241218_10_00.jpg,C1,8019,88978a89e5252dca2ae173a0076588ca59690eefa19aa186693042eb70009d6c,1116175,17908414949119716499,18446744073709547393
58,DS-090/Hemp_growth/C1/ryb_C1_20241218_11_00.jpg,C1,7629,837ae6a06425e67e9ce1b66a4850daa975b851f36ac8974aacb329c0c98026d4,1251335,13296728999411805331,18446744073709547393
59,DS-090/Hemp_growth/C1/ryb_C1_20241218_12_00.jpg,C1,7605,ff560ddfe21a9ccc2c3d9ff80f805033f21a5b54275babd6bac989dbb9983431,1181703,13296728999411805331,18446744073709547393
60,DS-090/Hemp_growth/C1/ryb_C1_20241218_13_00.jpg,C1,8136,6c9ff946c7902861eee2239ea693e94edc32446b92aa12003e6d11fc53d85f27,1247239,13296728999411805331,18446744073709547393
61,DS-090/Hemp_growth/C1/ryb_C1_20241218_14_00.jpg,C1,7749,849053af2a7746d9ca7544d29f56e97fe5fe1438515c6fc8ab4febf6d7a16d36,1185799,13386449148238326931,18446744073709547393
62,DS-090/Hemp_growth/C1/ryb_C1_20241218_15_00.jpg,C1,8247,72cfcda5e9553d178c467ae973e5b8b9c136161f79bf071f36efc3432fac2088,1116175,13386449148238326931,18446744073709547393
63,DS-090/Hemp_growth/C1/ryb_C1_20241218_16_00.jpg,C1,8479,c686919beba4757c2f77b6e092ea5ddf840676938e136ad3b09a26f8f95bdd7b,1120271,13386449148238326931,18446744073709539201
64,DS-090/Hemp_growth/C1/ryb_C1_20241218_17_00.jpg,C1,8926,3f9baaac0564ce20309a097483a9972b2b9ed774b0bf5ed851e482c6d62d995f,1182735,13386449148238326931,18446744073709537153
65,DS-090/Hemp_growth/C1/ryb_C1_20241219_13_00.jpg,C1,8051,d4663a6fd81405369334c3ffd081ce3d0534106c4126018327ada21342279421,1705999,13386449148238326919,18446744073709547393
66,DS-090/Hemp_growth/C1/ryb_C1_20241219_14_00.jpg,C1,8965,d20d2a220dd0526ed64fd2f0cbe1724ddc9acfe81d587da82236c83e5183313a,1641479,13368505118473022599,18446744073709545345
67,DS-090/Hemp_growth/C1/ryb_C1_20241219_15_00.jpg,C1,8616,c2ae32f25f85bff3135eaa9fe7bd362a26854391138c8c713ebfdb5c6b9b8dbc,1640463,13386519516982504582,18446744073709547393
68,DS-090/Hemp_growth/C1/ryb_C1_20241219_16_00.jpg,C1,8679,59b0aae3c36ad78d0e466ea901ff077d6643e5c781abe4b32634be982517d737,1640463,13386519516982504582,18446744073709545345
69,DS-090/Hemp_growth/C1/ryb_C1_20241219_17_00.jpg,C1,8803,f830a53de201a291ec7d2939f7618495a4debff36e7c19af50b43d535c62cc34,1640455,13386519516982504582,18446744073708496769
70,DS-090/Hemp_growth/C1/ryb_C1_20241220_08_00.jpg,C1,8631,234bf66b00bdf85bca1e1d526d54ca5326e73d572fd78ee3c6d9eae2f4f403d7,68721380359,13314725805735180742,18446744073706399617
71,DS-090/Hemp_growth/C1/ryb_C1_20241220_09_00.jpg,C1,15250,259419b03316ef577ea58ff86a212449ec7c48e524444bc5991538d19d8f6a55,34360536119,17642052019878767044,18446462598731187712
72,DS-090/Hemp_growth/C1/ryb_C1_20241220_10_00.jpg,C1,10220,e13ca4435d69c7135547e948cde2696254cd22f2e0671b398f30b7755c5a3c24,34361641991,17908397425586305159,18446744073706399617
73,DS-090/Hemp_growth/C1/ryb_C1_20241220_11_00.jpg,C1,8846,352ff36ee5c665bc5d906c6c0a59b2f99285b17735afbb3b7a0cc8be0abebdc3,68721248295,13386506322842970310,18446744073706399617
74,DS-090/Hemp_growth/C1/ryb_C1_20241220_12_00.jpg,C1,8897,be5cd5c5e20d60131bb263cb89b0b29b17712c708fe7bf9afb15f0f5162f47bf,68721248295,17908419415885703302,18446744073706399617
75,DS-090/Hemp_growth/C1/ryb_C1_20241220_13_00.jpg,C1,8981,32326a1affc06da43a22f947a08e956ae8dbd95e7d4e4d9c4513a075a4f31223,68721248263,13314730203781753030,18446744073706399617
76,DS-090/Hemp_growth/C1/ryb_C1_20241220_14_00.jpg,C1,9445,a6a9c03154b005bb92f46b5c913452a52254bcbae4b9ab5bb5d72d80aa4580e6,68721118215,13386506322842971270,18446744073708496769
77,DS-090/Hemp_growth/C1/ryb_C1_20241220_15_00.jpg,C1,9678,9838f657577e637ad449f6079899a2739559c1a1af19307af1b2d441510198a4,68721183751,13368491924333488582,18446744073708488576
78,DS-090/Hemp_growth/C1/ryb_C1_20241220_16_00.jpg,C1,10722,275e86fc04f67571c03720287988cb3d84191635f18d07ca46680c6f3baa882f,68721249551,13386435954098792902,18446744073706374912
79,DS-090/Hemp_growth/C1/ryb_C1_20241220_17_00.jpg,C1,9605,11061d1f6b9b361465b3d88d9596651318eae864aed5026e0978301cf6437ad1,34361510927,13386435954098792902,18446744073706399617
80,DS-090/Hemp_growth/C1/ryb_C1_20241221_08_00.jpg,C1,8790,9e795fd3046c8a7724e74b3d7905c36ee5ae3a2723a1dbbada0a6177b4ff5c31,68721510439,13313604303874832839,18446744073705875329
81,DS-090/Hemp_growth/C1/ryb_C1_20241221_09_00.jpg,C1,13433,8c411432c24e11145b1e8bda9b07cd9424a78ed7e7bc5e5e2de7805ed5a93a13,34394083111,17064535458309355974,18446744073705867008
82,DS-090/Hemp_growth/C1/ryb_C1_20241221_10_00.jpg,C1,10108,b5668b577532e7270e92af43b9881730d7ee5e628058c98917461b2fc547de9c,34361642023,17908401823699859590,18446744073705875329
83,DS-090/Hemp_growth/C1/ryb_C1_20241221_11_00.jpg,C1,9299,f595dfbb5cab98bec6e29707d0e9decdeb203ae279ed47221404b93de68e3311,68721444903,13314730203781675462,18446744073706399617
84,DS-090/Hemp_growth/C1/ryb_C1_20241221_12_00.jpg,C1,9563,a80da75324e680e0b458dd501e0a77aa0f82782b5e9f7cb0fbbc2f408dfaef83,68721248295,13296715805272275142,18446744073706399617
85,DS-090/Hemp_growth/C1/ryb_C1_20241221_13_00.jpg,C1,9757,658c8f5ed5fc1444879e4a4f132c630cb2026892dd4a493e91324dae0f6da9ce,68721249319,13313604303874914502,18446744073706399617
86,DS-090/Hemp_growth/C1/ryb_C1_20241221_14_00.jpg,C1,10068,79d941b196d697380768b8e2c43f7cdb09e104414cf4c83b5dbe5c9228b80312,68721118247,13296715805272275142,18446744073706399617
87,DS-090/Hemp_growth/C1/ryb_C1_20241221_15_00.jpg,C1,10749,4fb1775a4abd13ffa324d877b7ae29fc08318e463081774f484d0271560099f6,34361707559,13368491924333476294,18446744073706391424
88,DS-090/Hemp_growth/C1/ryb_C1_20241221_16_00.jpg,C1,10956,9c5ba5413097047e9b70cd71e9b05e8edd5597b684dc2db22ec8e5d7e624e56a,34361707791,13386435954098731462,18446744073706391296
89,DS-090/Hemp_growth/C1/ryb_C1_20241221_17_00.jpg,C1,10468,aa339f62385ff23fc855f1dccd9cad8cd9928df9978d59f8657525eee72fd97b,68721380367,13386435954098731462,18446744073706391425
90,DS-090/Hemp_growth/C1/ryb_C1_20241222_08_00.jpg,C1,9282,bae73193afae3a79dac36128286592a136e991eede2ef6c814efb1d551245773,2034703,13313604299596904647,18446744073705875329
91,DS-090/Hemp_growth/C1/ryb_C1_20241222_09_00.jpg,C1,14245,42baa5d442c761b0911f3e17ab95fc2b719628d90d7e97fb21055ae05b5c2d27,154921611015,12596969026007480515,18446744073705874177
92,DS-090/Hemp_growth/C1/ryb_C1_20241222_10_00.jpg,C1,10621,abc9d189fe4419e4e69acc0753295d01dbc600fb89f8967e285d13d2f68e72c8,137709308935,17907275923741636807,18446744073705875329
93,DS-090/Hemp_growth/C1/ryb_C1_20241222_11_00.jpg,C1,9929,8ecb6f8174d204bf82593da5ddddcf672da8f1a0d30caa408c7f9b4671496f09,137440988199,13313604299596904647,18446744073705875329
94,DS-090/Hemp_growth/C1/ryb_C1_20241222_12_00.jpg,C1,9960,70b2be39c7f0ec15e725630493e5bf6b00a5cc09644b4abec80bc6eed079f71d,137440988199,13313604303875094727,18446744073705875329
95,DS-090/Hemp_growth/C1/ryb_C1_20241222_13_00.jpg,C1,10166,93296748c46446cffc6e2678520a3aed0a61726f218945a96ca438959eaf1054,2034727,13313604303874832839,18446744073705875329
96,DS-090/Hemp_growth/C1/ryb_C1_20241222_14_00.jpg,C1,10608,9bdd81c263052d8d9b2ff0524f5aecba5e7c50b584a3feb8de8c133d2492b64d,1903623,13314730203781675462,18446744073705875329
97,DS-090/Hemp_growth/C1/ryb_C1_20241222_15_00.jpg,C1,10744,420d1b504e33e1c51da523ca61fb8e1f5ded5bf01e12e668a34cd4983aca56b2,1903623,13386506322842892742,18446744073705875329
98,DS-090/Hemp_growth/C1/ryb_C1_20241222_16_00.jpg,C1,11253,dbb773e7e1650674da4ad7d7b80d003f457b188d73e42b6d983d33a0b5a34fc8,137440922639,13386435954115492294,18446744073705867137
99,DS-090/Hemp_growth/C1/ryb_C1_20241222_17_00.jpg,C1,11163,48d47e69d27f6b312ed494bcea40c268c151bd46ec6e009528325ce86040e7a5,137440857103,13314378360077826502,18446744073705867137
100,DS-090/Hemp_growth/C1/ryb_C1_20241223_08_00.jpg,C1,10111,8e0b8396db853c3d89aeb21854913d8e90a39ff48b69bac1a9d0542676d93553,404704271,13601834675751762115,18446744073701681025
101,DS-090/Hemp_growth/C1/ryb_C1_20241223_09_00.jpg,C1,14896,5bb7f4bc284ad5fa122c2ae937cacec695b97ecfa4d94273cf446736692207d5,440143623,12596898657263302855,18446744073701680897
102,DS-090/Hemp_growth/C1/ryb_C1_20241223_10_00.jpg,C1,11693,906ca5174062ae5e347e811b5759eea397dc140da3e87171e87385d4490e176b,404573191,13296715805221140679,18446744073701681025
103,DS-090/Hemp_growth/C1/ryb_C1_20241223_11_00.jpg,C1,11008,17fbbe50cf3ce4d31d66cc784139c57ba0dfa76cd99e483c5ab94ad518361a83,404687911,13314730199502698695,18446744073705875329
104,DS-090/Hemp_growth/C1/ryb_C1_20241223_12_00.jpg,C1,10909,5984a55eca9e5c5c7a89b8a4e9517f1ab99aed7105677130222debac0a76263e,404687911,13313604303890823367,18446744073705875329
105,DS-090/Hemp_growth/C1/ryb_C1_20241223_13_00.jpg,C1,11102,36f8cdff6622d4c170ba53205f1af0010fb0cce5a82ebc3f67c2e8920e9aa58f,404556839,13313604303875094727,18446744073705875329
106,DS-090/Hemp_growth/C1/ryb_C1_20241223_14_00.jpg,C1,10675,9fab1b00c9aa5d456297fabeb0348539de80999b26f1f304c5d445a4230bb9e8,136252455,13313604303875094727,18446744073705875329
107,DS-090/Hemp_growth/C1/ryb_C1_20241223_15_00.jpg,C1,12152,d0f11e45e8c7a422f3f7942ed6388c8003d523bfa3eb74c095a34676c478318c,404622599,13314448728804964807,18446744073705867136
108,DS-090/Hemp_growth/C1/ryb_C1_20241223_16_00.jpg,C1,13430,f296278ac1ad6ba81b33fc419e3d921b2d2db67032896c9957198f64059ccce9,438242575,13386506318547139015,18446744073705849600
109,DS-090/Hemp_growth/C1/ryb_C1_20241223_17_00.jpg,C1,11828,04602e7bc3efcc976a231cd1cc806ccbed9320a9903fb5826dd57485f151fcad,404687887,13314730199502698947,18446744073705875329
110,DS-090/Hemp_growth/C1/ryb_C1_20241224_08_00.jpg,C1,11318,86515ebf5c0d2f730ed744abe5fbb6d75e0284cbf55eff04389e18a48a747437,406801447,13601835775196281027,18446744073433245569
111,DS-090/Hemp_growth/C1/ryb_C1_20241224_09_00.jpg,C1,16119,c1b5423c2d1f18de227302eac9bbe758dd1cf0daac9eb8d83e41349a4c384eed,2554089223,13601834692864522435,18446744073701680897
112,DS-090/Hemp_growth/C1/ryb_C1_20241224_10_00.jpg,C1,14296,8df07d74ade97216ed272c8975a0c6e82892f7b4818ac9794dbe745bd1f1ed16,8796497595399,13296715805221140679,18446744073433245569
113,DS-090/Hemp_growth/C1/ryb_C1_20241224_11_00.jpg,C1,12405,cb259bb91de479e9d4439bbf77943901587dba11763c6778e2b073dea6e2fb82,17592590740519,13314730199502698695,18446744073433245569
114,DS-090/Hemp_growth/C1/ryb_C1_20241224_12_00.jpg,C1,12383,b8b89da5a0a11ba5c806262f89d92bcd1b563a785c1cd3b629baf4fac639668b,17592590740519,13313604303890823367,18446744073433245569
115,DS-090/Hemp_growth/C1/ryb_C1_20241224_13_00.jpg,C1,12206,88caf8d8544d41b3d1d8720539ea99cb61a24e71e7fda1f3cdc195744af65607,404687911,13313604303890823367,18446744073437439873
116,DS-090/Hemp_growth/C1/ryb_C1_20241224_14_00.jpg,C1,12182,adc724a31f6f740190b81e0afaa9452ee5aeb39dece55192c9abcc4c8dfe4d97,136121383,13313604303874046407,18446744073437439873
117,DS-090/Hemp_growth/C1/ryb_C1_20241224_15_00.jpg,C1,13271,b6bab2c3e212b05ace4e82d1a368078a40802882b01b0903cc7c54f70ca6ab78,8796497644807,13314448728820955587,18446744073437431681
118,DS-090/Hemp_growth/C1/ryb_C1_20241224_16_00.jpg,C1,14259,027dcc7d4e426bd7a37b4608c178047f90c0591d8d1b1a9152f3d67569376d92,8796564819215,13386506318563916227,18446744073433219840
119,DS-090/Hemp_growth/C1/ryb_C1_20241224_17_00.jpg,C1,13526,6394565265d7ce0d38a14f2c4b2440d9fffdc21321c67546862c0bdb04c6512d,8796564687887,13314730199502698947,18446744073433237377
120,DS-090/Hemp_growth/C1/ryb_C1_20241225_08_00.jpg,C1,12322,b3530f83d008ba7b84cbab24be5ab57aa00b65d1fc89c8494e923840d196bb21,17592659954735,13601834675684718787,18446744072896374657
121,DS-090/Hemp_growth/C1/ryb_C1_20241225_09_00.jpg,C1,17270,8c61dbe8b6c59725cbb643808b28e058f9c3fd9f8056e57b86b15e55b73a9f58,17592592650007,13601834692864522435,18446744072896374657
122,DS-090/Hemp_growth/C1/ryb_C1_20241225_10_00.jpg,C1,15592,384c60f22c1ad4741b40a83a7dd1b3123cb8c4e64305caf492f39066682fbca3,8796566801415,13313604303827974339,18446744072896374657
123,DS-090/Hemp_growth/C1/ryb_C1_20241225_11_00.jpg,C1,13511,cb48dea3b415dadd7d3fbcd7a4a82facdb6d95d1e190caf1bf31663727454061,8796499815463,13601834675751762115,18446744072896374657
124,DS-090/Hemp_growth/C1/ryb_C1_20241225_12_00.jpg,C1,13549,9fd08211da988c6af49c3f2b06d7031831fd026653911d5ebd7fa10063bf24d9,8796497718311,13313604303895017667,18446744073433249665
125,DS-090/Hemp_growth/C1/ryb_C1_20241225_13_00.jpg,C1,13705,8a52b978d0e6f8d8829495d637215d847d44ec864c3897ce7be26f7ebf35b6f3,8796296383527,13313604303895017667,18446744073433245569
126,DS-090/Hemp_growth/C1/ryb_C1_20241225_14_00.jpg,C1,13623,33fa4d430515b2b6ab62bf67e175deb0723f5344a4114e2abeb3c79db331bfdd,8796296252455,12737143551587400135,18446744073437439873
127,DS-090/Hemp_growth/C1/ryb_C1_20241225_15_00.jpg,C1,13612,14918b3b9f60fdf53b975c4dc0cab3d883fd9f7f797d54ce9fdd55d7ef849b9e,8796296383495,13314730203797665987,18446744073303222145
128,DS-090/Hemp_growth/C1/ryb_C1_20241225_16_00.jpg,C1,16048,da70c997ae101c5edabb0cc2eeeadd2da280918304fbaad0be3c8e2cddaeb846,8796296383759,13314730199506892995,18446744072896348928
129,DS-090/Hemp_growth/C1/ryb_C1_20241225_17_00.jpg,C1,14132,92eac55d41b3983474171ebf2302d4e83d688d49f4f0371f7c63c5d3a60b8fef,8796296383503,13314730199506892995,18446744072762156929
130,DS-090/Hemp_growth/C1/ryb_C1_20241226_08_00.jpg,C1,12435,47647cf57740f90d8157616afa5abc731afeb2294a3e587548cc6a1b08221164,34833648687,13601835775196281027,18446744072896374657
131,DS-090/Hemp_growth/C1/ryb_C1_20241226_09_00.jpg,C1,10964,48ae65b9a26d7e97cd1cbfb065b40f4883ba93d82918577a2bf2530622fb992a,406734887,13601834680029755587,18446744073702211457
132,DS-090/Hemp_growth/C1/ryb_C1_20241226_10_00.jpg,C1,13664,f9bbc6fa7052ab9613531488f8da74251105b914e4156876a72d4ad2450c1b7c,473910311,13601835775196281027,18446744072896374657
133,DS-090/Hemp_growth/C1/ryb_C1_20241226_11_00.jpg,C1,13408,e138504a435851ff53a57327145a542e669f9775e7fab58da4fd85c00dcca553,473844775,13601835775196281027,18446744072896374657
134,DS-090/Hemp_growth/C1/ryb_C1_20241226_12_00.jpg,C1,14660,cca04ee7d536eea182567359bcff2fc8f6b9b1e2c6c8d7b2f0d560efba14a975,473910287,13601835775196281027,18446744072762156929
135,DS-090/Hemp_growth/C1/ryb_C1_20241226_13_00.jpg,C1,13675,689a2bb76116f692df7ef92cc1c930eabab33705f7172b64c7f9a9ba5975ed95,473844775,13601835775196281027,18446744072896374657
136,DS-090/Hemp_growth/C1/ryb_C1_20241226_14_00.jpg,C1,13993,0fb8ad41c86cfadb57decd96610e98a9c5b55f87d738bac332000b9f5bbb9a8b,473910279,13601834675751762115,18446744072762156929
137,DS-090/Hemp_growth/C1/ryb_C1_20241226_15_00.jpg,C1,16595,658af42cf38bd49aee3c5376730d9a9b90e84a66294255af9009ee9bd262ecb5,137910750983,13601835775179504067,18446744072762132353
138,DS-090/Hemp_growth/C1/ryb_C1_20241226_16_00.jpg,C1,15336,df5c089e5dd17215676fade63e1d99df8fc19f74d9067ce5357f76db33bdcb3e,70506657025039,13601835775196019907,18446744071688415105
139,DS-090/Hemp_growth/C1/ryb_C1_20241226_17_00.jpg,C1,15756,134601981e3881e0967672f22fb52b5d43a19fa48143f24d39097de8d3d0b92a,137912847407,13601835775196019139,18446744071688415105
140,DS-090/Hemp_growth/C1/ryb_C1_20241227_08_00.jpg,C1,12301,b4d019648db587d2f0947336863fc5eb0e584526478483331e23440867bdc2ba,189989275687,13605987530080206034,18446744073165340417
141,DS-090/Hemp_growth/C1/ryb_C1_20241227_09_00.jpg,C1,14444,604dee3c777b8c159d11d180d2050ac1bccc58e7b1cb4b8498d65bbd085f4ae5,189989211175,13601831394312666307,18446744071688939393
142,DS-090/Hemp_growth/C1/ryb_C1_20241227_10_00.jpg,C1,14314,b4a733a3681bfc8f4617ab9dabd0c2f25ca7f80e7bdba2656215f19fc86d66b0,189989276711,13601835792359176387,18446744071688939393
143,DS-090/Hemp_growth/C1/ryb_C1_20241227_11_00.jpg,C1,13756,d8a63156c863453b37a0ad40ba8318b687c746b02a3a4e688b6d1162bf294f1b,189989276711,13601835775179308227,18446744071823157121
144,DS-090/Hemp_growth/C1/ryb_C1_20241227_12_00.jpg,C1,14746,5a3edfe85e2bf3381038d9e6d26ac2b74d73e9c442a4ecc3ae844456318ff2a3,172809407495,13601831394312666562,18446744071688939393
145,DS-090/Hemp_growth/C1/ryb_C1_20241227_13_00.jpg,C1,15010,3552d334b03e7d97de8060c9f092c3eea5c966709a38a2d5e9cd0b332978f01d,241528884247,13601831394312666562,18446744071688939393
146,DS-090/Hemp_growth/C1/ryb_C1_20241227_14_00.jpg,C1,15544,d1cfcd9433d8ec5af233c4067550581fe4192f1421655d61a42917c5a25895e7,189989342223,13601831394312666562,18446744071688939393
147,DS-090/Hemp_growth/C1/ryb_C1_20241227_15_00.jpg,C1,16294,63f7ab66149892988bf94c423620768eaa0373b90b5e4dd9d451f471696e33fe,240723512327,13601835775246416322,18446744071688939393
148,DS-090/Hemp_growth/C1/ryb_C1_20241227_16_00.jpg,C1,15855,38edd0c8202e018eccb47877aad38ab33e5f7a606b5590bac3f356d48748b8ff,189989342223,13601549919335955907,18446744071688939393
149,DS-090/Hemp_growth/C1/ryb_C1_20241227_17_00.jpg,C1,17653,b4f8021c16c3065aae33712589aa383efb626ea4ab5ea1ad0cda91ee8bd5002b,9007440280243215,13601835775179504067,18446744071688398721
150,DS-090/Hemp_growth/C1/ryb_C1_20241228_08_00.jpg,C1,15127,be79073e8339f2487d4dc133d5c60f584083c297effa3264253f950fea1a805a,189485894671,13601554300269903298,18446744072762681217
151,DS-090/Hemp_growth/C1/ryb_C1_20241228_09_00.jpg,C1,11653,0033c53bce5cc6231c6de971dcfc850923fd1fb502487bf0e60de7afcd9d6c44,34699102247,13601834680029756610,18446744073165340545
152,DS-090/Hemp_growth/C1/ryb_C1_20241228_10_00.jpg,C1,15016,30918f89fd3895213a8d2b0959e1017cb952591e5469ceb8d6e22e882a06b30d,189351742503,13601831394379774147,18446744069944108929
153,DS-090/Hemp_growth/C1/ryb_C1_20241228_11_00.jpg,C1,16815,078a8dccdcb415aa7814eb96e978eacb41223185fa992cfaf03718bedbf6115b,9007388606417927,13601831394380036290,18446743932102502273
154,DS-090/Hemp_growth/C1/ryb_C1_20241228_12_00.jpg,C1,16821,b5293d645138c1bed428ea392d25b72e5c37f9d1b5e5b230af49920e5d9fce55,9007457997048871,13601831394379774147,18446743657224595329
155,DS-090/Hemp_growth/C1/ryb_C1_20241228_13_00.jpg,C1,17116,e5b3329ec2be8b0478e5155c7bef68509cce66595a98e2bd51997af36a3f4c32,9007457695058951,13601831394380757187,18446743657224595329
156,DS-090/Hemp_growth/C1/ryb_C1_20241228_14_00.jpg,C1,17624,0c8fb8c6e07b8bab67dae70ac89d68f12bd4972c009c91af8ac6e247bf7c2a44,9007457728678919,13601831377200888259,18446743657224595329
157,DS-090/Hemp_growth/C1/ryb_C1_20241228_15_00.jpg,C1,17635,85205bc303e314a3eba9fc857654e63f3ec176b2f079b0cf54dea98eda85d819,9007457695124487,13601831393307015367,18446743934249985921
158,DS-090/Hemp_growth/C1/ryb_C1_20241228_16_00.jpg,C1,18687,344623cf3b98e3e35c915f951192767ddcd5e5739d4be2af9eef2f5dfa6c800c,9007458802289671,13745102157526481347,18446743657224578945
159,DS-090/Hemp_growth/C1/ryb_C1_20241228_17_00.jpg,C1,19217,e16bc4ce77771f6febd21e34f63d32d6b3a2fb1c1b31e8cb952d332d807b92ec,4503858638179343,13601549919404046787,18446743657224578945
160,DS-090/Hemp_growth/C1/ryb_C1_20241229_08_00.jpg,C1,15056,e3a4b120901865f7de132c4f4de04a34b5bfdc90f4ac0ffbfdd8f21fa7edd48b,52942287490055,13601549923631185090,18446743933578897281
161,DS-090/Hemp_growth/C1/ryb_C1_20241229_09_00.jpg,C1,21925,e4bce698dd9c03394abf22a5380e38291fbb402c2309b1e82adbdd94b2d3c684,52942438027015,13745385835749391552,18446743658432537473
162,DS-090/Hemp_growth/C1/ryb_C1_20241229_10_00.jpg,C1,21881,c034706d601188606677a2aae68d12e2ea9e2c5446efa0fde486ef549e321b6d,1178911987682567,13745383636727183553,18446743658298320769
163,DS-090/Hemp_growth/C1/ryb_C1_20241229_11_00.jpg,C1,18303,5afd727ef10e07b122193a5391d81edaa81781bfcec2854652f637db679723c4,53037850512423,13601831398604683459,18446743624743888769
164,DS-090/Hemp_growth/C1/ryb_C1_20241229_12_00.jpg,C1,19534,70e666acf7865d293faabd05a18254097f63192a49c2a61e974753fd101b468d,2304768676285479,13601831381491923139,18446743554950670209
165,DS-090/Hemp_growth/C1/ryb_C1_20241229_13_00.jpg,C1,19606,fbe5fa9a360af9202d88387e64a0b06a48d720d48948c4d7963aaa2c755957e0,2304766663019559,13601831377197021379,18446743554682234753
166,DS-090/Hemp_growth/C1/ryb_C1_20241229_14_00.jpg,C1,18883,1e340b971679be330c97777957d5728700c841f794d81e9e409e06f4767e0744,2269651010472999,13601831377196710087,18446743591189473153
167,DS-090/Hemp_growth/C1/ryb_C1_20241229_15_00.jpg,C1,21797,535ff94e53d77a81436ba76ee590afc5e635d7ed57987d966bf96e36dbad0588,2304835382627591,13601831377196972227,18446743657224046465
168,DS-090/Hemp_growth/C1/ryb_C1_20241229_16_00.jpg,C1,22018,43f975ce10e9029f1215a3253d71820f13afcdcedc3dd67c25f7dbb63f376b37,2304835382562055,13745102157523073219,18446743657224046465
169,DS-090/Hemp_growth/C1/ryb_C1_20241229_17_00.jpg,C1,21567,d296d010138a2631aad7c2b6f3bae7eaf7511c547da2e34a69c2627927fd7b99,2304835382496271,13745102157539326147,18446743589041440641
170,DS-090/Hemp_growth/C1/ryb_C1_20241230_08_00.jpg,C1,17497,afaa1c2c6547839d144a4c78015be48b6c683bba4aa2843236ae39c00ce4b79f,2307022126285999143,13601549923628039362,18446637524019292033
171,DS-090/Hemp_growth/C1/ryb_C1_20241230_09_00.jpg,C1,19591,c37c3d962e1533721b4b37afd4686b5cb1debb8133aed6a634326eb606506fe3,2307022126017563687,13601831381424880834,18446637521871808385
172,DS-090/Hemp_growth/C1/ryb_C1_20241230_10_00.jpg,C1,22442,26e3fd27028f533805e0fe7fc4c0ea13a271afd20346ef4295191808d02c11f0,1154100655770389511,13747072465045503168,18446637452883896193
173,DS-090/Hemp_growth/C1/ryb_C1_20241230_11_00.jpg,C1,21364,5a7f2f3ff90380759e93b973b616b93806e9c297fcf4b194d03f57fe7ae34c9f,1154100656844131367,13745946582452746432,18446637453152331649
174,DS-090/Hemp_growth/C1/ryb_C1_20241230_12_00.jpg,C1,21713,f02e4aa581f1547c91c96ed7d949b8fb2c569777dbde37154e68794dd0e5d601,2307022161450978343,13745946565155961024,18446637452883888001
175,DS-090/Hemp_growth/C1/ryb_C1_20241230_13_00.jpg,C1,22036,79704fdc643b4ee85b8f3434292c59b281bec0883624323084a0aa88670da647,1154100725563608103,13745665090313468096,18446708440103356289
176,DS-090/Hemp_growth/C1/ryb_C1_20241230_14_00.jpg,C1,21309,1661cc289e95dead3b1b69d61c9e6930366062043a871c7398430842cc43507d,2308148121487494151,13745946565272877250,18446708474731538305
177,DS-090/Hemp_growth/C1/ryb_C1_20241230_15_00.jpg,C1,21462,eb13e1d3ee0a3dc21162dbfc49fe827d020b001c96b2524c412fbad6e9f137b3,2308148130077297671,13745665094591658176,18446708440371799937
178,DS-090/Hemp_growth/C1/ryb_C1_20241230_16_00.jpg,C1,24092,4f679e7b4da207c14d2342741d094cd2f55ef095a4bc949fc39d55ef38be9e0d,1154100655770520839,13745665094591658176,18446638071358654337
179,DS-090/Hemp_growth/C1/ryb_C1_20241230_17_00.jpg,C1,21879,ab4f16e1b2e6ce10be13910afc9c5aa7cf772d357567c8d005b62762ce442d0e,2307022160377236487,13601549906515279296,18446637521603372929
180,DS-090/Hemp_growth/C1/ryb_C1_20241231_08_00.jpg,C1,15838,9fb6d0a21924d57192f5e2679d69951a136a2f0ce38ed43b162b22478c1aca75,9223496206611565607,12453418145074592976,18446497198974648065
181,DS-090/Hemp_growth/C1/ryb_C1_20241231_09_00.jpg,C1,21543,da1ddd59ad24baa413cb78c214c5ce3dc3b766cc926823e36c64ab41631d5703,4617439653358619687,13601848969181740482,18446496921822373761
182,DS-090/Hemp_growth/C1/ryb_C1_20241231_10_00.jpg,C1,25723,275b8d9a3f4b8d1c4bf2f1ef0a73b36c0f4850563c5ffebdad9fb905a9f6ddb3,4612935538335239431,13745946839949458880,18446496852230514561
183,DS-090/Hemp_growth/C1/ryb_C1_20241231_11_00.jpg,C1,23682,1723bf4b9d0b5a74b90e244f3391259e3131fe68397adc716564b15cacd74f3b,2307022160377236519,13750450439576829120,18446637453153380225
184,DS-090/Hemp_growth/C1/ryb_C1_20241231_12_00.jpg,C1,24133,3a56df2cef5e107398d770e82ab849de70108032a949639719c6731bdea37567,4612865169590938663,13750450370857876672,18446637453153372033
185,DS-090/Hemp_growth/C1/ryb_C1_20241231_13_00.jpg,C1,23074,73e02e403db9f2e1c6e1bfead16557c483d01e52dfdb2df2c5ca757619299a88,4612865162074876967,13750450370941237440,18446637452884936577
186,DS-090/Hemp_growth/C1/ryb_C1_20241231_14_00.jpg,C1,24157,98f3d5b1dbc065ffd7dbb0c5ede3e356f85f02b9aa1fb81fcddc4cfa73065798,4612865170664672263,13745946771247283392,18446637453152323457
187,DS-090/Hemp_growth/C1/ryb_C1_20241231_15_00.jpg,C1,24572,8b85a80df642b4ab37ab64c1637477b7c16be73fea04b3bdffc271f384f69f18,4612865169590930439,13745964432136026304,18446637521871275905
188,DS-090/Hemp_growth/C1/ryb_C1_20241231_16_00.jpg,C1,23657,8981c6c63b465e3b3ac0e4e0d33d81fe051d75bc16e967eea5311a642641cf76,1179151163608071,13745964432135503040,18446637521871800193
189,DS-090/Hemp_growth/C1/ryb_C1_20241231_17_00.jpg,C1,24399,6f0f9774b26cfc52cc3b256afadab96dea8ee8cc78d080732275e204b7bb7e15,1179152237415431,13745964363416026560,18446637521871800193
190,DS-090/Hemp_growth/C2/ryb_C2_20241212_13_40.jpg,C2,11288,0f56fddf118d4336164ff3023e1cede967b1cadef5772076a1498bfe89305c7b,4611968592919088423,18195453728474217667,18446744073709543552
191,DS-090/Hemp_growth/C2/ryb_C2_20241212_14_00.jpg,C2,10358,eacac3deb1fb89215e167fda1c0994ca815b36ede5292cf4ff2a6ec92335b113,3345703,18195453728474217667,18446744073709544576
192,DS-090/Hemp_growth/C2/ryb_C2_20241212_15_00.jpg,C2,11499,03abb5b5f4f97caf8ba3eb8d011d1652884bec82c0819f4900be8ea16b8a0952,72057594041289775,18213468127252069570,18446744073709543424
193,DS-090/Hemp_growth/C2/ryb_C2_20241212_16_00.jpg,C2,10956,d7aa9a6f68c2e5e91ab0be06a96be90691eb6c16ba5ddc922ff0aa1d8ed47d5f,18041903,18195524093208574402,18446744073709545344
194,DS-090/Hemp_growth/C2/ryb_C2_20241212_17_00.jpg,C2,12257,ad17f965c457495098a786d09be163f0d909d53b2684bcbdbc1425c788072a03,18014398529621007,18267581687162616262,18446744073709544064
195,DS-090/Hemp_growth/C2/ryb_C2_20241213_08_00.jpg,C2,10730,f680876691caf012bf828dee09ab6ea3c0d7404dd2a310df243395011472d93c,1281071,17042602317951941062,18446744073709545345
196,DS-090/Hemp_growth/C2/ryb_C2_20241213_09_00.jpg,C2,10549,95be28fcb39aa94834687363a1f7843f0e5e2442cd92d0032dee4626cb18b1ce,3345455,17042602318002272710,18446744073709545345
197,DS-090/Hemp_growth/C2/ryb_C2_20241213_10_00.jpg,C2,12248,6ad5ba87321c9ae5df25250fd6314ebc2979272351483d1f0eaf4214c58fa7e7,3394607,18195523822542010822,18446744073709545345
198,DS-090/Hemp_growth/C2/ryb_C2_20241213_11_00.jpg,C2,12589,ce20cc593b8097a46c99d3f9d21b54a6077ed2dae2917bc2e98ed4d712fdb72d,1733886956119772207,18195523823678470342,18446744073709545344
199,DS-090/Hemp_growth/C2/ryb_C2_20241213_12_00.jpg,C2,16834,77b2aafb4b63759a10a091698e3813843524067f94c125b960431f27e89d56b2,4035225287750848039,18195523822604990599,18446744073709544320
200,DS-090/Hemp_growth/C2/ryb_C2_20241213_13_00.jpg,C2,10967,d4ee06892258bfdbd2970c50864dbf3f83d9bd34bb53cc0f75fcd9bf2e52cf36,137432111,18195523822608857542,18446744073709545345
201,DS-090/Hemp_growth/C2/ryb_C2_20241213_14_00.jpg,C2,11167,f3cc40c6263158866bcfd68156d8a85cc8bfb51a0249619b0361c98195b09193,137432615,17042602318002076102,18446744073709545345
202,DS-090/Hemp_growth/C2/ryb_C2_20241213_15_00.jpg,C2,11513,47929e2abd0019a2e4223ad193dd88e0ab8ac4ef1c82a9684fc46383e8f11581,1117743,18195523822608857542,18446744073709545345
203,DS-090/Hemp_growth/C2/ryb_C2_20241213_16_00.jpg,C2,12608,2b89fab00f250783c50165410fb235764dcbdc2a3246b336b06276ec641c6113,9007199274748975,18195524097419655622,18446744073709543552
204,DS-090/Hemp_growth/C2/ryb_C2_20241213_17_00.jpg,C2,13128,f780c333c8aeef5ca6a31675348694f66e968a3ac41772d5898bfd4544dcb574,71743134960687,18195453724447881670,18446744073709544064
205,DS-090/Hemp_growth/C2/ryb_C2_20241214_08_00.jpg,C2,11812,1a99f136f29c9c101d2272faa90ff9e96160d082626402ef91f1704089cdd13f,137448495,18195523822542076102,18446744073709544320
206,DS-090/Hemp_growth/C2/ryb_C2_20241214_09_00.jpg,C2,16469,656068d55401b67282a7e675dfe22aaadf686e5b665412f4cf5d223ab32e20c2,4486171999279,15332270256174819543,18374403900860925440
207,DS-090/Hemp_growth/C2/ryb_C2_20241214_10_00.jpg,C2,16292,1893479177a7c8ee63a08195c926c05e4ecef1b9de85df6d99e3b63ede5d3238,8681283666769350447,13583838164619262342,18446744073709545216
208,DS-090/Hemp_growth/C2/ryb_C2_20241214_11_00.jpg,C2,12116,3c29df2aacf19367fd214f6ace572c138eb69a08809ba7c367917dc62dc05619,70356015,18195523823611623622,18446744073709545344
209,DS-090/Hemp_growth/C2/ryb_C2_20241214_12_00.jpg,C2,15679,a8227b1fbd4fd0214aa1649484ce5767c775f5bff33cce604cd00a414fe70a74,4611694849017712167,18195523822604990854,18446744073709544320
210,DS-090/Hemp_growth/C2/ryb_C2_20241214_13_00.jpg,C2,13014,8078c27477ae1ed7afbf6ba768d5d070d314429e8977ab83cfde1b69fce08f87,1249063,18195523822608922822,18446744073709544320
211,DS-090/Hemp_growth/C2/ryb_C2_20241214_14_00.jpg,C2,12569,a7f61644592aa3f5b4630eeef5decc9e989f900332a0af92f15b0dc804788c90,1249071,18195523822608857542,18446744073709536128
212,DS-090/Hemp_growth/C2/ryb_C2_20241214_15_00.jpg,C2,13460,f36ae8ed566dd7514b3a61eb936da30e0f3e3318495d0c975b2d00e54b6a10a2,4611687117940264495,18195453728675740102,18446744073709544064
213,DS-090/Hemp_growth/C2/ryb_C2_20241214_16_00.jpg,C2,13235,ba64547fa7ed6ae33a3a4a3dd6b40b33052937c0d464c028662084d3fe34f29c,4634204021011451435,18195523818263820742,18446744073709544320
214,DS-090/Hemp_growth/C2/ryb_C2_20241214_17_00.jpg,C2,13429,37c872cfd8f51eccae2671d69fa0698422dc4a4f13ec8fceb829b6f30be337be,3458764513823886891,18195524093124950470,18446744073709544320
215,DS-090/Hemp_growth/C2/ryb_C2_20241215_08_00.jpg,C2,12751,059d7978b41cb1c987f44fd608b32f8c9f44338bd08c53c8291eff193519147e,70340367,18195519425569306822,18446744073709543552
216,DS-090/Hemp_growth/C2/ryb_C2_20241215_09_00.jpg,C2,17734,d7798f71a8654206f93053ccb2cf37f5411cc0678b11a0006c668405420455ad,289360897522023471,15332271355719739862,18374403900869313536
217,DS-090/Hemp_growth/C2/ryb_C2_20241215_10_00.jpg,C2,17776,cf96b138e84b1833b0b38448858b6c6a131292c18adbae6f12d2ce1e74d35da0,8663272016502132527,13300111388094986374,18446744073709536000
218,DS-090/Hemp_growth/C2/ryb_C2_20241215_11_00.jpg,C2,13381,4866cc0cc9ff1bdd4ca46649603e39f0c412fad9af9a08a5dcf889765b2d6d3e,1152939166119693359,13583837805184252294,18446744073709545344
219,DS-090/Hemp_growth/C2/ryb_C2_20241215_12_00.jpg,C2,20420,e4fd5b40c70010fc3d09d6f37e9863e92f263251f4168abf7c437687bd98d92d,8669446991846182439,18195523822604990854,18446744073709544320
220,DS-090/Hemp_growth/C2/ryb_C2_20241215_13_00.jpg,C2,14578,ad2c9d39f85987189f086ab2cb6e95e6eff56cb5692e9e07db88db238e3a98fb,4611687117940264743,18195453453864942022,18446744073709536128
221,DS-090/Hemp_growth/C2/ryb_C2_20241215_14_00.jpg,C2,13804,9d3dd91e80aea73dc8a631ebbe15706fa56d7909dc260fa19dc57a484e4a397d,4296216111,18195523822542010822,18446744073709535360
222,DS-090/Hemp_growth/C2/ryb_C2_20241215_15_00.jpg,C2,13570,d82ea2b7ea2173a77c41db8111622ba57ec1de3777fe010de9caa1f59f875365,3214379,18267229843458767302,18446744073709535360
223,DS-090/Hemp_growth/C2/ryb_C2_20241215_16_00.jpg,C2,13209,4b274240dc2e2b8f693881b26ebc62d9fcf5a6fceb8136adbf3c6d816725cf5d,274881121803,18267226287225846214,18446744073709535360
224,DS-090/Hemp_growth/C2/ryb_C2_20241215_17_00.jpg,C2,14062,856f09a0c76f0214a03ffc781b95e2cd0208a9b42b0f0f91261ea6af11d4efe6,18014402807795211,18195238237298375110,18446744073709535872
225,DS-090/Hemp_growth/C2/ryb_C2_20241216_09_00.jpg,C2,18551,9f620fb0e99229f26f0835e4c177315374e83087f75998fe48f678da98c23428,68798131247,15332273554743257542,18446461494907110400
226,DS-090/Hemp_growth/C2/ryb_C2_20241216_10_00.jpg,C2,20187,e7371f1b606be32f60e42907cb420c5da78532275b4d079c28a90a7e4da62a26,4069142999747202863,12147189866593417606,18383588125810066176
227,DS-090/Hemp_growth/C2/ryb_C2_20241216_11_00.jpg,C2,17768,0b6c856f2adfde5ac48a580f26c47fd841d1b4e69b05b983d8babf02ebe0b8ef,4339244741863099431,13583837805251295622,18446744073709545344
228,DS-090/Hemp_growth/C2/ryb_C2_20241216_12_00.jpg,C2,24355,020c09590201e97bc44866d845960d1657457bcedd3c444d9933e443d152633f,8079475474818993703,18200027422232295814,18446744073709544320
229,DS-090/Hemp_growth/C2/ryb_C2_20241216_13_00.jpg,C2,16059,45c185080e44c7c497cc2947989f4ee492759a7dee4199f513b67d7c6fbae752,1773095,18195453453864942022,18446744073709536128
230,DS-090/Hemp_growth/C2/ryb_C2_20241216_14_00.jpg,C2,14720,db97f8cd53543bbb7d119875c3315c51dd31066d2bc9eba9049d940b331847d0,70454831,18195524093124950470,18446744073709535360
231,DS-090/Hemp_growth/C2/ryb_C2_20241216_15_00.jpg,C2,15060,618f97bb81243725f0c629cc3695ce5efb374e76538e887a3f5417cfb552d1a2,3345431,18195453724397550022,18446744073709535360
232,DS-090/Hemp_growth/C2/ryb_C2_20241216_16_00.jpg,C2,15236,777c10e918ebbdfd19976a08f12421156618ba5ee78a0846e8cf4b1bddc62a6c,2165783,18195453724397550022,18446744073709535360
233,DS-090/Hemp_growth/C2/ryb_C2_20241216_17_00.jpg,C2,15360,f1823ae4f98df502cfd55b33fcc191d74ae2e76d0030a33f5dc82da3853aabeb,2690583,18195453724397550022,18446744073709535872
234,DS-090/Hemp_growth/C2/ryb_C2_20241217_08_00.jpg,C2,11711,d8c5b85dbefbcf44c26e7c25a516e4a4809a174735efac304145954e3057cfd3,69274667,12520637818445642182,18446744073709545345
235,DS-090/Hemp_growth/C2/ryb_C2_20241217_09_00.jpg,C2,14736,c9aa7e4afe545cb9a121cd0b12914662c540874dab7f64e32ca13daa6ac2c7d3,67735083,18195243442798737862,18446744073709536129
236,DS-090/Hemp_growth/C2/ryb_C2_20241217_10_00.jpg,C2,14417,ecb472db293544d07c43573aa3c9036b98385c3440c67aa78842415ff205f48e,67735051,18195243442798737862,18446744073709544321
237,DS-090/Hemp_growth/C2/ryb_C2_20241217_11_00.jpg,C2,13714,3f0a6fa43792aaeb761c9e0e5509f1cf35e598e8a5386863479ab2bc7f3fb889,69799451,18195173348932467142,18446744073709544321
238,DS-090/Hemp_growth/C2/ryb_C2_20241217_12_00.jpg,C2,17191,73c80c040774160849967a40df4024009c0b813a23906a3923e7aa84eda84c8e,19500563,18267295814156433862,18446744073709536128
239,DS-090/Hemp_growth/C2/ryb_C2_20241217_13_00.jpg,C2,16791,48894bef7ffdaf1c24ef3ef0ad7a63720debec833636b8b06ce6d7a38761ed93,593459,18285243967090342342,18446744073709536128
240,DS-090/Hemp_growth/C2/ryb_C2_20241217_14_00.jpg,C2,15768,0b7a81c5018c654d21c20e4375af08660d2a7fd40347019f60d1cf044e248908,34278939,18285239843921738182,18446744073709536128
241,DS-090/Hemp_growth/C2/ryb_C2_20241217_15_00.jpg,C2,13411,caad6cab1d345c081628d07bf305b27e2425587315a0ba2a676750ca026d093b,71896627,18195242618165017030,18446744073709544321
242,DS-090/Hemp_growth/C2/ryb_C2_20241217_16_00.jpg,C2,14282,13b233744c1b0e3aef98ab045e3d261de5701b5f3724d4839d1137a56b8ea70a,67702323,18195242618165017030,18446744073709536128
243,DS-090/Hemp_growth/C2/ryb_C2_20241217_17_00.jpg,C2,16739,6141c53a2d5bc56616470d020b344977c44d7b6cdccfbe700f2938ef02fa4bcb,18014398510075447,18213468122890254790,18446744073709535872
244,DS-090/Hemp_growth/C2/ryb_C2_20241218_08_00.jpg,C2,15321,2257277a408092c33b4946dfe87e2285cceefda7a20ee0fd3ca0dccfd2900e56,853531,17042603430348470724,18446744073709536128
245,DS-090/Hemp_growth/C2/ryb_C2_20241218_09_00.jpg,C2,21265,39bfbddd4a3dd80addc71f3962f04f324cfb67d0554f011cf366c7126d852872,144117421462785563,18285507936581466562,18446744073707389696
246,DS-090/Hemp_growth/C2/ryb_C2_20241218_10_00.jpg,C2,22776,c680767dc8cc65bf4c999c6084668153a1d5791c98a46ef32f80a162a636f584,8102116453203806003,12453430188447250884,18446744073708438272
247,DS-090/Hemp_growth/C2/ryb_C2_20241218_11_00.jpg,C2,15676,378db8988cb346d4d8fb80d69f1504d1e8fe6f70b61c16f9b88e1720578c1da6,604603943,18195523823628335556,18446744073709536128
248,DS-090/Hemp_growth/C2/ryb_C2_20241218_12_00.jpg,C2,17573,db426ab4a417c3aea1eaec7b41982c8d67ce0ad1f82c1555782af376bc2ccee5,4820519,18195524093141727684,18446744073709536128
249,DS-090/Hemp_growth/C2/ryb_C2_20241218_13_00.jpg,C2,18197,96ae6442dd46839053ad70a3244f9edb938691ad6922051dbea3e09b3183b869,591395,18195453453814610374,18446744073708487552
250,DS-090/Hemp_growth/C2/ryb_C2_20241218_14_00.jpg,C2,17639,759ec7d48f0894c45b98fa1fefa06721d4a88f6dce76826d81be86121a41d288,537595435,18285245066601970116,18446744073708487552
251,DS-090/Hemp_growth/C2/ryb_C2_20241218_15_00.jpg,C2,14324,ddb4f44a9c34296aac9d2f6829e9d61d0d125df3a1539ace7a32a760d2a25965,4820507,17980192437423192516,18446744073709536129
252,DS-090/Hemp_growth/C2/ryb_C2_20241218_16_00.jpg,C2,19234,3dbc3855146aa5170a21fa4c3fad375c35ea8007f82dba19dce2ff1855c8aff7,984635,18285240943433365956,18446744073707963265
253,DS-090/Hemp_growth/C2/ryb_C2_20241218_17_00.jpg,C2,18191,38c088cb90e3b4417aaa6cf9317bf49f0ca13d936e5bf6d7d34d38a1633ad43c,554632763,18285245341463099844,18446744073707963008
254,DS-090/Hemp_growth/C2/ryb_C2_20241219_08_00.jpg,C2,13866,d048e2668a9c1c01c7fddb6960b318e6778c0bb116e0d8375276f2703d47a9a6,34360722995,18195523818263820742,18446744073708487553
255,DS-090/Hemp_growth/C2/ryb_C2_20241219_09_00.jpg,C2,18857,28d623f2d4c9fb278cbb4b87440bcd2d8a257dfd5d677a6b21a024fbf942d988,538773011,17997083959682808262,18446744073707963008
256,DS-090/Hemp_growth/C2/ryb_C2_20241219_10_00.jpg,C2,19300,38047a64fd3228d7e2b3eab1e839ad317d9c8a7977d5b289e082330bcfe74954,538773011,18285243966889015750,18446744073708487553
257,DS-090/Hemp_growth/C2/ryb_C2_20241219_11_00.jpg,C2,15873,172e20045d9ff3ddfe82adeb6334c582b605e3435cb014a44ce5303045517137,34361642547,13313551523041917382,18446744073708487553
258,DS-090/Hemp_growth/C2/ryb_C2_20241219_12_00.jpg,C2,15512,73d8ddf50247063a58b926e213fd28df2b01fa38f5a0b398d31e4272c920d0ba,571278867,17912901042392496262,18446744073708487553
259,DS-090/Hemp_growth/C2/ryb_C2_20241219_13_00.jpg,C2,16290,8d964c3061f03649cb417ed1a55ff2cdc0d684b5f95717c14ea3f3f463a34705,555420983,13601501728814022082,18446744073706374017
260,DS-090/Hemp_growth/C2/ryb_C2_20241219_14_00.jpg,C2,16143,c1c47af80664c45b443de1bd64988bef2c9c2213ecbe3b10f0ef2c921a4ac08a,572460595,18213467847827798470,18446744073706390144
261,DS-090/Hemp_growth/C2/ryb_C2_20241219_15_00.jpg,C2,16886,078880c6ce9a786e6acde0cdbe370525b34f7dba8feafe915673697042d973bf,18142480698931,18213468122705443270,18446744073705865856
262,DS-090/Hemp_growth/C2/ryb_C2_20241219_16_00.jpg,C2,16927,0f6900d9ce32b5b002aa0b03d330707e139ada573c10d328cefb7139927406cc,17592724950579,18285244241766660550,18446744073705866113
263,DS-090/Hemp_growth/C2/ryb_C2_20241219_17_00.jpg,C2,17458,7ae03f9b753e6059f1abad8175feaef54ffc32cf7b5dce70ee9a4d5e20cb984e,1612647987,18213186647729781190,18446744073705866113
264,DS-090/Hemp_growth/C2/ryb_C2_20241220_08_00.jpg,C2,16536,e37e79de21c52a663e46805f81ad0ff01ceee7c713ca4bc084525d5091765788,17181902611,13583837869361215942,18446744073705866112
265,DS-090/Hemp_growth/C2/ryb_C2_20241220_09_00.jpg,C2,20816,cab89a909d9c83212b25fa53174dd44b91afb6a20fa29ae1d5ddbb3b747c04b8,171811023903,13025304929025534406,18445898549243544064
266,DS-090/Hemp_growth/C2/ryb_C2_20241220_10_00.jpg,C2,23371,5057dad77c1eb207cd597d0cc091f89d661abcd4696d0df5804b6ca2f39789e1,4042121334436474135,13313551797915630022,18446744073705817857
267,DS-090/Hemp_growth/C2/ryb_C2_20241220_11_00.jpg,C2,19173,e7b26fc564121739d0e3368bc296eb1d990470b10b91cd2bf7e1622ac283ef7f,1733947533360565271,13313604299596904902,18446744073705867136
268,DS-090/Hemp_growth/C2/ryb_C2_20241220_12_00.jpg,C2,23311,a307c51c8c92aa4a64bf6a144bfa1b34b71a649263016797b5621452e3b898c8,2305843070955686931,18213538285220149702,18446744073705849728
269,DS-090/Hemp_growth/C2/ryb_C2_20241220_13_00.jpg,C2,19032,cc0bc5ed4c7189e217ca1600996839940c942b75bf249756f6af7616895432af,1075577875,18213520694107847110,18446744073705849472
270,DS-090/Hemp_growth/C2/ryb_C2_20241220_14_00.jpg,C2,17580,9eb4a72484c108664ab30cbf6bef7cd07e942c76ed4ddfdd555fe3eb8dbfc70d,1646068755,18213520694107847110,18446744073705849472
271,DS-090/Hemp_growth/C2/ryb_C2_20241220_15_00.jpg,C2,17010,32853bc7e2d55e041d16b90746065da7e01b07b7a3adb51333047e01125eb93e,1075645459,18213467917549713862,18446744073705849344
272,DS-090/Hemp_growth/C2/ryb_C2_20241220_16_00.jpg,C2,17420,0311630630f863ba7a7f1ccbde003d858058a217255b3e8c564612d934a3fa7a,1075580467,13601781899123374534,18446744073705849344
273,DS-090/Hemp_growth/C2/ryb_C2_20241220_17_00.jpg,C2,17750,9bbe611326acb9547fc8e5d779159807f1ad15ff60ac23da558b642f254ef781,18255515187,18213467917549713862,18446744073705849472
274,DS-090/Hemp_growth/C2/ryb_C2_20241221_08_00.jpg,C2,18549,2fa8c8248db0ac53dcdfc7f522c827ebc2ac0b47ed33c72b1d6ab3d6952b291e,154622962963,13601834692861376707,18446744073701655424
275,DS-090/Hemp_growth/C2/ryb_C2_20241221_09_00.jpg,C2,22708,377f4c01e873777064771385a08fad688729ca95cd848df910e2c04c1f065f53,144684900492389407,12448281243948558739,18157387797643069185
276,DS-090/Hemp_growth/C2/ryb_C2_20241221_10_00.jpg,C2,27177,0346926c94b4bc55ce34e5d9b7fe654fbcd42ec306ab9f8d21190234b997621e,3494230243047075091,13314743410754992579,2089670227092506369
277,DS-090/Hemp_growth/C2/ryb_C2_20241221_11_00.jpg,C2,19336,a6b55f51bc0dd8e3e35d76b750372495e881afb761eec1258b1f12efa8f4289b,154889301011,13601834692860328387,18446744073701655424
278,DS-090/Hemp_growth/C2/ryb_C2_20241221_12_00.jpg,C2,27029,00b1104a7239ebadec56126957cff1130c78106556dc1bcc279f42b2add69717,9223390070753266707,13601834675680459207,18446744073701655168
279,DS-090/Hemp_growth/C2/ryb_C2_20241221_13_00.jpg,C2,20960,a0a7d5367fa91d9361764cf561bdf06026e666bebf4a8fb483e9d2a97ad2d739,438111767,18213520694107847110,18446744073705849472
280,DS-090/Hemp_growth/C2/ryb_C2_20241221_14_00.jpg,C2,19245,e8c66aa5f40ad380ca699012ced2ae74263f415e9c9afb0232a6c1c28a52d0d6,70370088397843,13601834675680459207,18446744073701655168
281,DS-090/Hemp_growth/C2/ryb_C2_20241221_15_00.jpg,C2,18794,4c5b220d66232614121382cf53aca0065e2801606c96556133109cb24cfbb146,140966308915,13601764306937330119,18446744073701655168
282,DS-090/Hemp_growth/C2/ryb_C2_20241221_16_00.jpg,C2,18943,538247fa928e71490f23a84ad06eae0de274ff1db3e204c71a72d95ce3862fd7,157172968499,13601835775192086979,18446744073701655168
283,DS-090/Hemp_growth/C2/ryb_C2_20241221_17_00.jpg,C2,19425,31917cbaaf7bf3a16511e484128ee482be86107bb058ff870cba7b70711754ff,157172968499,13601853367378131139,18446744073701655168
284,DS-090/Hemp_growth/C2/ryb_C2_20241222_08_00.jpg,C2,19388,9a97be58be29dd20ff9b04886faced0227f016d6d91c4097ada52bdd855a5416,17867470736691,13601834692864588992,18446744073701656448
285,DS-090/Hemp_growth/C2/ryb_C2_20241222_09_00.jpg,C2,23623,b95d8810fdd0d4e86ede2e9244679d847c58444fbefe8802194822b6590446a2,2821230591824768031,12448283442969718147,17434560057450104577
286,DS-090/Hemp_growth/C2/ryb_C2_20241222_10_00.jpg,C2,27920,0f8ac18d57d33df6dd9262043499026760d8a73b1c8fa08adab336e7954d18e3,8106335156748373271,13314725818569014467,13835058055265847040
287,DS-090/Hemp_growth/C2/ryb_C2_20241222_11_00.jpg,C2,20851,35bb23c64a3cfdc292b4d4f62dd5dcdc8acea8cbd033ed20d037d3ce9905e850,144115463360547863,13601835792371955907,18446744073701655168
288,DS-090/Hemp_growth/C2/ryb_C2_20241222_12_00.jpg,C2,25499,627c5a021a8bf9ba2110c96eb012298d2d508f0937ae5432176d7a5d97f94774,18032826846231,13601835792371955907,18446744073701655168
289,DS-090/Hemp_growth/C2/ryb_C2_20241222_13_00.jpg,C2,21404,f7fb1e5e088297894d1c2c2b364890b41f70ac8ad9e2fdd8dd9710836c793dca,440208407,18213521793619474627,18446744073701655424
290,DS-090/Hemp_growth/C2/ryb_C2_20241222_14_00.jpg,C2,20819,9605c30b23fd9eb65595eb28db6c87fa6f7c29f9c1f902a7c6548b4bfe269d4a,17485999383,13601835792371955907,18446744073701655168
291,DS-090/Hemp_growth/C2/ryb_C2_20241222_15_00.jpg,C2,19528,7d32adafa729358b5a93990abf202fd0dc9598ed7bcc0766d31e606cefed1eb2,17592626392115,13601835792371955907,18446744073701656449
292,DS-090/Hemp_growth/C2/ryb_C2_20241222_16_00.jpg,C2,20808,a1916d4402b457926ecc652db8540f33121721fdb58adfe2254226f2df8ead1c,294645468211,13601835792372022464,18446744073701655425
293,DS-090/Hemp_growth/C2/ryb_C2_20241222_17_00.jpg,C2,21260,2c0bb0fc08eb20c24adde537ebef51409c3769a07037b7576f4b6d20f698de3c,17870154959923,13601835792372022464,18446744073164751744
294,DS-090/Hemp_growth/C2/ryb_C2_20241223_08_00.jpg,C2,21595,964a6f031dfef252035ec55722a9caade5bdbcd356a778ff840c4dc8c5c04d05,9346863799607,13817721606228885440,18446744073156364161
295,DS-090/Hemp_growth/C2/ryb_C2_20241223_09_00.jpg,C2,25510,9cb9b78f8bf2183726551b6472967d4504259faade65512529fbb491387a16ce,218149734743743551,12592675437375860178,17437937757162243841
296,DS-090/Hemp_growth/C2/ryb_C2_20241223_10_00.jpg,C2,31478,f82dd1770d989afb9455aa8a31c37236c45c54ed16ff36bcac713462f36c6dbd,6953416813241638711,13601830299364441296,18446744073693233921
297,DS-090/Hemp_growth/C2/ryb_C2_20241223_11_00.jpg,C2,22847,b51d893a32fe3ef1e8398a9ba0e81928590ec8554e4a405f721628fa2d564bda,17593196809271,13817721606233079232,18446744073164785536
298,DS-090/Hemp_growth/C2/ryb_C2_20241223_12_00.jpg,C2,29490,bf64300fe8c0896abaaa7d43524fc674e1c0d8193b849a733572f662f075ade2,18447827930167,13817721606228884930,18446744073164785280
299,DS-090/Hemp_growth/C2/ryb_C2_20241223_13_00.jpg,C2,23868,239467a7ba7e3c7a6809f951fe9179992e96467911c9ea831c0bb86ca57ca275,275855117591,13673606418157223107,18446744073164785536
300,DS-090/Hemp_growth/C2/ryb_C2_20241223_14_00.jpg,C2,22479,3568631e1a19de9fc7ba5e7497d474f077e971bc468b6178a4fd8963dc782109,36027162906167,13817721606233078978,18446744073164751744
301,DS-090/Hemp_growth/C2/ryb_C2_20241223_15_00.jpg,C2,22185,925280055ad498aa7fb6af94c2b99854cc16e97bfb63eba3a137c2707286649d,36027162905655,13817721606233079232,18446744072091010944
302,DS-090/Hemp_growth/C2/ryb_C2_20241223_16_00.jpg,C2,22673,48497f254c8fcffedaacaa72041d9249eb9cd74813c94139edd2bfaf4aaa06df,53602139593783,13817159755791285952,18446744072082621312
303,DS-090/Hemp_growth/C2/ryb_C2_20241223_17_00.jpg,C2,23485,edd401146d94f53391741c9f511642439548cc0b1dd4104593798aeb1b62935a,44806113680439,13817721606233078992,18446744072082622337
304,DS-090/Hemp_growth/C2/ryb_C2_20241224_08_00.jpg,C2,23001,09416a5e570e8803f0e8cf67f584957d6e387771429d8b81e3761d5c19957950,8797141548599,13601847891348958108,18446744072082622336
305,DS-090/Hemp_growth/C2/ryb_C2_20241224_09_00.jpg,C2,26079,df3b028704efaa885cd4bf7071b7341aa934340fcffcd3028d7c977a98c4399e,218145337103564351,13601761025582050742,17437937755552155393
306,DS-090/Hemp_growth/C2/ryb_C2_20241224_10_00.jpg,C2,33411,d250871385ca6017f7f12f7b065416146a7c833ddc3a4585116481612161b0a7,3476637902051948343,13601847822897917844,18446744072082626432
307,DS-090/Hemp_growth/C2/ryb_C2_20241224_11_00.jpg,C2,24893,b67e433305e0956bb6cde8c12bae34e75fb4d13dfea6fd545763524ba5349808,17593200744247,13601830299431350224,18446744072083145088
308,DS-090/Hemp_growth/C2/ryb_C2_20241224_12_00.jpg,C2,27478,66290dc15c885294a03a326cd89639a55a16d0bb8384258733ee51cd89495ee6,580768437303,13673606418224136144,18446744072083146625
309,DS-090/Hemp_growth/C2/ryb_C2_20241224_13_00.jpg,C2,25534,f792324c8a7b3887abb73cb164f7d809d097ac5b331129cf1d97fdfe5306fbbb,18417801172535,13673606418157158352,18446744072083145601
310,DS-090/Hemp_growth/C2/ryb_C2_20241224_14_00.jpg,C2,22974,c723680ea6d3c5c4a3b896940ef3f67300ea7d3873e3d952c668d269f6d44ce7,550737220663,13673606418224136144,18446744071814185856
311,DS-090/Hemp_growth/C2/ryb_C2_20241224_15_00.jpg,C2,24557,edf4f6b42857e784015b4886bfec2ce478e1fcebe59d438b3084d4c902b997e0,18142940044311,13673606418224132050,18446744071814186881
312,DS-090/Hemp_growth/C2/ryb_C2_20241224_16_00.jpg,C2,25396,36ed08bb1179abf41ed3ed3d6752204755f4da7195c4907d6c3568ff579de643,9346897353791,13817158656346762642,18446744072082622337
313,DS-090/Hemp_growth/C2/ryb_C2_20241224_17_00.jpg,C2,25518,604e3164971743657ffe5031e2f32ebbeff37b4046e6f3fc0b554ac3d8117b70,4948817321023,13817712810207095990,18446744072082622337
314,DS-090/Hemp_growth/C2/ryb_C2_20241225_08_00.jpg,C2,24746,2d24b103c6cd5359697772465347a7766fc3ff81e4b07c27f64c77e8d117e3d6,149809512005431,13602973761242407071,18446744069666736001
315,DS-090/Hemp_growth/C2/ryb_C2_20241225_09_00.jpg,C2,29022,648ecb31b5bfffad63b6053c6e9355fb8d829670f46f21f02874e3191c680f8b,10597985129986473791,13313599910177810870,16285016248797824769
316,DS-090/Hemp_growth/C2/ryb_C2_20241225_10_00.jpg,C2,35348,ede6d7498a77250ef68f603919f8774df26acda40aca5f48a3ac144256be82aa,6935539854863711543,13601847818636568727,18446744069935138688
317,DS-090/Hemp_growth/C2/ryb_C2_20241225_11_00.jpg,C2,26634,03b8cadfbbc22c43bdbfa9898dd2c2b5d353b1ed4c504a2f2ff20ccbb2455d5f,8798156044087,13601847822914693271,18446744069934875520
318,DS-090/Hemp_growth/C2/ryb_C2_20241225_12_00.jpg,C2,29798,178599fcbaa06e70f501b49885082731aab0d3774268f32f64740197ac149b5f,8815369886775,13601830299162914455,18446744069935137664
319,DS-090/Hemp_growth/C2/ryb_C2_20241225_13_00.jpg,C2,28006,309d2b1cba1aa07ed3ec841678045f4c2d40b93fdaa9975fa31b4e0505865a66,18022697770807,13601830299431349399,18446744072082621313
320,DS-090/Hemp_growth/C2/ryb_C2_20241225_14_00.jpg,C2,25492,f605ea0aaa98067927c2e331925b4670444af42788a3bac405618c95bf853ec8,17748864245303,13601830281999821983,18446744069935137665
321,DS-090/Hemp_growth/C2/ryb_C2_20241225_15_00.jpg,C2,25086,3d12a22e68fbc1521ecbf8bedeaa2b5545649ab0e448bee71ae65acc3a2cc15a,17869123337783,13601830277738408351,18446744069935138689
322,DS-090/Hemp_growth/C2/ryb_C2_20241225_16_00.jpg,C2,26021,e444315a5e6fbdafa0fc7365a8219300f8f276cd75cc1630ad06608979f27079,18006578929207,13601830277739456671,18446744069935138689
323,DS-090/Hemp_growth/C2/ryb_C2_20241225_17_00.jpg,C2,26192,c1ea0c473390c48524f8b8c8e834d7330d684a4e46c7e65a109d5a41cea10fd6,9025205850545719,13601830277739522199,18446744069935138689
324,DS-090/Hemp_growth/C2/ryb_C2_20241226_09_00.jpg,C2,22298,c39041dcb69fcd8b07ac087f765691e28bffee12d4d5b4abfccb6f4f8d6b7868,414409732151,13601852199219112087,18446744069936734081
325,DS-090/Hemp_growth/C2/ryb_C2_20241226_10_00.jpg,C2,25786,5d5cfdc96e605cf41a002713a175c8a273e23a45d5978402fe8df6ab663ed09c,18023609012173879,13601852190662617239,18446744069935138689
326,DS-090/Hemp_growth/C2/ryb_C2_20241226_11_00.jpg,C2,27227,4e93cb4ab6408979d218c4655756df116af3d86e02612cb7f00ab7279789a6bd,18023609012305463,13601847861335582871,18446744069935138689
327,DS-090/Hemp_growth/C2/ryb_C2_20241226_12_00.jpg,C2,29234,3982fdee4151de52ca5f3dd3371e1a5f2442a84960c7c3c0ae768ca5acdcd798,18023617602240055,13601847801206040727,18446744069935138689
328,DS-090/Hemp_growth/C2/ryb_C2_20241226_14_00.jpg,C2,25784,ac758de52fa3ace907bdd8fb4b306b474fde18851358527a1244c84b1cf223f4,18032405105327671,13601847869925501079,18446744069935138689
329,DS-090/Hemp_growth/C2/ryb_C2_20241226_15_00.jpg,C2,28066,7a4f998019cbc0db4cf19fd2f1acafab9ed98105ca944581cd412bc20b9335f0,9034001977163319,13601847801206040727,18446744069935138689
330,DS-090/Hemp_growth/C2/ryb_C2_20241226_16_00.jpg,C2,28119,597bf123f740f895b9693ca34f16ee77e19d62cba31efb4b35e93c7caf013cce,9025222996770359,13601847801206040727,18446744069935138689
331,DS-090/Hemp_growth/C2/ryb_C2_20241226_17_00.jpg,C2,27954,6d391daf10aa615fadb6ab71aa08cb5881880717fa56efb318433ff7171a6a10,9025205817032247,13601847868851775639,18446744069935138689
332,DS-090/Hemp_growth/C2/ryb_C2_20241227_08_00.jpg,C2,7947,a1d8cfc23bb2c681104ec4a058fdd7bd37a65a1993ead2bfa1df8e9a56547d29,2162743,12453346680111312067,18446744073709551489
333,DS-090/Hemp_growth/C2/ryb_C2_20241227_09_00.jpg,C2,26715,8a02b2c9b6fe782fb151e07f41f8370decb98559cf65bc615c8bfd0ecb290d87,18032954861116471,13601848968359209111,18446743245033508737
334,DS-090/Hemp_growth/C2/ryb_C2_20241227_12_00.jpg,C2,30891,b2425bc3d67f2e461df7ab6c25d54bf4b43e5f883d5f1ae69e55fa8bddc89473,4504632529239607,13601847868846537879,18446743245301417857
335,DS-090/Hemp_growth/C2/ryb_C2_20241227_13_00.jpg,C2,29475,79654d88dbdc16aabc65d7349b485dfb8649e421873045cd9b514d52cd26a032,9016959504956983,13601847868847582359,18446743245032984449
336,DS-090/Hemp_growth/C2/ryb_C2_20241227_14_00.jpg,C2,31204,3317260c77fd7dde873def4a139d812dd3238def0b626c031610389f755b67ac,9034620427255351,13601847868818222231,18446743245032982401
337,DS-090/Hemp_growth/C2/ryb_C2_20241227_16_00.jpg,C2,30112,4071a16502cb809877f9d2315c469f0bfdf634a5241879098ab34aea5054d48d,45037029171346999,13601847868818222739,18446743245032982401
338,DS-090/Hemp_growth/C2/ryb_C2_20241227_17_00.jpg,C2,29173,5b44f258a732d92ceb1e603231bfb8daed23ad5ae3567a157a76634b40188b0b,9016968128446007,13601847868851776659,18446743245032982401
339,DS-090/Hemp_growth/C2/ryb_C2_20241228_09_00.jpg,C2,25748,3a4cddd10d28d14fea6ca3bf72c80faf8beb63a59bff4b629b684077cc824d0c,36148529147959,13601852266797759619,18446743519919316865
340,DS-090/Hemp_growth/C2/ryb_C2_20241228_11_00.jpg,C2,31398,e2372716c89739536ab8b1c1b78333f6bf1013fd865af86d4f60dfa96f37adc4,80129027817015,13601852266863687831,18446743245032982273
341,DS-090/Hemp_growth/C2/ryb_C2_20241228_12_00.jpg,C2,31174,16901d2adbeece75a480d755d8c060c6c2d819d3c1ddb511ecbd1af0eb17fc3b,80129027817015,13601852266863688071,18446743245301417857
342,DS-090/Hemp_growth/C2/ryb_C2_20241228_13_00.jpg,C2,31729,e055fab45a5a643a3d80c8624281fc4eb0e1c36d258f90ee0eccde4f64b60558,115330583969335,13745681581913176967,18446743245838288769
343,DS-090/Hemp_growth/C2/ryb_C2_20241228_15_00.jpg,C2,31040,1966e8dcd520b53aa5f98a269b72b93d46aa4fd6620a8274620a347ed1210d4e,88942252604983,12664259123736503175,18446743245301417857
344,DS-090/Hemp_growth/C2/ryb_C2_20241228_16_00.jpg,C2,31210,0aa107d624c1d501581a22e21531d291ea49fdde104e91327e997778ca008502,4616287349957803575,12593045881643623319,18446743245032982401
345,DS-090/Hemp_growth/C2/ryb_C2_20241228_17_00.jpg,C2,31550,e2c9e8fe8a40770a45c41676dc43a6c7662978e129965162fd07e346b1066ebd,2319574676730101303,13601852266894091155,18446743245032982401
346,DS-090/Hemp_growth/C2/ryb_C2_20241229_08_00.jpg,C2,29817,268e278302d3031477669e011381010e35e85a0f0388bf3aa00b41e9ba0ffd1d,2306121119020563511,13817164148516088967,18446743107602419457
347,DS-090/Hemp_growth/C2/ryb_C2_20241229_09_00.jpg,C2,35186,91d7806d523e76e7a9dc83325844957ee563180ad028d01fbbc57190cb06c130,1736340758866116159,13600991366402305927,18446743107602417409
348,DS-090/Hemp_growth/C2/ryb_C2_20241229_10_00.jpg,C2,42583,f525db37455f866704ff43c87887c0ce86ed99da4fbf417163fdf7feb5327fcf,5197007685517393211,13745400124115286919,18446532138800451329
349,DS-090/Hemp_growth/C2/ryb_C2_20241229_15_00.jpg,C2,32915,62fa9fa09ec23aa32139dc2fc73b451bca66624f5bb9b1c3646b3ebbdd1f8559,6922288695288345655,12664254725719616387,18446602508349933313
350,DS-090/Hemp_growth/C2/ryb_C2_20241229_16_00.jpg,C2,33155,2901ea20922002a0c29bfcedfe90abc28ae5b193127104914a7ccd32091e60d1,4611942157313225783,10358974666459082627,18446602370642544385
351,DS-090/Hemp_growth/C2/ryb_C2_20241229_17_00.jpg,C2,34369,e507f5ab2e6900e24a11186f2c640248cb09203edc7d2894caa9faeeb9dfd668,4611942157314276919,12664817671377809283,18446602370105673473
352,DS-090/Hemp_growth/C2/ryb_C2_20241230_08_00.jpg,C2,29018,50cc10f4cfa58af4d660043214f8348cf7cff9195640c4e930c1efb1c7ea683e,2342145535107741239,13817180645435405187,18446532001629931393
353,DS-090/Hemp_growth/C2/ryb_C2_20241230_09_00.jpg,C2,31955,7a5de9f456a1d6afeda41e8899ddeccab56c5ad80e9d0035e4fb87466054e371,2306116740236393527,13817180645435403139,18446532001629931265
354,DS-090/Hemp_growth/C2/ryb_C2_20241230_12_00.jpg,C2,33166,687a9959f24ae7aa39f90dd3ce3b45c9e168e9abde7b1faf9a4f7d9699bd87ab,2306107325718281783,13817739180229667715,18446532001629931265
355,DS-090/Hemp_growth/C2/ryb_C2_20241230_13_00.jpg,C2,34353,3d91d83292ff4042ae2eb3a5ea9d518c88942cca545d1f001c1d9d55cf480a88,6958335086640840247,12664818775134448515,18446532002166802177
356,DS-090/Hemp_growth/C2/ryb_C2_20241230_14_00.jpg,C2,33633,c7bff02469ee949ee0293de6e5efb4d72239da193fd75ecbb9c3ee5a28839da9,2342136122686914103,12664817675623345027,18446532002166802177
357,DS-090/Hemp_growth/C2/ryb_C2_20241230_16_00.jpg,C2,33648,970d4bbd7bd48f2ac04f94c85bf46e7bb57c78935276cb743f30afd0c0d66f55,2346648595733493303,12664822073669725059,18446532001629931265
358,DS-090/Hemp_growth/C2/ryb_C2_20241230_17_00.jpg,C2,33659,b3382a370a5eba8ad5335f21f758a9b2345adcb4299071285e8f08f597a5b987,2342136200030010935,12664817675623345027,18446532001629931265
359,DS-090/Hemp_growth/C2/ryb_C2_20241231_08_00.jpg,C2,8537,5a287f3b8be35e138c422acacdc76c42a2ea48fda05165998fc55e1f17bff9b7,65587,12435402375468100819,18446744073709551489
360,DS-090/Hemp_growth/C2/ryb_C2_20241231_10_00.jpg,C2,43740,79ec5f1568f16e781a9d17abfd1f9bb58ed3f5842e78c18ead7e4c4268c90bbd,2367907129154284859,12664254726743144839,18446532002167326465
361,DS-090/Hemp_growth/C2/ryb_C2_20241231_12_00.jpg,C2,38053,9bc872ef55601db867a1269da6ec956bd494a7822244422176e6b70f9bd3ce8c,4071501384134569527,10358979064455641479,18446532139606279937
362,DS-090/Hemp_growth/C2/ryb_C2_20241231_15_00.jpg,C2,32027,6ee099ff4387ba1fbedf282c1863cba3fcd868036958ac06581bde5d9c72b023,40765961122032695,10071874576416909703,18446532139606279937
363,DS-090/Hemp_growth/C2/ryb_C2_20241231_16_00.jpg,C2,33111,b6cf49e75a01d594f5ee66180b74a4ae8e7de79ebc69dba5d051a38f8419c3e4,4647979148950453303,10071870186959809415,18446532139606279937
364,DS-090/Hemp_growth/C2/ryb_C2_20241231_17_00.jpg,C2,33775,baa23661a0c99a00a957ac91048272f2b96c2bb0bf78b964291143468e47d4e8,4647987962408025143,9926914972000336771,18446532139605755649
365,DS-090/Hemp_growth/C3/ryb_C3_20241212_13_36.jpg,C3,11532,f3450c5b3b54148d7993a8835d8ada21da3c6f562de434e65815c90f30f56b24,2395915070633905423,13673559323119332802,18446744073709486080
366,DS-090/Hemp_growth/C3/ryb_C3_20241212_13_41.jpg,C3,11162,f80562edda02e9809bac3dc7027ac0d192b39c1c8a8a3b0be59c4ea5334410d5,4611722439884508431,13673559323119332802,18446744073709486080
367,DS-090/Hemp_growth/C3/ryb_C3_20241212_14_00.jpg,C3,11865,2f68063d99dee7f476077f213c8e7e6ec139aae7042c23abec73b801b9ecaaf4,4611968872106659087,13673559323119332802,18446744073709486080
368,DS-090/Hemp_growth/C3/ryb_C3_20241212_15_00.jpg,C3,11441,15f832f71d08c06e6abbaddf7fb904e4e813a37b2cee704dc0b15d21c41018df,1243275114018229519,13673559323119332802,18446744073706602496
369,DS-090/Hemp_growth/C3/ryb_C3_20241212_16_00.jpg,C3,11163,5b23750f48f4838fbf3371d2379adb6a1ce46c6602164b26de94c129a8fd1d2f,279193046287,13673559323119332802,18446744073709502464
370,DS-090/Hemp_growth/C3/ryb_C3_20241212_17_00.jpg,C3,12317,88c986396d66c083d68218bc4fab2534fee60e9f806df7e2c81961c6850fafeb,4612003919107951887,13673559323119332802,18446744073709486080
371,DS-090/Hemp_growth/C3/ryb_C3_20241213_08_00.jpg,C3,11467,b8bebfa68aad9f646de85c7be2f8af962cf648c481a65827a348903b9befc36b,35184459369775,12520637818512489922,18446744073709545344
372,DS-090/Hemp_growth/C3/ryb_C3_20241213_09_00.jpg,C3,12240,70c79c6128b281412211434332b9ed3ca65e8c6df38163890a8b2c41d3045329,152276271,13673559323119332802,18446744073709536128
373,DS-090/Hemp_growth/C3/ryb_C3_20241213_10_00.jpg,C3,10874,ebaba0041032f45fc13781c37578372378a0a4846f49e7a03125db2af6602de9,137612591,12520637818512489922,18446744073709545345
374,DS-090/Hemp_growth/C3/ryb_C3_20241213_11_00.jpg,C3,13027,0e903540f355cc9a748cc3d5775d1fbaf370d9b28cdaf0744ea7e6a4f16a6255,13835058055285558319,13673559323119336834,18446744073709545216
375,DS-090/Hemp_growth/C3/ryb_C3_20241213_12_00.jpg,C3,15422,c0cea6faeff3268ffa213cdfb32606d073a02daf5663c880a7379181c7a60438,13835058188291935279,18267300212269804738,18446744073709545088
376,DS-090/Hemp_growth/C3/ryb_C3_20241213_13_00.jpg,C3,12168,09ba0c7a64c561c4ca6a96a620870dbca37eb73c77ba0cd4bdd7bd3a7a4452ac,4638779084585012271,13673559323119332802,18446744073709536000
377,DS-090/Hemp_growth/C3/ryb_C3_20241213_14_00.jpg,C3,12500,8643d1b19a582fd404b89c4d82117834591930328fd6d3afbde6ab20cbf73ad7,4629700485808622639,13673559323119332802,18446744073709502464
378,DS-090/Hemp_growth/C3/ryb_C3_20241213_15_00.jpg,C3,11409,bdd9bc91a107825f1fe60a97cfa2806ab09b54bd398c2aee3fbeb05c8d5b11bd,2329647,13673559322850897362,18446744073709536000
379,DS-090/Hemp_growth/C3/ryb_C3_20241213_16_00.jpg,C3,12087,2951f9579cf4e572beea3083aea894a8f00791bd5d6f480dce3661e7d132f211,4616189893087038511,13673559323119332802,18446744073709486080
380,DS-090/Hemp_growth/C3/ryb_C3_20241213_17_00.jpg,C3,12418,9421a857fc4a84c6e5e3028f0562b6ae7ee7c50d7c5407980a5d61c9929d32e4,4611721344536775727,13673559323119332802,18446744073709502464
381,DS-090/Hemp_growth/C3/ryb_C3_20241214_08_00.jpg,C3,12086,56caa15ccd8e294a0cadfa160b26eae2a0caa5b46acc550eca056f8a7a058346,550111398959,12520707912378760642,18446744073709486080
382,DS-090/Hemp_growth/C3/ryb_C3_20241214_09_00.jpg,C3,21053,c389027635f0428c902d688c8c1b352e93cbe6a8b2b91990befcd9cff17e004c,73116852223657511,17064769833872603523,18012693102455386880
383,DS-090/Hemp_growth/C3/ryb_C3_20241214_10_00.jpg,C3,17019,60482e1d0c30b6e543d4a4af4a331563f8fb810908cb9334c4304696282aa284,17932828182318255407,13655615018471947651,18446744073703194752
384,DS-090/Hemp_growth/C3/ryb_C3_20241214_11_00.jpg,C3,10857,42222de9160da7a5984afe298e41569676c230c035002f224199b9185abc2ca7,136481839,13601501729081408962,18446744073709545344
385,DS-090/Hemp_growth/C3/ryb_C3_20241214_12_00.jpg,C3,15086,14edf9965ea93e182d8a73e99be1f31d83a1752d98d89cbf46eef1c9de0adec3,13835059425108298799,18267300212269788355,18446744073709545088
386,DS-090/Hemp_growth/C3/ryb_C3_20241214_13_00.jpg,C3,13212,f60ea195d4170ac67c8190c392021c0de68608883620b496f5d904dc5d061c3e,16977719,18213187747508792530,18446744073709535232
387,DS-090/Hemp_growth/C3/ryb_C3_20241214_14_00.jpg,C3,13120,d8d577074cc723100089e4db03825034f66c8d4ba281e4e0f8a24a3d6c0456b5,2323857442220510255,13673559323119332562,18446744073709486080
388,DS-090/Hemp_growth/C3/ryb_C3_20241214_15_00.jpg,C3,13010,0cdc02c4661242f732eb754a5220e222de5106dd6f7415b4498da06c5e60adec,117515871498505263,13673559323119332562,18446744073709486080
389,DS-090/Hemp_growth/C3/ryb_C3_20241214_16_00.jpg,C3,13372,eb0fc3318ca1ec8d288c22bf7a4bb9d474b1b00185f7cbc72cb813c7eba28733,18332316420246575,13673559323119332562,18446744073709502464
390,DS-090/Hemp_growth/C3/ryb_C3_20241214_17_00.jpg,C3,12623,1d17fcae092759dcb700009b99ffe23181aa3653d83629ce020428b7bb10d8a6,281479425002543,13673559323119332754,18446744073709502976
391,DS-090/Hemp_growth/C3/ryb_C3_20241215_08_00.jpg,C3,13639,1e43bead895aeaece0ee70b48d3adc7907a9da535e1db01d5443abf1da1f3269,159847281626159,13583557699316104642,18446744073709486080
392,DS-090/Hemp_growth/C3/ryb_C3_20241215_09_00.jpg,C3,22655,5ec11f16cc19e9797a82933f55d3c52e5b92627f6dca3e308f9165350084b86d,126595448531240483,17064768734344854423,18012693141110075904
393,DS-090/Hemp_growth/C3/ryb_C3_20241215_10_00.jpg,C3,18027,2cc2ecd11f24e1c3ea989ffe49c010440a5de00fa5376d16b8912c49ec27f13c,9171422827821178663,13655615018471947651,18446744073703194752
394,DS-090/Hemp_growth/C3/ryb_C3_20241215_11_00.jpg,C3,15838,220250988bc23c13b2307b19b69770d7cfe62b3b2f96982346b4e41ad7e31271,13909367449134271807,18285245067742555330,18446744073709545216
395,DS-090/Hemp_growth/C3/ryb_C3_20241215_12_00.jpg,C3,16971,04f99f516905c318569c78b7d68d7c45520b1b67581bd2079bd073a08c548721,13835061899009592375,18267300212265610435,18446744073709544064
396,DS-090/Hemp_growth/C3/ryb_C3_20241215_13_00.jpg,C3,13667,fa3969a6d77ac572e7409c97161689cef68006a61f2d13b431d361f15520203a,4629700416953847607,18285245341529943235,18446744073709535360
397,DS-090/Hemp_growth/C3/ryb_C3_20241215_14_00.jpg,C3,14002,040e73df56cc19ba061ca32420a3ebd4af8d3af499452befadeee4149b5edc97,6343391543676079679,13673559323119332562,18446744073709486080
398,DS-090/Hemp_growth/C3/ryb_C3_20241215_15_00.jpg,C3,13237,53f1b1eeecab9b22a3b31d130f006956ea242f713e479ebbc5399e44e375850c,4629700554646588463,13673541730933288402,18446744073709486080
399,DS-090/Hemp_growth/C3/ryb_C3_20241215_16_00.jpg,C3,13276,14e761bb5248aa8d4d67bfad8292e3780c5c20e5c897cbbd8c22d4344d5b1459,2314850345909718063,13673559323119332754,18446744073709486080
400,DS-090/Hemp_growth/C3/ryb_C3_20241215_17_00.jpg,C3,13596,a4b585c419b703e0303bdfffe85e022f8a80d08bfd8513f4624a1412a5e1fc45,2314850483365317679,13673559322851945874,18446744073709502464
401,DS-090/Hemp_growth/C3/ryb_C3_20241216_08_00.jpg,C3,12713,e92e73a0083c269e51e8baab55169994dac6f59fd2c3dea107ff91bacd648fc0,809864751,13655615293354032274,18446744073709502464
402,DS-090/Hemp_growth/C3/ryb_C3_20241216_09_00.jpg,C3,22371,1283ffea928632117ec1483e6a2c6103f63b04e031a5605ac2ca49400575f633,91727598889136675,17136826332408282773,18445038713927580160
403,DS-090/Hemp_growth/C3/ryb_C3_20241216_10_00.jpg,C3,16595,7d6db7bf6d5b442e31a920a4025af38151c91a19f21df106234f16d4611b628d,8521479514258677299,18267299938444737667,18446744073701163136
404,DS-090/Hemp_growth/C3/ryb_C3_20241216_11_00.jpg,C3,14098,91718c0e581f64ed06779b2f39d75259c65855cf3468e0c42299ae7d4e612a41,13981425043172072507,18267230669233073362,18446744073709535872
405,DS-090/Hemp_growth/C3/ryb_C3_20241216_12_00.jpg,C3,14813,8f24c2262a63f1e25cb0b73633c669d2ef830d1e8a24215e3efb5e4d0832c02c,4611694259933023283,18267300212248898755,18446744073709535360
406,DS-090/Hemp_growth/C3/ryb_C3_20241216_13_00.jpg,C3,11836,542597a77d702d7779e41d7a9a821f745256242ef4c5ec3df48e0aa907deade5,400951,18285245341529943250,18446744073709535360
407,DS-090/Hemp_growth/C3/ryb_C3_20241216_14_00.jpg,C3,11855,c6c58126c1213f880eb6003b420039321140357e1666801ba771e4d83e1ce382,137439284795,18267230943037238482,18446744073709535232
408,DS-090/Hemp_growth/C3/ryb_C3_20241216_15_00.jpg,C3,12063,a72157af59718ba74c72bc3d00cb8f844557973dcbe40b5288dd8c52534ee118,68655,18285245341278285202,18446744073709486080
409,DS-090/Hemp_growth/C3/ryb_C3_20241216_16_00.jpg,C3,12072,250dbe53010846c299f71ec9a2e3174c21c758483ba806d1d40c8a1b62728a0f,364075,18285245341546720402,18446744073709535232
410,DS-090/Hemp_growth/C3/ryb_C3_20241216_17_00.jpg,C3,12477,a9532b8dec50130580b101a6ca565244d4ac8940f5283292936ccee616e7338c,298543,18285245341546720402,18446744073709486080
411,DS-090/Hemp_growth/C3/ryb_C3_20241217_08_00.jpg,C3,10696,b6c586e9f0439a480419bcd42c61cecc8db79fde2d71be0b8b69c38760e622aa,888379,13655544924610899408,18446744073709536129
412,DS-090/Hemp_growth/C3/ryb_C3_20241217_09_00.jpg,C3,11688,d5d7093f955385f7fabd2b04d119ae2f573a4aeb41e915647a011fe8d8eafeaf,541953587,13673559322851945936,18446744073709536129
413,DS-090/Hemp_growth/C3/ryb_C3_20241217_10_00.jpg,C3,12840,e0d2815e0629cdcea66da9b3c078bc0152c5d32561416f80e1b17b98678722d9,537792059,18267230943037238736,18446744073707962496
414,DS-090/Hemp_growth/C3/ryb_C3_20241217_11_00.jpg,C3,11758,af7f0b1bd3ff3f43e7e42a0ddcca429066b01fb57e74d31d59f56cba3bb6f27b,429611,18267230943037238674,18446744073709536128
415,DS-090/Hemp_growth/C3/ryb_C3_20241217_12_00.jpg,C3,12356,f88ea0da0940f3e1fc4e93376021cedf15431d3604d5780c2066a362cb74f6ff,17180200491,18213187747508792515,18446744073709011072
416,DS-090/Hemp_growth/C3/ryb_C3_20241217_13_00.jpg,C3,12247,dd31bfa0ae1f434bc1fc85ee8272f5d6ff7a666cb8769ed07c5e7408bdb43b55,921139,18213468122973875602,18446744073709011072
417,DS-090/Hemp_growth/C3/ryb_C3_20241217_14_00.jpg,C3,12359,4ce1db3fadb1b9c824bcbc132de53018932ba3579e9ace0c16273ccfdabd661d,462379,18213187747508792722,18446744073707962496
418,DS-090/Hemp_growth/C3/ryb_C3_20241217_15_00.jpg,C3,13137,65aed435ef2e00cb630d2b2eddbcfe6a0ea8ad9d235c3c4d4ec01add32eca60a,2305843009214615099,18285245341546720656,18446744073707962368
419,DS-090/Hemp_growth/C3/ryb_C3_20241217_16_00.jpg,C3,13059,e4fe2a9ef5754eee589aa373de06dc8bdf55a5c3db7200c5641c299858a19f62,281474977107515,18285245341279333776,18446744073707945984
420,DS-090/Hemp_growth/C3/ryb_C3_20241217_17_00.jpg,C3,12863,7c7ec0bed5e9ee763deb20ca3dec2d0d6bd450dc3513f265a30395bd3f4fa100,462395,18213187747508792784,18446744073707962496
421,DS-090/Hemp_growth/C3/ryb_C3_20241218_08_00.jpg,C3,13167,542d2175fbc0526e1ba01f5b2c4bfc1bf40d78346bf46f4e6eceee91c17e8b08,1075711531,18195454823708634514,18446744073707945984
422,DS-090/Hemp_growth/C3/ryb_C3_20241218_09_00.jpg,C3,20278,00e0f99a7a8ef1c95db9adcc79b212526d992b537b7b18a33106af8f1f22bd10,99415029816998699,16848597060143966614,18446744073709093120
423,DS-090/Hemp_growth/C3/ryb_C3_20241218_10_00.jpg,C3,16826,c271b6f42cd9b3d61095f24a574fd27cf215efb212b59a0367283e854e893c88,4089796554725396027,18267301037972929923,18446744073705586816
424,DS-090/Hemp_growth/C3/ryb_C3_20241218_11_00.jpg,C3,13548,1943733a2b8340f1f105778d25d93b31a7f18e69161e3aaef5823074f438125d,216172816473916987,18195453724397284819,18446744073709011072
425,DS-090/Hemp_growth/C3/ryb_C3_20241218_12_00.jpg,C3,17299,04d2158534ef7f805dc2009b0fa3da3d1fc4e6b837f5be1ad78395e05ebb8a3a,8232915897907,18195525192716004801,18446744073707700352
426,DS-090/Hemp_growth/C3/ryb_C3_20241218_13_00.jpg,C3,14995,b41d43ff6e7c489959473484e634ab359b8cc4d7ce6428bf522823fd0e40356f,17763895,18213469222485503376,18446744073707683968
427,DS-090/Hemp_growth/C3/ryb_C3_20241218_14_00.jpg,C3,15243,d92e8aa48b3b5b4c00c405e2e9939c37ec1d442253e6a133520024ab83ada686,140738294648379,18213187747509841296,18446744073707683840
428,DS-090/Hemp_growth/C3/ryb_C3_20241218_15_00.jpg,C3,14367,3f051feab2f5ea57d26a28d37d666eb2fc4ae78af6729be4a6c1abb72bb505b9,4849602107,13601783204059164048,18446744073707945984
429,DS-090/Hemp_growth/C3/ryb_C3_20241218_16_00.jpg,C3,15688,a482b2c3fcfac1fbd2fd5c778f273563da5905ac03294c247f1a4bd1ea712362,35184926199355,18213187747237211602,18446744073705586816
430,DS-090/Hemp_growth/C3/ryb_C3_20241218_17_00.jpg,C3,15120,1cb0d5c5b9237d5a67ac3bab0952ccbfb20450a0965789bbd32c67df1665a186,4611967494629232187,18213187747508792722,18446744073705587328
431,DS-090/Hemp_growth/C3/ryb_C3_20241219_13_00.jpg,C3,13933,4910fcb7d3d3b99f80b5c98d31e4dc3ee33dac4da1979da4e8846c7268c6e3a4,4620728403531073291,17043723836988024979,18446744073705586816
432,DS-090/Hemp_growth/C3/ryb_C3_20241219_14_00.jpg,C3,13704,3a37114cd6e879153626fec108ac2230a589c07fe4d32cc89fb18c0b2dc14ca1,9259471340728419851,16759979469334603927,18446744073707683840
433,DS-090/Hemp_growth/C3/ryb_C3_20241219_15_00.jpg,C3,14018,a672dc5d1c67ede7422725b266eaf14c0b9251ae4bafefec7d3e3f1fe76c86c9,2341907128715249419,16759979469334603927,18446744073707683840
434,DS-090/Hemp_growth/C3/ryb_C3_20241219_16_00.jpg,C3,13783,8df595d7134059b2fc0d1032aa4c95eec933e29e8f796f9344d633ea9dc172d0,9259471203289466635,16759979469334603927,18446744073707684224
435,DS-090/Hemp_growth/C3/ryb_C3_20241219_17_00.jpg,C3,13993,c6a1e2a111ae1f5c2aba1ca51698349e6edc975a7792eaa7c10d77483b345670,11565279165301589771,16759979469334603927,18446744073707683968
436,DS-090/Hemp_growth/C3/ryb_C3_20241220_08_00.jpg,C3,14590,2521cfac5d660171df82fe8b3d396ddb2fc19b1a2236684ceb5a2e5740ded828,9259541648671966987,16759997052964268182,18446744073705455616
437,DS-090/Hemp_growth/C3/ryb_C3_20241220_09_00.jpg,C3,23422,214f7e130ebefadcf990fd53e24e5f3e2492edf6afd86f8b04034b499ffca5c4,16384557047654626091,16849721582661232854,18012421561736829184
438,DS-090/Hemp_growth/C3/ryb_C3_20241220_10_00.jpg,C3,18800,d4a7c5585c3030bfc5cc0c683f3a6e827fd2685bf9ec56b112b4a301f2708511,17321539290882582283,17908414966500124822,18446744073692889280
439,DS-090/Hemp_growth/C3/ryb_C3_20241220_11_00.jpg,C3,16767,480c662088348ba56556a3a691b650d54bbcf5fc808fd8bf8693057a43d2d63c,2558044588481120027,16759997061520517271,18446744073707700352
440,DS-090/Hemp_growth/C3/ryb_C3_20241220_12_00.jpg,C3,18408,14e06730aa6ed7017d49ecdfca89e3bdd6fab2a3dc1edd1b5e6db83198325cb1,9403946199029318171,16755493735697442967,18446744073707700352
441,DS-090/Hemp_growth/C3/ryb_C3_20241220_13_00.jpg,C3,15119,267909f6805ebc225ffa0735ddc32909af9933e5dcb56fe9067ea19ac22c6f74,13889241988500752155,16755493461893277847,18446744073705455744
442,DS-090/Hemp_growth/C3/ryb_C3_20241220_14_00.jpg,C3,14613,46417501a360f4693edc763b2c9a05368b846e16bdbf528bb021fa5cd300611b,10412339940532094747,16759997061554071702,18446744073705455616
443,DS-090/Hemp_growth/C3/ryb_C3_20241220_15_00.jpg,C3,15351,ef1342ba1f6b6393b7a8a7a5494752e0763faed17a55b5dd3fbb71b86a1ed9f1,9259541581227562763,16755493453337815446,18446744073705455616
444,DS-090/Hemp_growth/C3/ryb_C3_20241220_16_00.jpg,C3,15047,1d4c153fc69a3c633186c22fea6d4cb0ce05118f9409324de6574f5cefac48bc,13871227591064764171,16755493453337815446,18446744073705455616
445,DS-090/Hemp_growth/C3/ryb_C3_20241220_17_00.jpg,C3,15817,0c79981188fc50452c5463df3b0e786311040d4d547a983f2e510ae55aedb691,11565419834942633739,16755493453337815446,18446744073705455616
446,DS-090/Hemp_growth/C3/ryb_C3_20241221_08_00.jpg,C3,16800,262aca70b77ede36671408ce775d50b54319891113adeb74afff585b6d71f320,9259400984332284683,16755493453338274198,18446744073705455744
447,DS-090/Hemp_growth/C3/ryb_C3_20241221_09_00.jpg,C3,24118,77389120e452ecfaf88ce6a0d604a87c8300e0225ca6e18b354a24330c13c69f,3544615899612033339,16922038665752109974,18301784452075952128
448,DS-090/Hemp_growth/C3/ryb_C3_20241221_10_00.jpg,C3,20552,4f3b7fabc6ddbf3c5f0f6227882213e1ecfb753ad3a5e80e78974fa9032d03d1,13889237874995831563,18195519434188941718,18446744073705456000
449,DS-090/Hemp_growth/C3/ryb_C3_20241221_11_00.jpg,C3,19475,132f2b1109bfaa5a08bc3642fbe5bed2057d2fd1378c221785df4b0ed84e0e8b,9439544957683049243,16759997061554006422,18446744073705455744
450,DS-090/Hemp_growth/C3/ryb_C3_20241221_12_00.jpg,C3,20365,98b0f435a1d9651caa3ed8609ff965b2b45c136551e7644813f46e5dd6cc0b7a,9259408746479035163,17908415240337648022,18446744073707552896
451,DS-090/Hemp_growth/C3/ryb_C3_20241221_13_00.jpg,C3,17026,5624cd3eab9a70eb8cb81cc8a3108a3fef8136cdfd318be6d60a9792decab806,9259541648873300763,16755493461926701462,18446744073705455744
452,DS-090/Hemp_growth/C3/ryb_C3_20241221_14_00.jpg,C3,16888,2b142e96f435687073e18fadf33c2c050ce2a59cdb89e1d34946f92bad6ac14b,9268548978050802459,16755493461926701462,18446744073705455616
453,DS-090/Hemp_growth/C3/ryb_C3_20241221_15_00.jpg,C3,16937,b8463145ba3b1fc0c17a480d272beb38548a0d14afa2b01e4f824b020d7b59e3,11574427171636323083,16759997052964137366,18446744073705455616
454,DS-090/Hemp_growth/C3/ryb_C3_20241221_16_00.jpg,C3,16590,88ce1dacf93c28ce1988fa5ca88d01cecc03c75eb0034e2e8873ce95eb40bf0d,9259436234269467403,16755493461927684502,18446744073705455616
455,DS-090/Hemp_growth/C3/ryb_C3_20241221_17_00.jpg,C3,17462,ec5676f12f408c3fbb0ae443b821fb4e530eed47176bcf94998768bb34ed68f2,9259576963167888139,16755493461927684502,18446744073705455616
456,DS-090/Hemp_growth/C3/ryb_C3_20241222_08_00.jpg,C3,18149,2e07cb3f1c6a676d706e40a5a84fd0d3105007a65b5566a7b4266997dfcd9660,9259545973905105675,16755493460686891414,18446744073571237888
457,DS-090/Hemp_growth/C3/ryb_C3_20241222_09_00.jpg,C3,26204,a74da9fdb7254b49cb589cd8beb3f98aaa84e33b15d10b57118c7766b80de926,3580362945166291259,15768555314914027926,18229726866620094464
458,DS-090/Hemp_growth/C3/ryb_C3_20241222_10_00.jpg,C3,22342,78893126453025287486a19e440191656732508ee7c075750b555a32c1d34fdb,13889205017424110395,18194956484101499031,18446744073432826240
459,DS-090/Hemp_growth/C3/ryb_C3_20241222_11_00.jpg,C3,20317,9aab4506943beba4444d02641e33f667d2fb4256719fd6ff5347207c28e7cffc,9223512774545711899,16759979469368158358,18446744073437020544
460,DS-090/Hemp_growth/C3/ryb_C3_20241222_12_00.jpg,C3,21491,53309bf0dd2bda6f119d2c1579a7a65f01a766ad145d48deec7337eb5a61eba3,9259417809934557979,17908415240170596502,18446744073705455744
461,DS-090/Hemp_growth/C3/ryb_C3_20241222_13_00.jpg,C3,17996,0cb55f023534f4475b998cdfdbdff8d05cd2e21dd8f1d7d32a1fb941329f360d,9259541717593563931,17908414965426382999,18446744073437020288
462,DS-090/Hemp_growth/C3/ryb_C3_20241222_14_00.jpg,C3,18154,6ee0a34ce37e0c2699d3023a70d931f01b9837a7dbd9a12184b01aa04e3a134f,9259541777722059547,16755475869707757719,18446744073437020160
463,DS-090/Hemp_growth/C3/ryb_C3_20241222_15_00.jpg,C3,18145,2ffa88623166f836fac80fc3560363ff5f83f0ef2a4c9499625c9d6d4f375290,9259541992471472923,16755475869707757719,18446744073437020160
464,DS-090/Hemp_growth/C3/ryb_C3_20241222_16_00.jpg,C3,18529,c9f791eb04f8584be39ae93f52a3bd3eb118e9235ca93e95d0c4676e33909a72,9268408514366352155,16759979469334603927,18446744073302802432
465,DS-090/Hemp_growth/C3/ryb_C3_20241222_17_00.jpg,C3,18512,38986fed3ad01b4f4f1ec103bd59c6b7d834aa73ee0671a8aa8fb06cc6e0c0ac,9259542052599966491,16755493461760108950,18446744073437020160
466,DS-090/Hemp_growth/C3/ryb_C3_20241223_08_00.jpg,C3,19951,8ec6d171cdd6a1dbc1b699d02dffdea93d79fab17ace0e77d7f763f74ca5071c,9259550374132656923,16759997060313213334,18446744073298608128
467,DS-090/Hemp_growth/C3/ryb_C3_20241223_09_00.jpg,C3,26936,8b383be21668cbfcb429f86746af179fb4f79d0ebaa2a3b5d0ca4e1b2f2800ce,4078009462811734331,15769118256210536854,18230289812043667456
468,DS-090/Hemp_growth/C3/ryb_C3_20241223_10_00.jpg,C3,23752,fc05a9f425cee8a8026cb22b62eca7642f6a466003fcdd58bf6d9c1e86d66093,9259621148989285171,17118860064506476695,18446744072761737600
469,DS-090/Hemp_growth/C3/ryb_C3_20241223_11_00.jpg,C3,23176,76f4b76a1010ac14414885c90ff0f26cccef8142fb0dd4f00a5d486ec75d3720,288512951113182011,18271785957634566291,18446744072895955328
470,DS-090/Hemp_growth/C3/ryb_C3_20241223_12_00.jpg,C3,24291,708a4a124c3a63856f4f4e742a0ed768eebc833841f9400affa224f66afcf108,9223397757739557683,18267282641336629395,18446744072900149376
471,DS-090/Hemp_growth/C3/ryb_C3_20241223_13_00.jpg,C3,20767,fbb5e4bf2463689aacd0815ebcf212375f9222f4414acdcea2e9e0ed79393b09,275082601275,17980173492305750167,18446744072895955072
472,DS-090/Hemp_growth/C3/ryb_C3_20241223_14_00.jpg,C3,20545,bd5f58d16dea087e66673bf3641b07b68137044b0a6c33e7607c903c56a2914c,10376302758934571835,13389883970154883219,18446744072895922176
473,DS-090/Hemp_growth/C3/ryb_C3_20241223_15_00.jpg,C3,19799,037c6713bb3c867a5932ed4715016b5c0b997a25ca231d7fef3e9fceaa9e471b,4611967906191993659,13389883970150688919,18446744072761704448
474,DS-090/Hemp_growth/C3/ryb_C3_20241223_16_00.jpg,C3,20566,064c0fbf66fb6e32597ec69ee004013e50c08a3d68430da6eef5b004a44ba988,18004973939515,17998192546421368983,18446744072761704448
475,DS-090/Hemp_growth/C3/ryb_C3_20241223_17_00.jpg,C3,21365,eb125ad17d46521f9a61a7ae3468f2d7be727481308cf94061883d1b83f27094,2305843422001589051,13386506322909292695,18446744072761704448
476,DS-090/Hemp_growth/C3/ryb_C3_20241224_08_00.jpg,C3,22815,40bbe88714e5cff688e5ed1cd6636476899485d92d7dfd1b4f310dd57c5f250d,35206051619643,18128233710787979415,18446744072761704448
477,DS-090/Hemp_growth/C3/ryb_C3_20241224_09_00.jpg,C3,28965,036d5a2698ebb0bde069024485384f1c147218de4477b440f102258199f7bbd8,4111786477448556859,18074684251915577494,18446744072888064001
478,DS-090/Hemp_growth/C3/ryb_C3_20241224_10_00.jpg,C3,26996,03032c13b6c4b8f559d6fb65b0c38fb4550e07b463ce6c3f35409c0285d950a7,9259401109241555763,17984118523785869462,18446744072753356928
479,DS-090/Hemp_growth/C3/ryb_C3_20241224_11_00.jpg,C3,24337,171e1e3e30130ed9ba9ed1b12a6a85cf2ebb889f2d79664b3bd33289065743c0,576743378804501307,13368493014251960471,18446744072761737601
480,DS-090/Hemp_growth/C3/ryb_C3_20241224_12_00.jpg,C3,24862,42eee1ba6ff9da201768b8b98eb4a03f40cebb2275b218742c8735f9720cf58a,21217611572019,17979052316728719507,18446744072761745536
481,DS-090/Hemp_growth/C3/ryb_C3_20241224_13_00.jpg,C3,22574,b1ceaaf806901bb504c9218bad98a805ac56bf09b057d086d13edc496f804898,9223513058013561627,17980177873172396179,18446744072761737344
482,DS-090/Hemp_growth/C3/ryb_C3_20241224_14_00.jpg,C3,22969,9416e44a44bb1263a2ca976e22b00378078d804b811dea76bf237346659801a8,2305878477524659003,13386506321839749270,18446744072761704448
483,DS-090/Hemp_growth/C3/ryb_C3_20241224_15_00.jpg,C3,23057,5c0a72b19fef9ac19e56859c8e9d68075400bde8e0cd9aa9c9290e00c5a939f7,2305860893928549179,13386506313249814679,18446744072761704448
484,DS-090/Hemp_growth/C3/ryb_C3_20241224_16_00.jpg,C3,23904,5a9a8b6cbb98c8133cfb4f4879a374bbb1d181aee8556e23c0553d671678fd44,4611721516803124027,13385943371886327959,18446744072761704448
485,DS-090/Hemp_growth/C3/ryb_C3_20241224_17_00.jpg,C3,23575,e08c7482ddb92d9d25743fcf76abf195ebbba9a8e5680dabca89799e2555f576,9259436349429345083,13386506321839745175,18446744072761704448
486,DS-090/Hemp_growth/C3/ryb_C3_20241225_08_00.jpg,C3,25113,08f3e99fe187dc6e20268b060aebd222110411135924754b3762d43cfe6e26c4,1125964804483899,13512044195812436119,18446744072761704448
487,DS-090/Hemp_growth/C3/ryb_C3_20241225_09_00.jpg,C3,32006,ea0d6cf2c614297b20482651d05fe4605c1264faca6d09a48ddd19949c8636d7,1731634108745115963,13318954513617807766,18374686478833293313
488,DS-090/Hemp_growth/C3/ryb_C3_20241225_10_00.jpg,C3,29808,b6a1d3744a200cc1e5ff7696f14b0811cbdd1d96ac87f643b91a0fb2428aad50,9259664768710699827,17908401274014349463,18446744071679635584
489,DS-090/Hemp_growth/C3/ryb_C3_20241225_11_00.jpg,C3,27301,0cb3b18813860d45e41cbf435341715d370282591763843759f017a52d51d842,148618839749520187,13368494113763588247,18446744072761737601
490,DS-090/Hemp_growth/C3/ryb_C3_20241225_12_00.jpg,C3,27718,5dc42304d8a6f039a897536a5096dda5663a5789e7a785b45dee5b232a9906ba,1182027012590387,17980180183730567314,18446744072895963264
491,DS-090/Hemp_growth/C3/ryb_C3_20241225_13_00.jpg,C3,25307,d1e91186233d2217c858755584a44c6f27bad2446f8fa582d919a9795ad715fd,52828570864411,17980177958937507990,18446744072761737344
492,DS-090/Hemp_growth/C3/ryb_C3_20241225_14_00.jpg,C3,24388,b1397f0595bae804256e7a95d7b16a559c6ad51799b219a54318e8d48d05f4ff,9259453662442507067,13391011012388796566,18446744072761704448
493,DS-090/Hemp_growth/C3/ryb_C3_20241225_15_00.jpg,C3,25272,742a6a9a2930fdb9b7f75bde73429ccc9d718a7d46ddad179020e99d5b905263,2251860416359227,13386503014714931351,18446744072761704448
494,DS-090/Hemp_growth/C3/ryb_C3_20241225_16_00.jpg,C3,25505,8458ff4f583a29687b9bdbe2c56e542fdd7b37f06790969253865fdcf826bff2,2342135745364585275,13530058559962183830,18446744072761704448
495,DS-090/Hemp_growth/C3/ryb_C3_20241225_17_00.jpg,C3,26376,05a6cae3a4d4d4b6a83327ab0f7ce7199a858ae74a7ee273c934a9b09cba8b4b,9223495234203380539,13385943371886327959,18446744072761704448
496,DS-090/Hemp_growth/C3/ryb_C3_20241226_08_00.jpg,C3,25490,108f9e7e540974905550cd97ea270f77e1797cfb95cf53dd05ac295e73e71229,2324432478749499,13516543380213415062,18446744002968486144
497,DS-090/Hemp_growth/C3/ryb_C3_20241226_09_00.jpg,C3,19705,b21b201e09ca14c066b220098d7604bc06f26d6e40df5cd18d4c57ef1a4cbc46,60535556915,13372991073505720471,18446744072897689985
498,DS-090/Hemp_growth/C3/ryb_C3_20241226_10_00.jpg,C3,27155,d9938ac953e7321d9d9c62b3cf94cc82ea2ee07a81a52590af645a1bdad40490,2254063734573883,13534557761543027862,18446744004042227969
499,DS-090/Hemp_growth/C3/ryb_C3_20241226_11_00.jpg,C3,28324,ed8b8e95dcebf559b93145656099f65c263435c7fcc2bb5d7b466a3f9f26ecd9,2304637012233019,13534558809515043222,18446743968600359169
500,DS-090/Hemp_growth/C3/ryb_C3_20241226_12_00.jpg,C3,28871,2eb4cb7d146c9e83825731a3c9ece1caae638cf4bfd248ed4d885bd7dbeb0699,35236422568755,13534557692957780119,18446744002960097281
501,DS-090/Hemp_growth/C3/ryb_C3_20241226_13_00.jpg,C3,27044,2e4d0d75c6a009ffed8be5654b86f92c7ea84d6de2915659fe9d222fec91cf63,1161213634628411,13390446971647831191,18446744002960097536
502,DS-090/Hemp_growth/C3/ryb_C3_20241226_14_00.jpg,C3,25250,a7df439ec89dc9b9ad62c215b5cf8dfe4f9c3e6d5ed62f31846ac714e8112664,2251864711318323,13391009921467100307,18446744004176969985
503,DS-090/Hemp_growth/C3/ryb_C3_20241226_15_00.jpg,C3,27095,cbc596fdefada7e79f64b6fa3c117f5762fe404c1e60d86686d48762525dfde6,1170988740310682419,13385945570909568147,18446744002960097280
504,DS-090/Hemp_growth/C3/ryb_C3_20241226_16_00.jpg,C3,28543,d82abcbd72b2ccd9a044ea15567d2a59616a4c81b5718b94ca57e1919c539224,193849560623923,13530058594321905811,18446744002968485888
505,DS-090/Hemp_growth/C3/ryb_C3_20241226_17_00.jpg,C3,29096,e3f8c81c7d560a20dfd57e86c67dfd5615693bf9cef42031b60824e271912962,36222371702205235,13530060758985422995,18446744004042227712
506,DS-090/Hemp_growth/C3/ryb_C3_20241227_08_00.jpg,C3,7371,2734d6f464d14a19d8fdf301246859d6c2e74e94bdcc6758497615c443c92227,98355,16759979537786693767,18446744073709551489
507,DS-090/Hemp_growth/C3/ryb_C3_20241227_09_00.jpg,C3,28305,57cb7b61dda26ddb5f56df983137673fc4a067ed64d091ce249ff03c85fb2bb9,59438458956563,13390446971513683091,18446743968743661953
508,DS-090/Hemp_growth/C3/ryb_C3_20241227_10_00.jpg,C3,29688,8187a2831cb43ef4daef98e027360d771b3226af548abdf18cacb17931165398,288272222491206451,13391005523420593299,18446743969683144961
509,DS-090/Hemp_growth/C3/ryb_C3_20241227_11_00.jpg,C3,30664,01147bf1fa25e5ca9e87234ebd069d41b3bc3d96cafd03de19111623e38b9e51,288272222524754739,13534557761543027859,18446743968608747521
510,DS-090/Hemp_growth/C3/ryb_C3_20241227_12_00.jpg,C3,30029,1fe56f2133dedc852006842451b0652ca61dff3d3dac769fa462c174a64f7d10,54102664156498739,13390442573466926231,18446743968600358913
511,DS-090/Hemp_growth/C3/ryb_C3_20241227_13_00.jpg,C3,29635,3e76c110a8ebb63b0a1c2b075e853cef8f365581008e8d5cca534ebf97cad2fe,57857977568051,13390446971513420951,18446743968609272065
512,DS-090/Hemp_growth/C3/ryb_C3_20241227_14_00.jpg,C3,30829,625daa41cd238f7790128a9ff060b5b4a40b74620a9298be4579810d93d5d872,1486247929771674419,13390446971513420951,18446743968600358912
513,DS-090/Hemp_growth/C3/ryb_C3_20241227_15_00.jpg,C3,30816,1680312e86a82a3a526af8287c7ae660f38088f5975db61427e7ff176b595e87,54065315116698419,13390449170536938642,18446743968600883200
514,DS-090/Hemp_growth/C3/ryb_C3_20241227_16_00.jpg,C3,31307,d6f3b44d76f68880ce9900f4b5d6e086236b78a5dff8a5cebe805f5272715e4e,54068063895767859,13390446971513683091,18446743968600883201
515,DS-090/Hemp_growth/C3/ryb_C3_20241227_17_00.jpg,C3,30845,b16e59d2a47d14a0fb8c8e854020a1daea4dc433b251c88f310a8de568a1e035,63356154011675443,13390449170536938642,18446743951421014017
516,DS-090/Hemp_growth/C3/ryb_C3_20241228_08_00.jpg,C3,6864,5a08277833d1c368969b79311f0eb5b6101867ed7edeb74ae9e2fedf8e1859b5,65587,16759979537786693767,18446744073709551489
517,DS-090/Hemp_growth/C3/ryb_C3_20241228_09_00.jpg,C3,21705,676696f208dc4fce61c177cb4a45bbd157bf3d2614041637b4543bae48bc696a,25886178134835,13372991142224931991,18446744004180310401
518,DS-090/Hemp_growth/C3/ryb_C3_20241228_10_00.jpg,C3,31340,6deaa4b75d5e5bd3dba29c5f660cd81a3b47dfeac6dd008dfc051faea89a4963,148644759879764787,13534562159656381590,18446744002960629761
519,DS-090/Hemp_growth/C3/ryb_C3_20241228_11_00.jpg,C3,32412,c345f228c5d286be1bba02dae183a1d1605d404ca6656888b8188ab688fa045a,182417359038008115,13516547761146899862,18446743968600883200
520,DS-090/Hemp_growth/C3/ryb_C3_20241228_12_00.jpg,C3,33021,9218ff3e68d10b5459300ce9dd9774d139aaca7f73585a6bfd8216e1cec5818f,182417341858138931,13516547761079795094,18446744002960621568
521,DS-090/Hemp_growth/C3/ryb_C3_20241228_13_00.jpg,C3,33065,340b94b7a821e43d0041593336e0fc86f96eb3129f0e50fa5436d828600ae590,1488461508639935283,13390446971513421206,18446744002960621568
522,DS-090/Hemp_growth/C3/ryb_C3_20241228_14_00.jpg,C3,31723,3ee9cf1f4086d827dda0d391201eadf59df42a414a1789e0e8424379a4a9eb5b,1200234156145199923,13390446971513421206,18446744002960621568
523,DS-090/Hemp_growth/C3/ryb_C3_20241228_15_00.jpg,C3,32518,db1fc939bb724357b020886e9a4c70b1d0ecc59a9c746405a56963b1ac9ac48b,1441176753389390643,13390446988693290386,18446708784228794368
524,DS-090/Hemp_growth/C3/ryb_C3_20241228_17_00.jpg,C3,33994,3a9a2ff9484c6ae033d34a519f8338ed39b709ce07786410e59a570c3448fa62,4640980148285557555,13390449184226884818,18446743986862882817
525,DS-090/Hemp_growth/C3/ryb_C3_20241229_10_00.jpg,C3,37717,911ff9aa775ad3fdea4587be46667bb9044564116dc7e1966a9d220db8e75cab,6924306190205403955,17979892086719331527,18446743942831513728
526,DS-090/Hemp_growth/C3/ryb_C3_20241229_11_00.jpg,C3,35408,bf1b3e99fb54a63469642a30944ff7c8d15c3abfefa2aca9506a054cebf5c478,78834756551852819,13367928991361744339,18446691193251135873
527,DS-090/Hemp_growth/C3/ryb_C3_20241229_13_00.jpg,C3,36780,99d4fbb0eae263d06c7a65941088c7622c7dbe84aab4f92a5013d9356c7ebaf7,16148804144146891539,13372995536714677712,18446691193125273600
528,DS-090/Hemp_growth/C3/ryb_C3_20241229_14_00.jpg,C3,34226,b0a0b4d4dc7268e8b16d78c6deccde6464049bb97abaabb915923d339eea0ceb,6925440903351583507,13390443686702300624,18446691193125273856
529,DS-090/Hemp_growth/C3/ryb_C3_20241229_16_00.jpg,C3,37127,44753893fcde4a690d85e4aac5a53b880b4adab669d3fca81e685dcf7f945dc6,6925440903368360723,13533431875326131667,18446691193116884992
530,DS-090/Hemp_growth/C3/ryb_C3_20241229_17_00.jpg,C3,38163,70c4738075263acdfb4257c5fb47b7977f12f96c01e95f690e59e39ca3359191,13951056322083111699,13533432974837759187,18446691192043143168
531,DS-090/Hemp_growth/C3/ryb_C3_20241230_10_00.jpg,C3,40238,d76a51aed45869f1d6827014c555428b08735dda474f203deccfee09fcb74343,9230289936773235507,13372430391965850831,18437732345530229120
532,DS-090/Hemp_growth/C3/ryb_C3_20241230_14_00.jpg,C3,38162,607b9846ca8d42ae391ce720a372e63aa36bd289c269ee2f3a7569b02b4787f4,9375390021097310995,13534558879039559879,18433233170792907009
533,DS-090/Hemp_growth/C3/ryb_C3_20241230_15_00.jpg,C3,40083,bdfa6df5aa6d18206d023edd4d8477def95070e864392f2c8dc5f5c7afdbb957,13987076039524436755,13533432979132725447,18437701586048188673
534,DS-090/Hemp_growth/C3/ryb_C3_20241230_17_00.jpg,C3,37772,edc4af11369a2f5ae4c57ca81cb01dbb85346b075b032117b49588e62cee5f76,16148944598150630163,13533432979132726467,18437736770420277248
535,DS-090/Hemp_growth/C3/ryb_C3_20241231_08_00.jpg,C3,9287,77351aebcce549efbce242718f0a09f0664dde66a7440e7ce03b80b5932fd585,578712552117207091,17908414966500124807,18446744073709551489
536,DS-090/Hemp_growth/C3/ryb_C3_20241231_10_00.jpg,C3,43456,28916355ac84e66e360d7a19eba8ab35a4174a405ee3ca4af78a3b6c6b6eaa2b,1746432989702218515,13300391489625610439,18437730164760576128
537,DS-090/Hemp_growth/C3/ryb_C3_20241231_12_00.jpg,C3,42501,7fb12da925af35dea9ed3de11b777be67925b681cbd7cc5cd57e3869cc19c4e8,4043268816841040659,13371257208764063173,18415214417320804608
538,DS-090/Hemp_growth/C3/ryb_C3_20241231_14_00.jpg,C3,43758,cddcf8676e2d4880c8902217d1237dc65bb883e96e9ca0ef342d0b5da6d58dd7,4187252046459267859,13461381982164511173,18433215578606862593
539,DS-090/Hemp_growth/C3/ryb_C3_20241231_15_00.jpg,C3,39540,7a97b94a912bc19cb2291e2cfc2c588b08d8b63a67829b8a3a446e75e20c1cb7,4115185656345357075,13533435178155931845,18415218634844471553
540,DS-090/Hemp_growth/C3/ryb_C3_20241231_16_00.jpg,C3,40538,8111125ba81fff9b8586a6806568f0038b5195bf0232aec0e4bfbf21a6a572e5,1809483453322717971,13462433115280668871,18415218772283425025
541,DS-090/Hemp_growth/C4/ryb_C4_20241212_13_40.jpg,C4,12281,37be7e50928101248ffcaf2f005a75bb749088e3a630146718125da6a1b5f038,13871227864668524043,16759979537785649287,18446744073709486080
542,DS-090/Hemp_growth/C4/ryb_C4_20241212_14_00.jpg,C4,12553,8df0a80fb42d96e716a96917950d5e02645e8a4296a259967ae1a987e168a362,11574286501593304591,16759979537785649287,18446744073709486080
543,DS-090/Hemp_growth/C4/ryb_C4_20241212_15_00.jpg,C4,12155,99bbb39ada9dee80bd1f518ab4771000662c432eb5646add56102309a20fc901,9277415508335937039,16759979537785649287,18446744073709486080
544,DS-090/Hemp_growth/C4/ryb_C4_20241212_16_00.jpg,C4,11796,0834bd5d0459e2250920f31d7ff939391c2765382c8fc649aae219e5118b7562,2150712847,16759979537785649287,18446744073709486592
545,DS-090/Hemp_growth/C4/ryb_C4_20241212_17_00.jpg,C4,13456,eb43563c13410ee40e9811d7cc5038ac24725b582e6141afd998d62982d93388,16177070668797462031,16759979537785649287,18446744073709289472
546,DS-090/Hemp_growth/C4/ryb_C4_20241213_08_00.jpg,C4,9703,f866c18ed0a8861969568dcac08c4f87f31712f3b7344ab9d0147bbd530c2a0d,69273091,16759979537785649287,18446744073709544320
547,DS-090/Hemp_growth/C4/ryb_C4_20241213_09_00.jpg,C4,12441,199fcc04effef2c81766187d4395b09876f500cfa444585ac8d344929ae6b576,9259400833875920395,16759979537785649287,18446744073709535744
548,DS-090/Hemp_growth/C4/ryb_C4_20241213_10_00.jpg,C4,12142,531d84a8485dd70aae1f965f822b05b0bb4d06b24cdb088e573970ce77acbbd0,2704907,16759979537785649287,18446744073709544320
549,DS-090/Hemp_growth/C4/ryb_C4_20241213_11_00.jpg,C4,12793,239a1c0f3d61ad61eb8a115f236e5f577b75bbe3f3ed8c2adc036a03482e46ba,9259472166438651403,16759979537785649287,18446744073709544192
550,DS-090/Hemp_growth/C4/ryb_C4_20241213_12_00.jpg,C4,15206,5e6b0a6a556f0636b29c837d5a88aeca364444e64ee3d99085c231157a6b0a39,17329851366123259403,16759979538054068359,18446744073709543936
551,DS-090/Hemp_growth/C4/ryb_C4_20241213_13_00.jpg,C4,12594,b7e17364c509a496f45365b2fc3fc7747e586391b858dfb583b7b55dd0b78c2c,2305878744416454155,16759979538054019207,18446744073709519360
552,DS-090/Hemp_growth/C4/ryb_C4_20241213_14_00.jpg,C4,12827,2ae0e40c8891ff3e5eda10790a10fee8144c2b9308b9a9ad788902a8f8179a1c,4611827170381202955,16759979537785584007,18446744073709486080
553,DS-090/Hemp_growth/C4/ryb_C4_20241213_15_00.jpg,C4,13410,0742d6d776d1a7d595024be3a24abf05cb90bdcad2c7360fd7c0a1e3a0445309,13839702392399480335,16759979537785584007,18446744073709486080
554,DS-090/Hemp_growth/C4/ryb_C4_20241213_16_00.jpg,C4,13457,40e178f6523190f2cad57cf8b5daad6705232ad9c7a5a80d0d09b98bf6980fe4,9277556384336987655,16759979538054019207,18446744073709486080
555,DS-090/Hemp_growth/C4/ryb_C4_20241213_17_00.jpg,C4,13180,f91d4ae2b98a416e329d738a750414cf7573fb01a00868ed1c43ec9ff33687cc,4611686018430617099,16759979537785649287,18446744073709486080
556,DS-090/Hemp_growth/C4/ryb_C4_20241214_08_00.jpg,C4,11971,7d82c3483fc59f8d69cfe5800c4557c393f85fc3fd4ebbe692fc217d1992383d,2115075,16759979538054084741,18446744073709543936
557,DS-090/Hemp_growth/C4/ryb_C4_20241214_09_00.jpg,C4,16749,6d7603fcbf84040811bee8eaa7425cdcfd62cdd9af744b3ded57a2016aea6979,3472328296226623003,13583526998551521943,18446743936268370432
558,DS-090/Hemp_growth/C4/ryb_C4_20241214_10_00.jpg,C4,16061,3bae6fc3f62e7a1a780f9abc7c27a4bcc805dced87c91c15d62bad06b2d26195,9277556931944795675,16183518785750661255,18446744073709543936
559,DS-090/Hemp_growth/C4/ryb_C4_20241214_11_00.jpg,C4,14193,48a76d80736a3690882dc38483714a19e4114a76c06723431ee283f6bfa42d49,141287581828635,16759979469334608007,18446744073709543424
560,DS-090/Hemp_growth/C4/ryb_C4_20241214_12_00.jpg,C4,15065,00cea1d9db7ac12c691e4112bb353b8ab7206b7df44f42e3ab4c068bfbb89b69,16176929864738162203,16759979469351319687,18446744073709543936
561,DS-090/Hemp_growth/C4/ryb_C4_20241214_13_00.jpg,C4,13867,ea9e26531cbe1baa2828a543de0b8533d609219653c42c0b24e57ed5cd45a750,9259542258559551003,16759979533775829127,18446744073709486848
562,DS-090/Hemp_growth/C4/ryb_C4_20241214_14_00.jpg,C4,13309,e50cd87804e242eff937eb9765c7ade55a3516bd8b215f7bd604ef9a2dcfc3db,9241386986194404891,16759979533775829127,18446744073709486080
563,DS-090/Hemp_growth/C4/ryb_C4_20241214_15_00.jpg,C4,13790,785702ffc4bc86d99221cd45969ba5dfde72829bcf3f774dfbcd6dd1930e842b,13880129373369091595,16759979538054019207,18446744073709355008
564,DS-090/Hemp_growth/C4/ryb_C4_20241214_16_00.jpg,C4,13850,baa81f9a60d68a9ddf210d06982c909aabe05dfd0f23b0eec7a41f9b23cd1e2d,9241562634252273163,16759979538054019207,18446744073709486080
565,DS-090/Hemp_growth/C4/ryb_C4_20241214_17_00.jpg,C4,13842,d57f820a6bae21b6743df472eb736887d2f49369ce49942cf65c854957495a35,9259542121120089611,16759979538054019207,18446744073709486080
566,DS-090/Hemp_growth/C4/ryb_C4_20241215_08_00.jpg,C4,12467,1faaf687a606f7eea86a5be64a75dfb3840d9ba55e30318d6de4bba78310310f,413211,16759979469334608021,18446744073709535744
567,DS-090/Hemp_growth/C4/ryb_C4_20241215_09_00.jpg,C4,16716,f7c86725b86ca2b4eb59807ebdf9787d752b3e07bc218ea74f60f8ee8a187dfb,3472328296227020315,13602667229322111125,18446708751358624512
568,DS-090/Hemp_growth/C4/ryb_C4_20241215_10_00.jpg,C4,16455,86efd1e4a476157410f31ee8a80e792259184c399bd9955a7ac99d4a60ca0c3c,9259577718076100123,16754912988473292951,18446744073709010944
569,DS-090/Hemp_growth/C4/ryb_C4_20241215_11_00.jpg,C4,14950,86008d6abc9f7560961e5bfecd1bafab4a3e0726570d961f6fa8295f85441b3a,176211102027291,16759979468260866199,18446744073709543424
570,DS-090/Hemp_growth/C4/ryb_C4_20241215_12_00.jpg,C4,16537,17169aed749b1aa0c02c4d9164442da5a7dafb312ae5b59477fe46423d6b67cd,17293822569103511067,16759979469334591639,18446744073709011456
571,DS-090/Hemp_growth/C4/ryb_C4_20241215_13_00.jpg,C4,14096,001c48aed7648052e6279c0ebc07a9832458e7454771ca7e0ac1df0895252f3a,13889242263446179355,16759979533759117447,18446744073709011456
572,DS-090/Hemp_growth/C4/ryb_C4_20241215_14_00.jpg,C4,13828,52f963f5cdd9f6f8931c7f8d1285b7ad3e9562179d6dba89527a7ab3db0c6f4a,9277591430464736795,16759979533775829127,18446744073707913216
573,DS-090/Hemp_growth/C4/ryb_C4_20241215_15_00.jpg,C4,14086,739aeace889c612c8f08e2e62f0e628fa13760ddbc02c71f77d54a975d6ff7dc,9268549047643098635,16183518785750661255,18446744073707913216
574,DS-090/Hemp_growth/C4/ryb_C4_20241215_17_00.jpg,C4,14699,b7cda9aee5d246329556ad3af1c1ac791dc28e06ff27a804bc3074db15f5a70c,11565314761856206347,16183518785750661255,18446744073707651072
575,DS-090/Hemp_growth/C4/ryb_C4_20241216_08_00.jpg,C4,12842,336cfdb8f7be59c0bc2dd936da6501689e23adad03c364175e51a201035d17b8,17180329483,16759979469334608021,18446744073707700992
576,DS-090/Hemp_growth/C4/ryb_C4_20241216_09_00.jpg,C4,19388,a4e4b34e8399d1e96558ecd1a8ede81b3ea06b6e9afa0c960d1b8e65fa9c1629,4048800043646719515,13590282330346776981,18446708751357444864
577,DS-090/Hemp_growth/C4/ryb_C4_20241216_10_00.jpg,C4,12146,fed0d7a5cfbfc00abc7a62b3c9416e7aa5b8c4768364451bc6b75d97c13da09f,13889313181946218011,16183518785750661255,18446744073707962368
578,DS-090/Hemp_growth/C4/ryb_C4_20241216_11_00.jpg,C4,11302,5deace64e11312752f99bd3937359ca1a1937e378884f9d63214cc5e45acbeac,9259471534270907931,16183518717031184535,18446744073709019136
579,DS-090/Hemp_growth/C4/ryb_C4_20241216_12_00.jpg,C4,12113,043bf0d83c586feff285022b91f982f3e0419adac9f69d8d2afd2ba9974159bf,16176930411539990043,16183518717031184535,18446744073707700224
580,DS-090/Hemp_growth/C4/ryb_C4_20241216_13_00.jpg,C4,10555,86fd853597623ef81c918d0873789bb0f76feb32bccd15260c9c45ba9e89c415,13889312634337953307,16759979533775829127,18446744073707651072
581,DS-090/Hemp_growth/C4/ryb_C4_20241216_14_00.jpg,C4,10829,9ebdbba9ff1442b627130c0b24e52a56af11789894e731bfc347a5c96af82a08,13889312494751516187,16183518785750661269,18446744073707651072
582,DS-090/Hemp_growth/C4/ryb_C4_20241216_15_00.jpg,C4,10413,d818adfab2eb232064bcc0311675e1d95902673ca190a8deb87b518514544fc8,11583399254769468955,16183518785750661269,18446744073707520000
583,DS-090/Hemp_growth/C4/ryb_C4_20241216_16_00.jpg,C4,10832,ebc8c2f5aac778f735fc6cdba16dd024115865d0c25649af09bfcbeb06f829a2,16195155641941034507,16183518717031185045,18446744073707651072
584,DS-090/Hemp_growth/C4/ryb_C4_20241216_17_00.jpg,C4,11149,555499890b1ec0c7be4cc23f92ff467d53fceb0e7dfea0509b516cdd3722f980,1189162233834702347,16183518717031185045,18446744073707520000
585,DS-090/Hemp_growth/C4/ryb_C4_20241217_08_00.jpg,C4,10420,6a555304927de76963677656ec5636038cd6a6110ad7fb605736ee3bf6a1cbd9,460299,16759979469334603927,18446744073707701120
586,DS-090/Hemp_growth/C4/ryb_C4_20241217_09_00.jpg,C4,11260,d114ec6a51b25a95ad849f19265dfa5999e6eb8c51bccae11bbfa7e0791d0dfd,34360198683,16759979469334603927,18446744073707701120
587,DS-090/Hemp_growth/C4/ryb_C4_20241217_10_00.jpg,C4,11924,8ae0363b03658d185628e31351de56722501020f11f8194d114e0175d222ddeb,34014987,16759979469334603927,18446744073707700608
588,DS-090/Hemp_growth/C4/ryb_C4_20241217_11_00.jpg,C4,11211,6fbd92e43c4a1b80e86c602bb289374993b6b4e8aff26a1641068218fbfecfd9,460299,16759979469334603927,18446744073707701120
589,DS-090/Hemp_growth/C4/ryb_C4_20241217_12_00.jpg,C4,11470,4db04dcfd7c056b3266f96ebbcf4de929ecf620d2a0c1efb6d9cec057ad100d3,13889312907739399691,16759979469334608021,18446744073707700224
590,DS-090/Hemp_growth/C4/ryb_C4_20241217_13_00.jpg,C4,11065,94a42bae6c4fbea74987b2d86792cf10077f4848ff8095a08d9eace0199534f7,13889312634874824219,16183518785750661269,18446744073707700480
591,DS-090/Hemp_growth/C4/ryb_C4_20241217_14_00.jpg,C4,11232,d4c7f236ce28488c7172ff01dada3be2e975b7f8514fa2c03de7ccbef5983557,9277626614299952651,16183518785750661269,18446744073707700224
592,DS-090/Hemp_growth/C4/ryb_C4_20241217_15_00.jpg,C4,11610,79dc39828e08552c3b09d822444c9fa84e95453cab37fe6d4451b7e5088d38ce,806290971,16183518717031185045,18446744073707700224
593,DS-090/Hemp_growth/C4/ryb_C4_20241217_16_00.jpg,C4,11867,23add54ec56ed6d653610e15a01910d08317239a4be7b99080b384ecc482ac06,15024220014239483403,16183518717031185045,18446744073705553920
594,DS-090/Hemp_growth/C4/ryb_C4_20241217_17_00.jpg,C4,11703,04b021747d2cb3c9cfe23b31fd3e31a49df04e8cd49d2890c2631e89aaf54e60,16195085548074764043,16183518717031185045,18446744073705553920
595,DS-090/Hemp_growth/C4/ryb_C4_20241218_08_00.jpg,C4,11651,ff0e65e452028728af6b3ce083d32b2a96a1a9cb9b97cb0799042679f12e291f,101648139,16759979469334477447,18446744073707701120
596,DS-090/Hemp_growth/C4/ryb_C4_20241218_09_00.jpg,C4,16708,20c3403b0a01f5257289ab8291f020c4dc58a971855ea523c1a7416d485eecb6,1736164150361396763,13372991070298073749,18446744073705358080
597,DS-090/Hemp_growth/C4/ryb_C4_20241218_10_00.jpg,C4,13757,cf10f61d202f80c648ec828e23666165aeda43ae79daa227969f3c6e29129db1,16204162806131394315,16759979469334608007,18446744073705390080
598,DS-090/Hemp_growth/C4/ryb_C4_20241218_11_00.jpg,C4,12048,557171b13dc700856d026b75bbbf7834f1d56b33f0f24bca626471e7413bfb80,235865603,16759979469334542727,18446744073705611904
599,DS-090/Hemp_growth/C4/ryb_C4_20241218_12_00.jpg,C4,12495,ac534ca2a48b39c6c3f4bc041d8a6d579401b8bc3ad3e30132fb197d5d683252,135136787,16759979538070665351,18446744073705603968
600,DS-090/Hemp_growth/C4/ryb_C4_20241218_13_00.jpg,C4,12254,24de59446ea62e5a625d5380f8f73793318c42c632852989f8323294c23e5f10,9277626752141559571,16759979533775825047,18446744073705586688
601,DS-090/Hemp_growth/C4/ryb_C4_20241218_14_00.jpg,C4,12159,6130165dc4c6ee674b819c40642cea245bb0969ee4b108c9d19c7e5add8549ce,16195085273599510043,16183518785767368855,18446744073705586688
602,DS-090/Hemp_growth/C4/ryb_C4_20241218_15_00.jpg,C4,12195,29f46d92894f11b0107ff940f488baaffc1604e0d8d66dc8dda073154f85efaf,1276053275,16759979538053884567,18446744073705603328
603,DS-090/Hemp_growth/C4/ryb_C4_20241218_16_00.jpg,C4,12583,5ee762083b86b9d9db2df78c173d501792bc9d0c0ea9a1f67222b244440c59ce,9259612078821279515,16759979538054015127,18446744073705586688
604,DS-090/Hemp_growth/C4/ryb_C4_20241218_17_00.jpg,C4,12584,54346d27875d9f03e7519bddb191b771c3dfedb55a7b7fe49ee3d1b4bc4f093b,16199659722034316811,16183518785767238295,18446744073705586688
605,DS-090/Hemp_growth/C4/ryb_C4_20241219_08_00.jpg,C4,11279,ca330dc1ed191af3863faebaf7aa89749848548a57c695b5216ce39d41dfafda,4398282376971,16759979469334608007,18446744073437168000
606,DS-090/Hemp_growth/C4/ryb_C4_20241219_09_00.jpg,C4,13921,36c2942c568edeba39f6dafdb63ae2f797bff57897479701d31c85b95edad5a8,6962741427064211211,16759979469351381127,18446744073302802432
607,DS-090/Hemp_growth/C4/ryb_C4_20241219_10_00.jpg,C4,13026,e9231c4c7627044504d60c411d739ee2d8ce6b3ebccb1696f89cb4a62fa69c12,9277627369643771675,16759979537786632327,18446744073302802432
608,DS-090/Hemp_growth/C4/ryb_C4_20241219_11_00.jpg,C4,13858,6826e88f0c92a45b4dd258b8c14962fe73cc01e7ca6236f01281b76737d924be,11565314349472352027,16759979537802356887,18446744073437168000
609,DS-090/Hemp_growth/C4/ryb_C4_20241219_12_00.jpg,C4,13906,bac528ef0470c56cb24f1e920e76d08b821e7b573249c6108313316844a2d07e,13871228002308654875,16759979533507393687,18446744073437167616
610,DS-090/Hemp_growth/C4/ryb_C4_20241219_13_00.jpg,C4,14066,4e34f92526db0cf489203a836ac59ba57c26f75019b1e9b4de97c7a39f2e5f96,9259471340259182355,16759979533507393687,18446744073437151488
611,DS-090/Hemp_growth/C4/ryb_C4_20241219_14_00.jpg,C4,15730,aa5c1305d317f95deed4cc139467a7b37e0dbb2fec940970ef783ca3759a24f9,16204092884164478475,16183518785767368855,18446744073437151232
612,DS-090/Hemp_growth/C4/ryb_C4_20241219_15_00.jpg,C4,15756,00079a146ed62ab299ce3b40841d9adb47700776d6fcc8bcf4e83ae186832e61,2305843146887989003,16759979533775825047,18446744073437151232
613,DS-090/Hemp_growth/C4/ryb_C4_20241219_16_00.jpg,C4,15720,8c2b207d7ce3fa3cfb7c2a5f5e8f3a7407b41d74a617549e1dd8f4c19c2d4e55,13853283766417950219,16759979469351315607,18446744073302933504
614,DS-090/Hemp_growth/C4/ryb_C4_20241219_17_00.jpg,C4,15578,884e01df071cc46c0fc72ab2fc5e228470ab85d00a881ae50c83194895019c5b,13889242402998650635,16759979533775825047,18446744073302933504
615,DS-090/Hemp_growth/C4/ryb_C4_20241220_08_00.jpg,C4,16015,bc1f4e21ad440f3f0a58dd738123648e3dde404788eba747128f5d4d91227abb,4398416070411,16759979529464084661,18446744072698971008
616,DS-090/Hemp_growth/C4/ryb_C4_20241220_09_00.jpg,C4,23286,cf2632867580d606955f873b9da6fe0935b3102b55aabb2ad65ddec2d453a4db,3475145245118144027,13590565798188051604,18437701550622181120
617,DS-090/Hemp_growth/C4/ryb_C4_20241220_10_00.jpg,C4,18168,93dd3eaefe49b04cb414a7cafb8f9459f6985d96aa424ad75e04e127872f27dd,9277556348334575363,16759979533759117492,18446744072761753600
618,DS-090/Hemp_growth/C4/ryb_C4_20241220_11_00.jpg,C4,17273,38c2b789ab2f32de7676837fe4fe0ac15887819835ea58edb55e5f641d0f806c,9259542022572148243,16183518772916091015,18446744073302753408
619,DS-090/Hemp_growth/C4/ryb_C4_20241220_12_00.jpg,C4,17732,bc5189570fd03dcf4fa23751deb5ced8c8fd1e76d816e605b9a408fb38dce117,16176930310843729563,16183518772647655575,18446744072766078976
620,DS-090/Hemp_growth/C4/ryb_C4_20241220_13_00.jpg,C4,16141,db11361c6f41e20d3d929ed6faba626860cbf85be6c80a470f859924f8b8d62e,13889242435211954067,16183518777210992775,18446744073235841280
621,DS-090/Hemp_growth/C4/ryb_C4_20241220_14_00.jpg,C4,15883,586357f1e9820dd3a294013413d1b60bf58486607c02340703203ea2a5a823ae,9259542018275084059,16183518777210992775,18446744072698920960
622,DS-090/Hemp_growth/C4/ryb_C4_20241220_15_00.jpg,C4,15899,9cdc9537d971c3b811bafd68db3be95421674e529077cf49400d0d28535b6a4b,11565385029636261403,16183518777210992805,18446744072694595584
623,DS-090/Hemp_growth/C4/ryb_C4_20241220_16_00.jpg,C4,16541,c37047e435bf1de6e7c9051a9d87fa09fae1c550f68cdecfc630bbe0498c5c56,11565385029635213079,16183518777194281125,18446744072694595584
624,DS-090/Hemp_growth/C4/ryb_C4_20241220_17_00.jpg,C4,16612,25572004e154c05a50311d409cf5c4bfb4493bcdacc2f1dcd9778e9294df4a9b,13871228038849955611,16183518777194281125,18446744072694628352
625,DS-090/Hemp_growth/C4/ryb_C4_20241221_08_00.jpg,C4,18498,c39af63ba602cebb0a8ae9fb076d7703831a1ed149fdf0d3b40caa882296852d,9263904554146531075,16759981659767863973,18446744072698970880
626,DS-090/Hemp_growth/C4/ryb_C4_20241221_09_00.jpg,C4,25170,2e54ae6ca2c3c6d44ff5f7dbe9e972a2115a8f8175d2c3c56f6a58b3f59fd72a,11284921275326897691,12796251106197261205,18442240404347700992
627,DS-090/Hemp_growth/C4/ryb_C4_20241221_10_00.jpg,C4,19713,79d4ccafe7ae4b46fb45edcd63d6e82aea0e7ad7c641808458af69c69c93eb9e,17350311130419365651,16759981659767924917,18446744072694579200
628,DS-090/Hemp_growth/C4/ryb_C4_20241221_11_00.jpg,C4,18814,568877c75fee67ba92b1ee54ee453424264a760592e45035ec7abe6032121d03,9259436327990330395,16183520976183982245,18446744072700027072
629,DS-090/Hemp_growth/C4/ryb_C4_20241221_12_00.jpg,C4,18972,0ed9628e351f633fe908ed04c609d31a1f5a96fed84de0202198929f8b6db651,13871227899533002267,16183518777177499829,18446744072694775808
630,DS-090/Hemp_growth/C4/ryb_C4_20241221_13_00.jpg,C4,17247,ea6c458750b2a7c8677551348b81ad3394ddd60afa1ca6eb9d27ec1f9a97524f,9259541880837179283,16759979529480923301,18446744072694776064
631,DS-090/Hemp_growth/C4/ryb_C4_20241221_14_00.jpg,C4,16867,49acf9de3ec67d8038d2eb1600853be14b3147e38048bddeae1c39de75d18872,10412498570085598995,16183518777210988725,18446744072694726656
632,DS-090/Hemp_growth/C4/ryb_C4_20241221_15_00.jpg,C4,17809,72330ce165eb3354ca95730ea4405e41282f108b8ac82990b3f3e4447c7e2705,9259577065478752019,16183520971939276981,18446744072694595584
633,DS-090/Hemp_growth/C4/ryb_C4_20241221_16_00.jpg,C4,18311,7eb2d6be290a73ff1baf10b865a74d3c042c21919b74365ae0abb014f4030618,13871280676091135767,16183520971939342516,18446744072694595584
634,DS-090/Hemp_growth/C4/ryb_C4_20241221_17_00.jpg,C4,18460,bd17cc0b02d6d1bd5dcf9d6ea00599ef10ca506e29c26ac099ebae66b50de8fe,16177106093118785287,16183518777211054260,18446744072694628352
635,DS-090/Hemp_growth/C4/ryb_C4_20241222_08_00.jpg,C4,19808,b3cc85123f7b824ed6d56196857646e41521d17b60f5d506e609cdd2b34ca3b9,9261687951590360835,16759981668358838917,18446743866540540672
636,DS-090/Hemp_growth/C4/ryb_C4_20241222_09_00.jpg,C4,24391,50226708baad578d6476d1b3f576c61692d58f7688352abc85e3884a3742be38,10992170265594269195,12940366294272986005,18446743865462474496
637,DS-090/Hemp_growth/C4/ryb_C4_20241222_10_00.jpg,C4,21458,6c253d206b1c24328c93b0c70366e2d2ec1fa37470afafdce9dcdc547625f7a6,16183931672207755027,16759981659768966028,18446743866536214528
638,DS-090/Hemp_growth/C4/ryb_C4_20241222_11_00.jpg,C4,19935,3d47cb4deda67eccad86e419263e76937f8e20fb8688d4d1559609d43984667e,9259576880659629715,16759981659785742740,18446744003975102656
639,DS-090/Hemp_growth/C4/ryb_C4_20241222_12_00.jpg,C4,20198,ef59ff0ff57046795d9d7834d42f656f6d926c8ad9e377cc665fc606e1556807,13871333813292304027,16759981659768966052,18446744003975168000
640,DS-090/Hemp_growth/C4/ryb_C4_20241222_13_00.jpg,C4,18878,f668868d6ded4b819445334719ee2009284aab1ae6d16f1db3da3e82763a70e8,9261899594678601243,16759981659785750916,18446744003975299840
641,DS-090/Hemp_growth/C4/ryb_C4_20241222_14_00.jpg,C4,19213,ba7cee91087422d6059b9bef8043f25713263b04a9a91c1403d146831f983c8c,13878088662977548059,16759418778551798436,18446744003975282688
642,DS-090/Hemp_growth/C4/ryb_C4_20241222_15_00.jpg,C4,19690,025e3150c4ffd74e4959e8185176b0e11fcb2fe331fa59b52383f2d26940d68f,9261864410306512667,17912903233094241156,18446743865462587648
643,DS-090/Hemp_growth/C4/ryb_C4_20241222_16_00.jpg,C4,19885,646ac0622ccc4f82deb46d6f27196041aeb156c58f248ec25984f9b7c5143bff,15028758367787484955,17912340283141868420,18446743865462456320
644,DS-090/Hemp_growth/C4/ryb_C4_20241222_17_00.jpg,C4,20481,d1399e25cf4dec18db8ea3ae989f2eee7198caff3e5bf8f5fc2c8e7c7aabeb44,11567742603909072667,17912340283141868420,18446743865462456576
645,DS-090/Hemp_growth/C4/ryb_C4_20241223_08_00.jpg,C4,21126,09773c33fb9e0301cb3a9fbc7329c3fda744d99f583f05b180df057b16e2f1c0,44113995958035,16759972872282594180,18446743865469158272
646,DS-090/Hemp_growth/C4/ryb_C4_20241223_09_00.jpg,C4,25859,43978750e1e19a46a4d495960d36cf7a9eedcef7a3bb9e8a1c1f5e7df3c793de,10992170270022372875,12958380692782467988,18446743865464571649
647,DS-090/Hemp_growth/C4/ryb_C4_20241223_10_00.jpg,C4,22856,0eb44db2b149c4a0eced90a7a015cc5e74406cbd0f510d8a4b4cc92d3ade1b4a,16195023558935250707,16759418718405479308,18446743865462472704
648,DS-090/Hemp_growth/C4/ryb_C4_20241223_11_00.jpg,C4,23428,9fb243158ef847eee2a4323243ead0a7b43663394d471bb342467f5879f43cd1,9259585681069310995,17912903164375747468,18446743831106545600
649,DS-090/Hemp_growth/C4/ryb_C4_20241223_12_00.jpg,C4,22608,9c278b9d383da9116d950af57f18892ff055a3a3877e18b5d993648aa66294b6,13871227710424452763,17912340223012326276,18446743865464701184
650,DS-090/Hemp_growth/C4/ryb_C4_20241223_13_00.jpg,C4,20143,890e5fdd8531b5825586b9f3307fe389069a11b13b70f8b9577a27f3e7f340ae,13871298079181178523,16759981659768974212,18446743866536346368
651,DS-090/Hemp_growth/C4/ryb_C4_20241223_14_00.jpg,C4,20632,a3df2086cf1031c19140c22e246af45617e10fef52b6b9862cfc0e095024058d,11858224230120754715,17912340223012326276,18446743865462587392
652,DS-090/Hemp_growth/C4/ryb_C4_20241223_15_00.jpg,C4,20396,a5993e985dbc08327d53c5ca117d547613ecbd7e4e2d2070a1dc67c550a4e2c4,16181644688024866331,17912340223012326276,18446743865462587648
653,DS-090/Hemp_growth/C4/ryb_C4_20241223_16_00.jpg,C4,21042,d9bbe41083297a98b380cf3036f3720cac9446c21a395808895f42d45c8e6022,13880305278440637979,17912340223012326276,18446743831102865664
654,DS-090/Hemp_growth/C4/ryb_C4_20241223_17_00.jpg,C4,21714,6ad6e37d9f9222c3d8d7ea6c8f31ba06a26c158d0d9cbfc5a9c50efaec1ce48f,11565411098092832539,17912340223012260741,18446743831102718208
655,DS-090/Hemp_growth/C4/ryb_C4_20241224_08_00.jpg,C4,22668,5e12df644315a949b7161075d9e374a1a2982f96961078c451a8c82c9471c8df,576476278997059347,16832030457730595460,18446743865469158272
656,DS-090/Hemp_growth/C4/ryb_C4_20241224_09_00.jpg,C4,26941,f504070f77c337d085e92893fa0f155964e190d25fba9f4f6e3cdbfa5be85080,11243322915733310987,12940366509021351812,18446743831104833281
657,DS-090/Hemp_growth/C4/ryb_C4_20241224_10_00.jpg,C4,24876,d1c6cca4a8a8278a42f5ae2f7b8e6a7735317a232770f5d97e09e9669a0d6df7,16784929139421024019,17912331426919312260,18446743831104831488
658,DS-090/Hemp_growth/C4/ryb_C4_20241224_11_00.jpg,C4,24848,b36f54b3daa48b7212ebad2e0595c9ee8222d2ca398c180dbb00ee304c210266,9835874909558539795,17912894368282733508,18446743831106805952
659,DS-090/Hemp_growth/C4/ryb_C4_20241224_12_00.jpg,C4,24104,f9a4f1607a10fea27ac16aa90931b8fcca074b814f27a75ed5ce9d78055821e4,13871240913170435739,17912340223012268932,18446743831104831744
660,DS-090/Hemp_growth/C4/ryb_C4_20241224_13_00.jpg,C4,20971,4307d3cb7abceb90ebe1b6fbb82f748a0b782397f3c9c8159e03a316aea1694f,11574422695395659291,17912058748035558340,18446743832178705152
661,DS-090/Hemp_growth/C4/ryb_C4_20241224_14_00.jpg,C4,21436,1fab6261bd985f99fb10a5f28002d765b1a4405f9a9b8756f463f76f30df3fd1,10412489593489657627,13300654204584872901,18446743831102865664
662,DS-090/Hemp_growth/C4/ryb_C4_20241224_15_00.jpg,C4,22918,940131d755be127d3e40ef0b9e6153715013a19a23a93e10f50b4779e2d8b4c7,10439511186959437595,13300619020212849605,18446743831102866176
663,DS-090/Hemp_growth/C4/ryb_C4_20241224_16_00.jpg,C4,23048,93ffb3162f0d0701412a8c9abe4aacd39ed9cd14664cb1b925819e1d94ae09a5,10439511191249948187,13300619020229561285,18446743831102865664
664,DS-090/Hemp_growth/C4/ryb_C4_20241224_17_00.jpg,C4,23372,e73dee1094227dcbc75213a677808fd44538b4c8f3a9d6b0112e8d1843c455cc,10439515589296721435,13372676614267488965,18446743831102735104
665,DS-090/Hemp_growth/C4/ryb_C4_20241225_08_00.jpg,C4,23058,bd74bbc0f6d01bdd8dcdac5afdb08010800ec627e574b1700fac08126eb9090e,288245903386414867,16759981659785685644,18446717477190615936
666,DS-090/Hemp_growth/C4/ryb_C4_20241225_09_00.jpg,C4,27849,6cc3ec36fe3a7fb79a0064d146050e9ec55e056a5578335428fd68854f12c118,10090332140954390027,11787445004416609156,18446717442825897729
667,DS-090/Hemp_growth/C4/ryb_C4_20241225_10_00.jpg,C4,26831,0744ceb31874a8404b8e2ff70c115a4ba5ee7e9410c8fca0ad33f315790d1aa9,17361392090747703059,17912331426919246726,18446682258453676416
668,DS-090/Hemp_growth/C4/ryb_C4_20241225_11_00.jpg,C4,27116,868f5b718b3cc8d38615ecafd399b36234dd2f5bcf4cb667d1d6c09e859efe10,9259431753733574171,17912331426921343876,18446690779672993984
669,DS-090/Hemp_growth/C4/ryb_C4_20241225_13_00.jpg,C4,24102,612102cb1f0966f257cef3383516e5a2c353049959ee48631da9c82ff10a1c38,9277446147943894811,17912023563663473604,18446691055620571904
670,DS-090/Hemp_growth/C4/ryb_C4_20241225_14_00.jpg,C4,23717,cd640ca8b5e147c296d58c3c9444a61dc6f78370d02c8284d495710f85e96a06,10439374851812036379,13300619020212796356,18446708371852869888
671,DS-090/Hemp_growth/C4/ryb_C4_20241225_15_00.jpg,C4,24347,576cbac02ff0a9fb6e1c084927b3d5cca770f2c34b7d054576b894be0ad9cf9a,9835892506039881499,13300619020214893252,18446690779668923136
672,DS-090/Hemp_growth/C4/ryb_C4_20241225_17_00.jpg,C4,25734,631e674ff7fc20e45bf961eb14cb4d8673377df577b749f6ef354170c1cdb5f1,10430367652557819675,13300610224121871045,18446690779666825984
673,DS-090/Hemp_growth/C4/ryb_C4_20241226_08_00.jpg,C4,23950,af480795d94f08175d9e10e1b7697a51ca717de5efece2dff1816e32caa891a6,589988168802176795,16759416553490311844,18446682292811449216
674,DS-090/Hemp_growth/C4/ryb_C4_20241226_09_00.jpg,C4,13218,abbc8bd7eafb7a8dba00efc6b2c5b24f5bbb643d4b949947b3af3bd5cea43b10,4501231045787,16759979537803405462,18446744073709549505
675,DS-090/Hemp_growth/C4/ryb_C4_20241226_10_00.jpg,C4,26834,d3edc4ca6c7bf8ad54287fbbec758968928708d0bae2ca8cde0cfebc2fe718c6,9840381812015566619,16759416519399008932,18446682292811449216
676,DS-090/Hemp_growth/C4/ryb_C4_20241226_11_00.jpg,C4,27459,c0be5b30a4bdaddd302ec71929f92e896dbeadabcd2c1ef2b06790b7db7bf3f4,9547665428418334491,13300654204601723044,18446682292811449216
677,DS-090/Hemp_growth/C4/ryb_C4_20241226_12_00.jpg,C4,28741,5414f50bd54ccba1381159c111b8ddb079a45984d1ae3354a28e92b7aaf766a2,13875623566518718235,13300652039669758604,18446682258451579264
678,DS-090/Hemp_growth/C4/ryb_C4_20241226_16_00.jpg,C4,27434,1f26384563f8c182ddd3d2ddba7e98a47ff1604c01a6df9e68a0c7092cea9f49,11569778358281768731,13300757867682740372,18446690779666826112
679,DS-090/Hemp_growth/C4/ryb_C4_20241227_09_00.jpg,C4,28080,28397689386114ef031f53617aa9211ebd705501f8a5c4d4be89a9c8b42ebd5c,15796808503201563,13372709599331183524,18446682292813546433
680,DS-090/Hemp_growth/C4/ryb_C4_20241227_11_00.jpg,C4,29211,b58f7952cb2d0361f85fc0e914c337ed0a7996d089b9fd496821ff0f988989d2,9230161929570553627,12219788129084074916,18446682430252499904
681,DS-090/Hemp_growth/C4/ryb_C4_20241227_12_00.jpg,C4,30536,f329e0358089607299c1634269a594e58128bd8b1131e185a780b699c49860fc,9266189627078414107,13372709625134524604,18446682258451710848
682,DS-090/Hemp_growth/C4/ryb_C4_20241227_15_00.jpg,C4,29323,559c0aeeb77eef54007f63d9fe52c838b80e2448d5eb897a3f9709a5822f6428,9554420003229601563,13372674681280604604,18446611889699144448
683,DS-090/Hemp_growth/C4/ryb_C4_20241227_16_00.jpg,C4,30364,aa15a07f00a563dc3040ecb0acbd065ff5e5ae4bf85e66c6088ae17049200edd,9266189627077889819,13372709625133492660,18446682395882275712
684,DS-090/Hemp_growth/C4/ryb_C4_20241227_17_00.jpg,C4,30209,dd3c77c3c6255f97419e0479fbcce5ae0579e6161c2e59ceefd840c423212227,14166106021656989451,13372674715639294396,18446611614829626240
685,DS-090/Hemp_growth/C4/ryb_C4_20241228_09_00.jpg,C4,14944,f0b7ed3977aa3a883ad869e4552dd3e3380a57312c2ba9ba1b32755915ec98c7,4525711583022235,16903531775909063062,18446744004990068673
686,DS-090/Hemp_growth/C4/ryb_C4_20241228_11_00.jpg,C4,33223,2743faaafd84d0ffd1893e941a17f3bcdbda00905e2b48060a7c46f66c179bda,10392142860771331867,13516824808880828294,18437639874824750016
687,DS-090/Hemp_growth/C4/ryb_C4_20241228_12_00.jpg,C4,32373,714f8c09a90e25a451d3c9ad99e7a6ffb7c51abbfbbafbc72aed7d400b3b5474,9239221901088460571,13516824808880828294,18437640012263834560
688,DS-090/Hemp_growth/C4/ryb_C4_20241228_13_00.jpg,C4,32604,3f0209bef0285e24b18aae36469be837b2e7f9ff7451f481a158c3c39cc36c12,9230213606617059099,13516825083758735236,18437604827891745664
689,DS-090/Hemp_growth/C4/ryb_C4_20241228_15_00.jpg,C4,32251,58d7ed2b4cfe706851503324fc500731bd29d02408ef2b71acecc88ed8db44a0,9239220801576832795,13516825083624517540,18437604003258024832
690,DS-090/Hemp_growth/C4/ryb_C4_20241228_16_00.jpg,C4,31781,06a7e531a49a8a278f0efbc4afdd81f02fad82064aebefa5b78ed322a4fd2074,10392142306183679771,13516825083624517510,18437604003258024832
691,DS-090/Hemp_growth/C4/ryb_C4_20241228_17_00.jpg,C4,32805,523c16f8c7ed86aea0fd55c5e0b659591256635ee2544bab921c3477cd588a88,10671365418656141067,13516930636740784006,18433100953386468224
692,DS-090/Hemp_growth/C4/ryb_C4_20241229_08_00.jpg,C4,32944,383a24e91674c534cca14c8b253ff80b348b704bd184f93b1e8bb6643a991d9c,1746912716345511691,12363920901024082404,18412936219370709952
693,DS-090/Hemp_growth/C4/ryb_C4_20241229_10_00.jpg,C4,38266,34e7bdf73ea381047e4e4cc0b30fb4ddfd8bddf9774fa63a5779ebc952bb3ae6,1747194195885657867,13516842405634067908,18415117650443232192
694,DS-090/Hemp_growth/C4/ryb_C4_20241229_12_00.jpg,C4,35432,04604a7daeab4f6bfb9d7cb3bfb047e3d0003ca2c6187800534d6fb463066ed4,10970284765548351003,13516560925959745510,18415117651517105088
695,DS-090/Hemp_growth/C4/ryb_C4_20241229_13_00.jpg,C4,33465,60adc1ceaaab25b324c2cbc30479024f0fdee44f6cec4cdc89613db6abf25eba,10969720716351704603,13516561200833850822,18415117652053975936
696,DS-090/Hemp_growth/C4/ryb_C4_20241229_15_00.jpg,C4,34006,b3397cef48d8b9f8347e4e1c1199cf0ae2e43e3220a7a3da7ffddcac19b70e20,10970291908347366923,13516842675814493830,18415086279999079296
697,DS-090/Hemp_growth/C4/ryb_C4_20241229_17_00.jpg,C4,34735,c2c67d48895c8869a6b8ac82dfe221715c5ad537c8e6451156d61583b3d4ae6d,10970293012153962251,13516842400936848582,18415086829754893184
698,DS-090/Hemp_growth/C4/ryb_C4_20241230_09_00.jpg,C4,39122,f8e4c3c154315a38d014a44fa1baefeff0753615311d8614e043fef6f35fd575,1746912724667010827,13516842474350405828,14956423505363846017
699,DS-090/Hemp_growth/C4/ryb_C4_20241230_11_00.jpg,C4,41056,83091611a8f81452306a72d49cdb085a4b61cccc6b3ddb80fb7debdb70e64a07,1746912728962010635,13516560994947657188,14954101336809662400
700,DS-090/Hemp_growth/C4/ryb_C4_20241230_12_00.jpg,C4,38217,e4cadd8021ae5ac4769b5cebe6b1cab1d95ac0b417f05e108dbd0193c76b6d41,1746912179206163979,13516842469924367812,16109274641226515392
701,DS-090/Hemp_growth/C4/ryb_C4_20241230_13_00.jpg,C4,37390,a62f203823a783bc919d82a8f7d0b6c3bba7f26dfc64fdca943a2ebf5b69e0b6,1746912179206164251,13516842469924367812,16109274641226515393
702,DS-090/Hemp_growth/C4/ryb_C4_20241230_14_00.jpg,C4,38879,a778e260eafae23a259f75740d90fa7aaa7336a6b5f849f3906bc7774590d671,1746912179206164235,13517405419877788100,14956353136619668417
703,DS-090/Hemp_growth/C4/ryb_C4_20241230_15_00.jpg,C4,38950,4df8bfbd9b0f3f9a2e130922a6ccdb39e62209ecc06a11bdfafb454d4290ac77,1746912179206164235,13516842469924366820,14956353136619668417
704,DS-090/Hemp_growth/C4/ryb_C4_20241230_16_00.jpg,C4,38112,795f1cb568b8a5f2faaac3641e95f57324b2b84a784185230479b79d26423617,1746912179206164235,13516842469924367588,14956317952247579585
705,DS-090/Hemp_growth/C4/ryb_C4_20241230_17_00.jpg,C4,38091,2c7868964cbed6ce76e076e6a695b95566ec348516e688b7beac39456fdf9907,1746912179206164235,13516842469924366820,14956317952247579585
706,DS-090/Hemp_growth/C4/ryb_C4_20241231_08_00.jpg,C4,6899,154bd9badd4b1ae281a8224aa22a4617bbaf3fa65485f217f8cd16798137d7c6,65691,16831756756359408261,18446744073709551552
707,DS-090/Hemp_growth/C4/ryb_C4_20241231_09_00.jpg,C4,39789,305504c0197c95f4b5e1024b5337e751acb3439ab58a19336db0a4a7fba1c785,2035353661590671115,13372445811179482340,14956388183552803777
708,DS-090/Hemp_growth/C4/ryb_C4_20241231_10_00.jpg,C4,43316,4598b301dccb7dc6db4ac7f02865683ceba3119b0d34b70085fd9b3c0d2d4232,2035354198461352715,13372375451025239716,10342485688199538624
709,DS-090/Hemp_growth/C4/ryb_C4_20241231_12_00.jpg,C4,36616,ff8f41f6a3c56f046a3556d04c5c1aaf0138774ff108cfeb9972fa2a6523ea3e,6646230972035993099,13300319952931352486,10349135397083407296
710,DS-090/Hemp_growth/C4/ryb_C4_20241231_14_00.jpg,C4,40681,3098926978336374ac97d14468ae30d290d384e50e1df4d19ebd07d9da256549,4412744091447004939,13300388225765043364,10344631934894982081
711,DS-090/Hemp_growth/C4/ryb_C4_20241231_16_00.jpg,C4,41300,86877509e92924b972d37f4ebabc89b3a09cc65a1ce8c55c334efa8ab37707e5,2035406438283022091,13372445815508004004,10344631934894982081
712,DS-090/Hemp_growth/C4/ryb_C4_20241231_17_00.jpg,C4,24619,26f9fb04fc202bb04baa58c39542a099cc571f170fb2af4d646781f8a0e898f8,1746295323118472347,17984114211550619782,18419687222580864961
713,DS-090/Hemp_growth/C5/ryb_C5_20241212_13_40.jpg,C5,14628,2b892118c42654841fefdda10bbb349afad6b2753d7c394e0f84a81fa3252e1b,4312829479,18289537834656345282,18374405004694904832
714,DS-090/Hemp_growth/C5/ryb_C5_20241212_14_00.jpg,C5,13688,7f95c8729b4591edfb927f9464711ad77d544a2991ebd7cc5a5b6f2fbddba50a,4298214439,18289537834656345282,18446744073709543936
715,DS-090/Hemp_growth/C5/ryb_C5_20241212_15_00.jpg,C5,14041,ff86b37626f5c6001d5ad0aff047dc4c17f7d86127aaccdae58766301c7cfab4,4298214439,18289537834656345282,18446462598732824576
716,DS-090/Hemp_growth/C5/ryb_C5_20241212_16_00.jpg,C5,13647,e904178f804b4c439a953874496ba2cfc6d00be3dd73fd1fc10a61f99dadaa6d,2198567,18271523436146863299,18446744073709544064
717,DS-090/Hemp_growth/C5/ryb_C5_20241212_17_00.jpg,C5,14605,2f838487193748de316cf43bb1ab7743606876b9767bd9ecfa67e8895414a29d,70373059169319,18289256359679634627,18446462598732832768
718,DS-090/Hemp_growth/C5/ryb_C5_20241213_08_00.jpg,C5,11209,704c119913041a9dbe1ebf49cbd03451f6ba133eed28dc2d4a8af90e099feef9,69207699,16759979538053953671,18446744073709548480
719,DS-090/Hemp_growth/C5/ryb_C5_20241213_09_00.jpg,C5,10107,841f1578a58dd3e2ac6834fa36d1a5a1912335d6895122cf7681d37ccf8b9494,1049747,16759979537785649287,18446744073709551552
720,DS-090/Hemp_growth/C5/ryb_C5_20241213_10_00.jpg,C5,11066,2e4232b1e8c4d58b6bbfa414327ac40af8c9d8f4a1d1f3eef6d7a89829ebf4b8,69207699,16759416588100663431,18446744073709548480
721,DS-090/Hemp_growth/C5/ryb_C5_20241213_11_00.jpg,C5,11618,1bd59566b57fc8b44da3832d37a34e7824f790b83fe760afe3573977a6c36051,69207699,16759979469334608007,18446744073709548480
722,DS-090/Hemp_growth/C5/ryb_C5_20241213_12_00.jpg,C5,14841,64a4fc3079bb94e15d90545c211d302e8ba8c780ab9358b9e736ac8ee8b9e1c2,1066643,16759979538054084742,18446744073709544192
723,DS-090/Hemp_growth/C5/ryb_C5_20241213_13_00.jpg,C5,12361,16a031853ef29604ee84fca8936d9d23395caa7c35d32a0c35684acc5c66ddf9,68159379,16759979538054084742,18446744073709548480
724,DS-090/Hemp_growth/C5/ryb_C5_20241213_14_00.jpg,C5,12001,1a3a2ac829940acb0cc03c1241f73b40e38ddd69ac4c4a3503d4f625f9e31632,69207699,16759979538054084742,18446744073709548480
725,DS-090/Hemp_growth/C5/ryb_C5_20241213_15_00.jpg,C5,12242,46b2fc4f7c6fbf83c67b42dba16700dca72a7bff329f0802d8354fa2075aaec5,69207955,16759979538053953671,18446744073709548480
726,DS-090/Hemp_growth/C5/ryb_C5_20241213_16_00.jpg,C5,14214,badb0dc555ce0cc3e908965b24566ab85042900a469056362f79302bce7427a9,1066643,16759979529464150151,18446744073709477888
727,DS-090/Hemp_growth/C5/ryb_C5_20241213_17_00.jpg,C5,14517,bc43e3536e71aa0b40f208e143a3d8a474cee0b758fbc880c5bfed499814bc77,1050259,16759979469334608007,18446744073709543552
728,DS-090/Hemp_growth/C5/ryb_C5_20241214_08_00.jpg,C5,11328,3dfda1f3f0bd2d4f63dc0b1ae53746c9e6fc4facdd83e243c7029e1ecdc3e4ee,35653267,16759979469334608007,18446744073709548480
729,DS-090/Hemp_growth/C5/ryb_C5_20241214_09_00.jpg,C5,27109,71dbe7b1b0f40d270d0452aea89eada4dc61372fd9c5122f6d0d6adb5e23f1eb,10558694332051,17908406200086911662,18446741874447007936
730,DS-090/Hemp_growth/C5/ryb_C5_20241214_10_00.jpg,C5,15371,8a4e1d5fbdac223f2c608701e975b27dee7394f844894a5d8ad3a593151c616c,72339206454658963,16759979538054019207,18446744073709543424
731,DS-090/Hemp_growth/C5/ryb_C5_20241214_11_00.jpg,C5,12947,70ed29ebba8bac17f8aa667b38ccb6d944045d82dd59d061423639f3a7581eac,144705171,16759979538054019207,18446744073709544384
732,DS-090/Hemp_growth/C5/ryb_C5_20241214_12_00.jpg,C5,14419,8ed556f0d825ad85c38e19da0cf88dba5b3182a7bcfa139b1c73b6931511d4cb,1132179,16759979469334608007,18446744073709544320
733,DS-090/Hemp_growth/C5/ryb_C5_20241214_13_00.jpg,C5,13582,98b8d5d01b7461042ce65c20359529213b7a6244db5c81aba29228e9094e02c1,136316819,16759979469334608007,18446744073709544384
734,DS-090/Hemp_growth/C5/ryb_C5_20241214_14_00.jpg,C5,13343,38c64ab3efab066d64859dae69ae823b4bff6752ce1e4e0a1f9f1f3f8afcf524,1050259,16759416588100663431,18446744073709543424
735,DS-090/Hemp_growth/C5/ryb_C5_20241214_15_00.jpg,C5,14376,ab1d1b3b8f410222b785a4ee926f9f413e4c0dfada5e1d0866aa0c43e6c8f73c,1050259,16903531776176453767,18446744073709477888
736,DS-090/Hemp_growth/C5/ryb_C5_20241214_16_00.jpg,C5,14996,2292d27fe94d388bff89892474553e945bf79454183180b9d86dd471c422b809,35184373139347,16903531707457042567,18446744073709543552
737,DS-090/Hemp_growth/C5/ryb_C5_20241214_17_00.jpg,C5,15786,d6e2e7d0d334f0d02330366be1c2467efdc55a8262b9633f4f972cf8452650ed,4611686018428454803,16903531776176453767,18446744073709543552
738,DS-090/Hemp_growth/C5/ryb_C5_20241215_09_00.jpg,C5,29835,613e6eebca9131c325195cd78b812fd2c6aca079ce1306afafe761759fbdb36d,309658746619539,17982434089013434543,18446178923692475072
739,DS-090/Hemp_growth/C5/ryb_C5_20241215_10_00.jpg,C5,16105,a707164a64bc8c44d600b7ece674df9aa0618506d3bf0fc6eba495baef71bcfb,72374665972305811,16903531707457042567,18446744073709002752
740,DS-090/Hemp_growth/C5/ryb_C5_20241215_11_00.jpg,C5,13821,7701d14abbca357e6976f6924ac384500011a03965bef0330d50cbc93f46aca5,44306067,16329322754967304327,18446744073709544384
741,DS-090/Hemp_growth/C5/ryb_C5_20241215_12_00.jpg,C5,16102,2ca47e2909c0fc610665acb12b2e76f230f0cfa1bad62e9032fa6a0690131cc9,347795,16327633905107040391,18446744073709544192
742,DS-090/Hemp_growth/C5/ryb_C5_20241215_13_00.jpg,C5,17734,344955037f7e20c3b97b72cfc38edf899a995be06e7355902b0ff5855e949811,281475245428371,16759979469334608007,18446744073708953600
743,DS-090/Hemp_growth/C5/ryb_C5_20241215_15_00.jpg,C5,15471,f1fb442d1c06d7ec5ae5a010204cc1a42b403a8ba9df337f7ee0272f39129894,268717587,16903531707457042567,18446744073709019136
744,DS-090/Hemp_growth/C5/ryb_C5_20241215_17_00.jpg,C5,15614,27aa5d475fd6fe838d39cc68c4fe9ee7d44c11df7df70712f788fc92c5e52de6,268717715,16903531707457042567,18446744073708953600
745,DS-090/Hemp_growth/C5/ryb_C5_20241216_09_00.jpg,C5,30079,8465b6014782537c8510c4539bf2952de628a2a43026fa63fb37209a06214f8e,288540309775193619,17405982132803041465,18446181122848113344
746,DS-090/Hemp_growth/C5/ryb_C5_20241216_10_00.jpg,C5,16103,c9466794832654217f6718bfbc4580af47a12a4276d9f92c474a8ab87036136a,17180675859,16327088547339663501,18446744073709019264
747,DS-090/Hemp_growth/C5/ryb_C5_20241216_11_00.jpg,C5,17486,aa740dfd3c3a3968e47cd77be7767f53840d958ca95b7fd23beb4c2b658d97fc,269242003,16329322754967304327,18446744073707970688
748,DS-090/Hemp_growth/C5/ryb_C5_20241216_12_00.jpg,C5,18901,cbb0b177eb50ffebb621f6481a803474977818f73a4b293ead8fcd53eb643f12,34360610451,16329322754967304327,18446744073707970560
749,DS-090/Hemp_growth/C5/ryb_C5_20241216_13_00.jpg,C5,20714,35243995558d79a4cc68e560506f4d4314abaf5055682ba2896637d955263f3f,269225619,16903531707457042567,18446744073707511936
750,DS-090/Hemp_growth/C5/ryb_C5_20241216_14_00.jpg,C5,16213,59392ff44a50b6c4b483abe36356aa72f55c98e09023b830b7841909c55f0512,269225491,16903531707457042567,18446744073707970560
751,DS-090/Hemp_growth/C5/ryb_C5_20241216_15_00.jpg,C5,17404,5cb7493b1db1766def49da90a8dbe08ff87f1ca1a745fc3b26561e47dcf88a4e,269241875,16329322754967304327,18446744073707642880
752,DS-090/Hemp_growth/C5/ryb_C5_20241216_16_00.jpg,C5,17760,c75ad47ca5ca735450834f16178f1c7ca5e707fdfda2b105548a821314df0030,269241875,16329322754967304327,18446744073707642880
753,DS-090/Hemp_growth/C5/ryb_C5_20241216_17_00.jpg,C5,17401,9f57f13ef64b02feed63d291e8f5e0f0435e0b173c6b83d5f00bfba658fb43d2,269242003,16329322754967304327,18446744073707643008
754,DS-090/Hemp_growth/C5/ryb_C5_20241217_08_00.jpg,C5,13720,2d754e07a232441c64edb8eeae3b011c90b7f270eafaef82dffa1d6229c011a8,17180659347,16327633905107040397,18446744073707971520
755,DS-090/Hemp_growth/C5/ryb_C5_20241217_09_00.jpg,C5,15890,c95d65d117a132ad250861d84b24126205e60532df16a60303bc4ca02e19bf96,17180659347,16327633905107040397,18446744073707971520
756,DS-090/Hemp_growth/C5/ryb_C5_20241217_10_00.jpg,C5,17022,e7de6e62f118999308407bff5a08c893462cdb8e33f8e7da53473787c810d58d,34360528531,16327633905107040397,18446744073707971008
757,DS-090/Hemp_growth/C5/ryb_C5_20241217_11_00.jpg,C5,16506,83d85d01a990da4a7ca3a376756f35fb8600081f695989239613941c8efdc6e1,17180675731,16329322754967304333,18446744073707971520
758,DS-090/Hemp_growth/C5/ryb_C5_20241217_12_00.jpg,C5,20108,f6df1c00c9835f2eb3ffd9d0f1cbe04fd9a5ae549d5eb0e53e1e86c3ef70f6b4,17985982099,16329322754967304333,18446744073707905152
759,DS-090/Hemp_growth/C5/ryb_C5_20241217_13_00.jpg,C5,20787,5f988608d72cbb44efd40ab16d11dcf8cb6eebbe673a1b7549d7d1d17fe37a3d,269307539,17480555409713887365,18446744073707511936
760,DS-090/Hemp_growth/C5/ryb_C5_20241217_14_00.jpg,C5,19950,da184c2523dba4b89206c30bf28b7f2809f096ade3f542fb8292b5f66351a950,17985965715,17482244259574151301,18446744073707634816
761,DS-090/Hemp_growth/C5/ryb_C5_20241217_15_00.jpg,C5,17159,f4e29c814fa0d820a4cc8004b6543d9e1d18fc7bd4df566129f85368f33e750a,17180659219,16329340347153348741,18446744073707970944
762,DS-090/Hemp_growth/C5/ryb_C5_20241217_16_00.jpg,C5,18858,55ffd4a4c2061f7ce08891e698ab287e49b066cfcb0e42fa5d36ebe9088f5201,806096403,17479992459760466061,18446744073707700224
763,DS-090/Hemp_growth/C5/ryb_C5_20241217_17_00.jpg,C5,19459,a08deb62e629ede65aef88377340c068c41e4342e0ac0f9c6fe524a9f01cfe7d,806096403,17479992459760466061,18446744073707634816
764,DS-090/Hemp_growth/C5/ryb_C5_20241218_08_00.jpg,C5,15952,1b28795127bb0b58a3d5359a9181972a17a493cc00014b0d292c54a456cd7bf0,369954707,16183518717031185037,18446744073705874368
765,DS-090/Hemp_growth/C5/ryb_C5_20241218_09_00.jpg,C5,31060,e29eb7575ff012785751716052ada2040f72651fdcd593298ced251986dda82c,82158328801463443,17910666762019889797,18446744073369862336
766,DS-090/Hemp_growth/C5/ryb_C5_20241218_10_00.jpg,C5,20805,3ea4e29e36e2672e4f6159b54c598488d7b57552b1a1a27d0871ca30f4a146c7,269307539,16183518717031185037,18446744073707504512
767,DS-090/Hemp_growth/C5/ryb_C5_20241218_11_00.jpg,C5,18372,befb0cbc54a4166cbdad7143aec121604c735523dec6da8cb432455bb1f0cfbb,790035,17475506452319139981,18446744073707970688
768,DS-090/Hemp_growth/C5/ryb_C5_20241218_12_00.jpg,C5,19877,bd20aeed2d9291b594f93363e64f773e1f315292090c727f2368f47678814ba8,855699,17477740659946780813,18446744073707970688
769,DS-090/Hemp_growth/C5/ryb_C5_20241218_13_00.jpg,C5,20877,745c68652e081fd55a09862d4f41d60e100ed93036f037787b7e339cf49ce3e5,140737757712275,16329322754967304333,18446744073707700224
770,DS-090/Hemp_growth/C5/ryb_C5_20241218_14_00.jpg,C5,18132,0d2e6cca43000a03089d27b390ea38eec315faadadfaddb8081ab5f62ff749ee,921491,16329322754967304327,18446744073707700352
771,DS-090/Hemp_growth/C5/ryb_C5_20241218_15_00.jpg,C5,17691,8065b198bb0ec5703bdfd282469e0e2dfaf36eacc81b3f5b23f17281d89f8375,921491,16329322754967304333,18446744073707971008
772,DS-090/Hemp_growth/C5/ryb_C5_20241218_16_00.jpg,C5,20848,247cba615e1bae5de826d338796c3151ed88d83a36f74d33d6c7a587357c255d,921491,16329322754967304333,18446744073707708544
773,DS-090/Hemp_growth/C5/ryb_C5_20241218_17_00.jpg,C5,20008,d2cf3a09a334caa55df8a001c262b1038cd80c8f374783fc620a2889dba8d806,921491,16329322754967304333,18446744073707700352
774,DS-090/Hemp_growth/C5/ryb_C5_20241219_08_00.jpg,C5,13857,d5a2720a1ec493350ec221b71c3c86c0a1275185d0f31b191678cfa1104f555a,369888915,16183518785482226317,18446744073705874368
775,DS-090/Hemp_growth/C5/ryb_C5_20241219_09_00.jpg,C5,18719,bb06880533ac26ec360e2004a2dfb22883417e3b9baaae633a07d9464b1423a8,8798610608019,16185207635610925197,18446744073705874368
776,DS-090/Hemp_growth/C5/ryb_C5_20241219_10_00.jpg,C5,21021,4e4b1657a36b52b6f60f060a2e5c9c4fc2fe30bac321b3ff1629c64ae0231dc0,36028934559567763,16327070955153619597,18446744073705603200
777,DS-090/Hemp_growth/C5/ryb_C5_20241219_11_00.jpg,C5,18118,28f5c5d95b03fd4b65fa1a518d72607cbb71c23cb70c849cacf615995c7d904b,504303507,16329322823686781061,18446744073707971520
778,DS-090/Hemp_growth/C5/ryb_C5_20241219_12_00.jpg,C5,17487,355ce6a5af3ea7c645d6d1fd688d86d4b8410463c1e65f5fedc295bcc8763a71,504303507,16329322823686781061,18446744073707971520
779,DS-090/Hemp_growth/C5/ryb_C5_20241219_13_00.jpg,C5,18718,b48bbc1ab5c95a1fc282683b0c91d5a72740c63aa9939a66eb8ce0ddb12ebb9c,235802515,16329322754967304333,18446744073707708864
780,DS-090/Hemp_growth/C5/ryb_C5_20241219_14_00.jpg,C5,21989,c2f7fcbaea7203264526a2a9173f386e82ab529ab898dded1b1c6bb6771fc20f,36174690725564307,16185209765914704013,18446744073705603136
781,DS-090/Hemp_growth/C5/ryb_C5_20241219_15_00.jpg,C5,21433,1ef3c24003ab068e06fe33702c773ad60a9656b28050f444afcff37295fcc052,36170086587731859,16185209765914704013,18446744073707708736
782,DS-090/Hemp_growth/C5/ryb_C5_20241219_16_00.jpg,C5,21929,25628320a7a578d1303d036691f95864b16ebeabfff6eded1a78c99c67db9b76,36170223892467603,16185772715868123277,18446744073705611456
783,DS-090/Hemp_growth/C5/ryb_C5_20241219_17_00.jpg,C5,23178,ae8beb625b11f89e006f1778319c3144b48617a02151a755d61ccbf738e6a893,11569888869722525587,16185772715868123277,18446744073705611328
784,DS-090/Hemp_growth/C5/ryb_C5_20241220_08_00.jpg,C5,19333,cbb5db9d453323b967a3e748d539d1d06584316b35e23b19646916556301b125,9259550919871073939,16185770581269377677,18446744072766350272
785,DS-090/Hemp_growth/C5/ryb_C5_20241220_09_00.jpg,C5,28250,4cc15f6fe48a2ae6779c14f4f261ce3a6e2f756594aa3125d38e5922ba7349d9,9259542123592850579,17334206009733177501,18446744073371960512
786,DS-090/Hemp_growth/C5/ryb_C5_20241220_10_00.jpg,C5,22575,d3b994b6ce4e4b2535d28dffecca5146b89da09b3ff67ff842f97850b7c7a790,36178883033140883,16185770516844869773,18446744073437045696
787,DS-090/Hemp_growth/C5/ryb_C5_20241220_11_00.jpg,C5,19463,51d39b3d9862d84410306fed74aee5a5451bf75f0a5b220ac899482a32fa51fb,163277846843283,16185225159077492877,18446744073705611456
788,DS-090/Hemp_growth/C5/ryb_C5_20241220_12_00.jpg,C5,20631,2ad5711455102fc7979c2b31b26b4438e886fda2fc313315eca66bc9679e17a2,4398416596883,16183518785750661261,18446744073705611328
789,DS-090/Hemp_growth/C5/ryb_C5_20241220_13_00.jpg,C5,22538,de7271298390cdab2ec4682c7ec7b8ff85b2c82dcadd31f874e70ebf948a1cb2,4611844623081279379,16183518785750661261,18446744073437175808
790,DS-090/Hemp_growth/C5/ryb_C5_20241220_14_00.jpg,C5,20366,99eb60ec08b3855515555eb199f4299518c30a2853bc61f4ffd0dfa9ab88c8b7,2314850346277474195,16327073222627915917,18446744073370058752
791,DS-090/Hemp_growth/C5/ryb_C5_20241220_15_00.jpg,C5,20787,0116bcdde4d58ce523bb6fad5daf0f7f4761e1fd9c566ddea1df2640093b2a72,446778183571,16327073222627915917,18446744073235841024
792,DS-090/Hemp_growth/C5/ryb_C5_20241220_16_00.jpg,C5,20267,9d227c523414c136aac720147d3e15402fc44fa1af934da560c35aa79fb88d41,412418510739,16329322754967304333,18446744073369927808
793,DS-090/Hemp_growth/C5/ryb_C5_20241220_17_00.jpg,C5,21072,b2d272ccfe32df6a0330666c401c5d11d710cb45c20f744986527bee2a2e9e97,412418510739,16327073154176874637,18446744073235710080
794,DS-090/Hemp_growth/C5/ryb_C5_20241221_08_00.jpg,C5,19086,865b809b1112a53e75039f09a1e91d26f16ed19c8293a0a2ecdcea40b80ce1b1,35236835266195,16185207635342490253,18446744072902666176
795,DS-090/Hemp_growth/C5/ryb_C5_20241221_09_00.jpg,C5,27763,91c693b9040dbd110cd43a933499f84f3d5cf80bf5a4c67547059381d6b213ce,108544926916906387,16185779347030238349,18446744072935751872
796,DS-090/Hemp_growth/C5/ryb_C5_20241221_10_00.jpg,C5,24852,2abfacfad05facb8f22cbde5595ddd274526dcd7972e27febcd6ce5f22779c9c,36169844115082899,16185770516577478813,18446744072694645696
797,DS-090/Hemp_growth/C5/ryb_C5_20241221_11_00.jpg,C5,22139,54e608200476979459a746a2e6349a40bc6396068202709bd034eff2d5437310,161113183326099,16185209765914704013,18446744072698978496
798,DS-090/Hemp_growth/C5/ryb_C5_20241221_12_00.jpg,C5,22209,d6326baf0bbaaa306579cde7c477b33b4fb1e165012316b474fc589ac440c29c,37418125168531,16185772715868121229,18446744072698978752
799,DS-090/Hemp_growth/C5/ryb_C5_20241221_13_00.jpg,C5,23136,6dc64e063f5b0a5e079670e9ab6ae5c62759a1f4febf8e7c7763fef8ce1fbcac,36187986056908691,16183518785750661261,18446744072698847424
800,DS-090/Hemp_growth/C5/ryb_C5_20241221_14_00.jpg,C5,21076,a5023cf85cf016aa6d279598e6d887c60e31745d091d6857d8c529b71ff23340,309607731091,17479994727234762885,18446744072694644736
801,DS-090/Hemp_growth/C5/ryb_C5_20241221_15_00.jpg,C5,22771,97b069dc364621642354eddc834260b2af0fcdb022c65ecb7011d3d848a4d6aa,35493979819923,17479994727234762885,18446744072694644736
802,DS-090/Hemp_growth/C5/ryb_C5_20241221_16_00.jpg,C5,22430,5de3fa3cb49d54f784c0fc5906cf70cba65c50b7e0ec1db155898eaa4e93660d,53086300082067,16327071023873095821,18446744072694644864
803,DS-090/Hemp_growth/C5/ryb_C5_20241221_17_00.jpg,C5,22594,0649720e5f674ac7a067d23096cfb2eb9fe9106be7c0a08557f9408c7db2d8e8,53652916998035,16327071023873092237,18446744072694644864
804,DS-090/Hemp_growth/C5/ryb_C5_20241222_08_00.jpg,C5,19440,4a1c7691f816d693c8691e60adeea4b6aa8df34863df7beeac38dd51fc52eec9,65150951063,17477740728398865037,18446744072030250944
805,DS-090/Hemp_growth/C5/ryb_C5_20241222_09_00.jpg,C5,30022,4a5ea7c4a2c0f43d321cd14a750d18ea11598eb21033caf8087c1220ff2175e4,110831979553430419,16755493495985365677,18446744073472688576
806,DS-090/Hemp_growth/C5/ryb_C5_20241222_10_00.jpg,C5,26356,eb6fded643f5f5c4bfdd36496f30e7b2018b8a59f4c2f4226bf3c0bd7db0cba4,38457120580902547,16181284509136153229,18446744071593772992
807,DS-090/Hemp_growth/C5/ryb_C5_20241222_11_00.jpg,C5,21868,3d779c03af229b332d1ce2b09d04031026963234e8795a4b2f906d3724c97808,2289235336861587,16183536308949838477,18446744071627334592
808,DS-090/Hemp_growth/C5/ryb_C5_20241222_12_00.jpg,C5,22780,2c22b88050f7db7ec597d15a9c37cad2fe81e420dd3e5e508105afadaed844fb,35236499890067,16759979469067217549,18446744072701067456
809,DS-090/Hemp_growth/C5/ryb_C5_20241222_13_00.jpg,C5,23807,67f1a0697c3da31e26e4db8fcb5a81de3bc06eb26a5cbc7131158a2c86526b7b,36205595775143827,16903531707189652109,18446744072700936320
810,DS-090/Hemp_growth/C5/ryb_C5_20241222_14_00.jpg,C5,22986,ccb40570447edc9a1efde99a60d6ec426014075f72054afa29a114d4515c5a56,35785853046675,18051949680887556749,18446744072694644864
811,DS-090/Hemp_growth/C5/ryb_C5_20241222_15_00.jpg,C5,22810,2099ab0bf34c5e51449a429a305d40af537dd0d1d176a83e07389cb43bdd5689,2287035910918035,18051949680887556749,18446744072694645120
812,DS-090/Hemp_growth/C5/ryb_C5_20241222_16_00.jpg,C5,23684,7c903cad540821b57ea4da4cc83afd648432332fb7d4c9e70985f6300762e3a4,53653453868947,18056453280514796173,18446744071587348608
813,DS-090/Hemp_growth/C5/ryb_C5_20241222_17_00.jpg,C5,24196,a9e1efb3a41ac811b948ef6ac681b1ac2172db8c84ded8f7a001eaa7faebdd9d,53378575962003,16903531707189652109,18446744071587348608
814,DS-090/Hemp_growth/C5/ryb_C5_20241223_08_00.jpg,C5,20810,92128c8a7a75dfc357fe4372cdf41badc46a95d7c10cf214f1eb6a81968d8094,66228854423,17478303678352155277,18446744003847636928
815,DS-090/Hemp_growth/C5/ryb_C5_20241223_09_00.jpg,C5,31608,dba8e6ae0a9730dd171f12cea7881e1bea0313aa22e4bc41a169e5fb5a95de96,703752999737235,16827551055666168461,18446744004776280512
816,DS-090/Hemp_growth/C5/ryb_C5_20241223_10_00.jpg,C5,28225,d76a27c939aac1c43e6b1318b345613f72d62926e9e80dbc211c1e0599506d4f,36275144058936979,16325399697211878029,18446743968514820032
817,DS-090/Hemp_growth/C5/ryb_C5_20241223_11_00.jpg,C5,24338,2bebdaa26adf1270b477f280aa273a0dc0a50904897ca38825a4ce75c79cf980,1196329507035027,17480573001632402061,18446743968514818496
818,DS-090/Hemp_growth/C5/ryb_C5_20241223_12_00.jpg,C5,24033,748651067cd48d53c59ac9dc95a0bc310cfbf4de2174d73af299dfcba167cd24,2251864964667283,17480555409446365837,18446743968514819008
819,DS-090/Hemp_growth/C5/ryb_C5_20241223_13_00.jpg,C5,26557,37fe111bbb0f0d22b4580587b1f45fabacbed9e980a5883901396710886b3f69,37189933559914387,17479992459526498957,18446743968514425024
820,DS-090/Hemp_growth/C5/ryb_C5_20241223_14_00.jpg,C5,24724,7473506c5941f09b6d97bcc0e154529d59fc2356c42e1305b4f2672c2ed933ad,2322220819881875,17479992459526498957,18446744002872066176
821,DS-090/Hemp_growth/C5/ryb_C5_20241223_15_00.jpg,C5,24954,f8a854c760b84a293299602e93e714379576649e7e7e0e3510241ca83b79f012,2375547200806803,17475488928618605197,18446743968512327808
822,DS-090/Hemp_growth/C5/ryb_C5_20241223_16_00.jpg,C5,25838,df2180be56ea8e04080394dd7fe4594fb5036f052e17cb268c9fe6d12483b191,123747387252627,17479992459526498957,18446743968512327808
823,DS-090/Hemp_growth/C5/ryb_C5_20241223_17_00.jpg,C5,25577,c8bf95a2f0d7018d21682ccdbf022368d9927dbe30ba3a6475e3e4981f54bb6f,72462271477911443,16327070955188087437,18446743968512328128
824,DS-090/Hemp_growth/C5/ryb_C5_20241224_08_00.jpg,C5,22424,1f1278536d3746a8a789c1980263ef07e698d08cc05b8f29c8f8c473d1bc413d,13260359999123,17477758320584781965,18446743967306860480
825,DS-090/Hemp_growth/C5/ryb_C5_20241224_09_00.jpg,C5,33652,b0a6828f88ed405f5d69f9bcb2ae404837c36a531d8cae0d9137a752da04ecdc,36176164981512087,16827551089941897349,18446743950829273280
826,DS-090/Hemp_growth/C5/ryb_C5_20241224_10_00.jpg,C5,32066,a15320b9c3d676c6a988dd1204558f15bde60a43f239e94daa3e2398f42f2f35,220037144059027,16329340346885825167,18446743829733689280
827,DS-090/Hemp_growth/C5/ryb_C5_20241224_11_00.jpg,C5,27282,82dc7f0bebef16c291e0190210933456c965a8254effff1c16a450be73af79e4,5770302177877907,16327088547074237071,18446743831075471808
828,DS-090/Hemp_growth/C5/ryb_C5_20241224_12_00.jpg,C5,26464,70bd65459ffa490b7b290d49561a365d97127cca801528acef0e7494d9e37e37,66229051283,16327088547105694351,18446743831612735936
829,DS-090/Hemp_growth/C5/ryb_C5_20241224_13_00.jpg,C5,28617,c50f82ad32433f57362c94607af865fec0385f8bbb112e3f93718eb038d7bfdf,219968546217875,17479992459526498957,18446743968514359488
830,DS-090/Hemp_growth/C5/ryb_C5_20241224_14_00.jpg,C5,26065,911a4421eac3698c2169d0a9933d576c7e305344e786023f00d8299dd55f3211,144898096911818643,17479992459526498957,18446743968514424960
831,DS-090/Hemp_growth/C5/ryb_C5_20241224_15_00.jpg,C5,27365,2dde8803492ce49dd26a5527e91ce4a9da4b5d2d1b7aba51e196a241c67956da,576539969402642323,17479992459528587917,18446743831073374336
832,DS-090/Hemp_growth/C5/ryb_C5_20241224_16_00.jpg,C5,26705,4c5db5d34bd3a4de3c39509a5d09ee597191945334ef1f1b4e4f8ce25299cc61,79225152282515,17476051809854638733,18446743831073374656
833,DS-090/Hemp_growth/C5/ryb_C5_20241224_17_00.jpg,C5,27109,55447b48827b467888f723724e9101c3faa3a61f2472ad5bf5f6480f20572a0e,9016059957813139,17475488859901225613,18446743831073374400
834,DS-090/Hemp_growth/C5/ryb_C5_20241225_08_00.jpg,C5,24630,0b7c737452d96c89dbfa12a0401c722a5c39dd1e01e5d8f8f423332e009d44f8,576474014810906259,17478321201852276877,18446743830807431104
835,DS-090/Hemp_growth/C5/ryb_C5_20241225_09_00.jpg,C5,37351,3df962baa20c0b225dd6126852684e451d0ca7d9c8881979e030af250fd95f1c,324406541118545807,16253342137401421445,18446743944382496960
836,DS-090/Hemp_growth/C5/ryb_C5_20241225_11_00.jpg,C5,28889,a123e00b82103f3deb84e90faba73534ee49d911700a4f2dcf48c983ff525525,576614750160363411,16323147897433580175,18446743831880909760
837,DS-090/Hemp_growth/C5/ryb_C5_20241225_13_00.jpg,C5,30228,ee10fd7b65b8d3c7ac15d8b423d7d1fd0f38c3a893becb366ab27fc633bc67c9,36182794867515283,17479992459495039631,18446743831612276928
838,DS-090/Hemp_growth/C5/ryb_C5_20241225_14_00.jpg,C5,29062,2a031345a0b0fef1dee1ab3dc69144b7e1905fb33fa0f428f5898b7088d4834f,9020458004193171,17479992459495039631,18446743831610376320
839,DS-090/Hemp_growth/C5/ryb_C5_20241225_15_00.jpg,C5,28393,50301dde249109bc6724c0fa5c255248c7212480dc9ed4b96d94223b7f8bfdb9,576474080846225299,17475488859901223567,18446743832686478272
840,DS-090/Hemp_growth/C5/ryb_C5_20241225_16_00.jpg,C5,29937,8002c37ff63ac0b362c1166b674123a39e0e208e5711eec65d7fa38bf37f5155,585622017589321619,17479957275156505231,18446743831610245568
841,DS-090/Hemp_growth/C5/ryb_C5_20241226_09_00.jpg,C5,22261,92543fd280abe02921c19604900eb49f449363fec45b9e4c0f5d44fff1619f2b,13261970611347,16327071023605578375,18446743970226104256
842,DS-090/Hemp_growth/C5/ryb_C5_20241226_10_00.jpg,C5,27812,02e272c9439e4a951f93b92725989a14b008c9603ef5504e841e139a993b8e40,576476213297487763,16327088547105698439,18446717444440966080
843,DS-090/Hemp_growth/C5/ryb_C5_20241226_12_00.jpg,C5,29658,58df0917ce11dfd61c9cfba95f683e9f7eb981930157e6c9bc617d8346fea37a,576493854875656083,17479992459526500999,18446726240500171200
844,DS-090/Hemp_growth/C5/ryb_C5_20241226_13_00.jpg,C5,27971,4ebcc4847b3baa221fe77a460f77c34ac6b46a5d319bbd8df03f4b277596f9f8,576474012663619475,16327070954921750671,18446717443602106304
845,DS-090/Hemp_growth/C5/ryb_C5_20241226_14_00.jpg,C5,29532,2e64a61d7e1aa39714c87087a5b054b8d65b0470a94d9adccd0dbc5bcda7d55f,288243636511907731,17479992459528597639,18446726239426692032
846,DS-090/Hemp_growth/C5/ryb_C5_20241226_17_00.jpg,C5,33173,e5bd2ef343f8c5776b407f185e372e696a732475bc31f83147ae3ffac7c281a4,20563134361051027,17479957275122954895,18446717444405051840
847,DS-090/Hemp_growth/C5/ryb_C5_20241227_08_00.jpg,C5,8542,e163b2c189d7225cda4f0ee42a145b590cf2aeb42cd2e3c44d4acb3ff1b3bebd,2705,16759979469334608007,18446744073709551552
848,DS-090/Hemp_growth/C5/ryb_C5_20241227_09_00.jpg,C5,31146,be47a078fbbff0c348758b987e150cf4940d90f5cb9185a84f756a2d400ec059,19155828197007251,17482244259340185735,18446682260035322816
849,DS-090/Hemp_growth/C5/ryb_C5_20241227_11_00.jpg,C5,30348,aec6b33a1c88c64fbae0505fb0e99a1395a25aea7952f96fa2fc6e9c92cbaa35,20299318142377875,16329322754733863047,18446682260068615104
850,DS-090/Hemp_growth/C5/ryb_C5_20241227_12_00.jpg,C5,31390,37fb2a92e535e788c8fb4a5d49b4801466036851d7002ca92a7828c0147d307b,1422885336850323,17482244259340185735,18446682294394799040
851,DS-090/Hemp_growth/C5/ryb_C5_20241227_14_00.jpg,C5,32651,06cf41f81458463ecedb80de25d223a913d7ccdccd2e356ca5af40289ab36061,21689100772777875,17479992459528597639,18446682258959221696
852,DS-090/Hemp_growth/C5/ryb_C5_20241227_15_00.jpg,C5,33284,fae41df9e84f56ec3f0300857089c91538c3da45ae2a6ea4444b75c559c32318,2267258660265875,17479992459528597639,18446682258959221184
853,DS-090/Hemp_growth/C5/ryb_C5_20241228_08_00.jpg,C5,8429,11116c741ab525bb475e6f4341798a0f800299335c1442c35388d7f2d10f454c,2705,16755493461893281927,18446744073709551552
854,DS-090/Hemp_growth/C5/ryb_C5_20241228_09_00.jpg,C5,26730,17ec3b001739b75baca79379dd53dcbf7ca4f44e1c9cdae72b552b00b3f2dfe4,2828003189759123,17479992528245977223,18446691056497452992
855,DS-090/Hemp_growth/C5/ryb_C5_20241228_10_00.jpg,C5,31942,2f8a8c56317158dca0049c9a9948ae4b70ae0673ba65d5e3b398e51306d115be,8758777491627923,17482261850989359239,18446682260370868160
856,DS-090/Hemp_growth/C5/ryb_C5_20241228_11_00.jpg,C5,34290,f2f66b2f2f5c69fbad3dcf0a1508fa43de953b032637d0bc15459e4654bd9638,4237652250271635,17480010051177771143,18446682260032963008
857,DS-090/Hemp_growth/C5/ryb_C5_20241228_12_00.jpg,C5,33724,e445b0cd4c689f896805414a9c8f13a56b9b8c1bb00545dfdda0f00487a5dc52,4237635036848019,17479992458991727751,18446682260303496128
858,DS-090/Hemp_growth/C5/ryb_C5_20241228_13_00.jpg,C5,33934,887383c6cbba359cf2f26faf9dfd562acc98f65ec08e08d90c400d04ef3c284d,21970575749484435,17479992458991727751,18446682260303496128
859,DS-090/Hemp_growth/C5/ryb_C5_20241228_15_00.jpg,C5,35694,2697b200920226e42aa544261dee2ea842126a1f60cf8cb9c7cb439fedceea0e,3665837450792851,17479992458991723663,18446677862256985024
860,DS-090/Hemp_growth/C5/ryb_C5_20241228_17_00.jpg,C5,36957,aad6511df8d16e6bf54be2d5b0ed86a3a10d6283f8733d77b43f381d2926e99d,3947312427503507,17479957274619640973,18446677860912710080
861,DS-090/Hemp_growth/C5/ryb_C5_20241229_11_00.jpg,C5,36658,39f9d62c35314c96b7c9cd1bd1d9c2294a51658005f6828683e09290b7fc72ea,596461486231981969,17478321201317179535,18446682258137139136
862,DS-090/Hemp_growth/C5/ryb_C5_20241229_12_00.jpg,C5,37615,42c6f7cf62b8a71122a5ff6adc1c9b2f96946eb8caaa379aa30a4b27a935152c,1172922210752335763,17478303609399828623,18446677894653788608
863,DS-090/Hemp_growth/C5/ryb_C5_20241229_13_00.jpg,C5,39946,1444cae53554946491ba26dc153a7090a3bb7a72554f7123a39425a81060af44,1154618666488041363,17475488928083832975,18446677861969674432
864,DS-090/Hemp_growth/C5/ryb_C5_20241229_16_00.jpg,C5,39709,cc40c46a7f52c91bc8b944b1bd0f549b1d30d6e714cb57c83e9c056b2fbad6dd,1803162920072187799,17479992459260093071,18446677860912710592
865,DS-090/Hemp_growth/C5/ryb_C5_20241230_09_00.jpg,C5,39369,8f76c4a2b67e06eaa07277c144d8fd169f169833149449a4b19f7b4079743ede,884708956521303959,17478303609146142855,18445556392472856512
866,DS-090/Hemp_growth/C5/ryb_C5_20241230_10_00.jpg,C5,46132,617ac6cfe02be718576e459ddb1a2f4b8d8736cbc66e58afc2b1a18124da0da8,1749524329798770067,17334206013507924167,18420782198893823936
867,DS-090/Hemp_growth/C5/ryb_C5_20241230_11_00.jpg,C5,39558,7ca2404a8326692c0831724e2b88d999517551464cde3b30c50435c028cbb23d,2036646329468260241,17405683134127960199,18445556392724252608
868,DS-090/Hemp_growth/C5/ryb_C5_20241230_12_00.jpg,C5,39350,8ec9ce0bc22bfdafe1d34e186298a80ef82274f516e9da921ce46c1f93d00b48,1749401201667936151,17475488928350105807,18445587180811436480
869,DS-090/Hemp_growth/C5/ryb_C5_20241230_13_00.jpg,C5,41353,685cf9a41d22a384488d5d70f612a2fb1fe585f5ddc33f50bff89e4247d6d5e8,1754045538783661975,17547546522924904583,18445591544498209216
870,DS-090/Hemp_growth/C5/ryb_C5_20241230_17_00.jpg,C5,41673,76ad0481260e1143f7ab7aa65829f264c6477db0ccaf23fbfa6efbb66f7a7e52,2041149995701178263,17475488928352202895,18445556360126121920
871,DS-090/Hemp_growth/C5/ryb_C5_20241231_09_00.jpg,C5,40817,e0bd75abd4c2aa15993372b63ac6cd6f908db754ca49fbcc56196dd746c38bb8,2293207540958171031,17475488860169662599,17256043140759406528
872,DS-090/Hemp_growth/C5/ryb_C5_20241231_10_00.jpg,C5,51915,6dbae5ceeb806f9abd40332554f4ae6ace8ae1691f9e29a63b681b84dc68476f,2288830385176382611,17333625471922237575,17253791343363737536
873,DS-090/Hemp_growth/C5/ryb_C5_20241231_12_00.jpg,C5,42022,ff707d75ff57195b26bc2eaa34c95a1fd2a1a1c2ba7ed7e0d28c7dc82d9dbb64,2072674095728627603,17907834424397230275,17292643686240469440
874,DS-090/Hemp_growth/C5/ryb_C5_20241231_14_00.jpg,C5,44351,1d347ab74c9be36843a6e2db5a15c532350d09d54106e6f9cdb7c2deb1ee2108,2077178812047494933,17907834424397230215,17292678870344123328
875,DS-090/Hemp_growth/C5/ryb_C5_20241231_15_00.jpg,C5,42380,90887628f023734fabe02a020550d350e808aade86fcd0cca5f1eb7b6f240e37,2077178809900011413,17331373672093741767,18445556394485859264
876,DS-090/Hemp_growth/C5/ryb_C5_20241231_17_00.jpg,C5,46319,917210fc762130271fb3b3449806876462cef2e08922c88033841d9c413867fb,2072675212420124567,17331373740813021891,17292634889879013312
877,DS-090/Hemp_water_stress/test/healthy/ryb_C1_20241229_11_00.jpg,healthy,18303,5afd727ef10e07b122193a5391d81edaa81781bfcec2854652f637db679723c4,53037850512423,13601831398604683459,18446743624743888769
878,DS-090/Hemp_water_stress/test/healthy/ryb_C1_20241230_10_00.jpg,healthy,22442,26e3fd27028f533805e0fe7fc4c0ea13a271afd20346ef4295191808d02c11f0,1154100655770389511,13747072465045503168,18446637452883896193
879,DS-090/Hemp_water_stress/test/healthy/ryb_C1_20241230_14_00.jpg,healthy,21309,1661cc289e95dead3b1b69d61c9e6930366062043a871c7398430842cc43507d,2308148121487494151,13745946565272877250,18446708474731538305
880,DS-090/Hemp_water_stress/test/healthy/ryb_C1_20241231_09_00.jpg,healthy,21543,da1ddd59ad24baa413cb78c214c5ce3dc3b766cc926823e36c64ab41631d5703,4617439653358619687,13601848969181740482,18446496921822373761
881,DS-090/Hemp_water_stress/test/healthy/ryb_C1_20241231_16_00.jpg,healthy,23657,8981c6c63b465e3b3ac0e4e0d33d81fe051d75bc16e967eea5311a642641cf76,1179151163608071,13745964432135503040,18446637521871800193
882,DS-090/Hemp_water_stress/test/healthy/ryb_C2_20241229_08_00.jpg,healthy,29817,268e278302d3031477669e011381010e35e85a0f0388bf3aa00b41e9ba0ffd1d,2306121119020563511,13817164148516088967,18446743107602419457
883,DS-090/Hemp_water_stress/test/healthy/ryb_C2_20241230_09_00.jpg,healthy,31955,7a5de9f456a1d6afeda41e8899ddeccab56c5ad80e9d0035e4fb87466054e371,2306116740236393527,13817180645435403139,18446532001629931265
884,DS-090/Hemp_water_stress/test/healthy/ryb_C2_20241230_14_00.jpg,healthy,33633,c7bff02469ee949ee0293de6e5efb4d72239da193fd75ecbb9c3ee5a28839da9,2342136122686914103,12664817675623345027,18446532002166802177
885,DS-090/Hemp_water_stress/test/healthy/ryb_C2_20241231_15_00.jpg,healthy,32027,6ee099ff4387ba1fbedf282c1863cba3fcd868036958ac06581bde5d9c72b023,40765961122032695,10071874576416909703,18446532139606279937
886,DS-090/Hemp_water_stress/test/healthy/ryb_C3_20241229_13_00.jpg,healthy,36780,99d4fbb0eae263d06c7a65941088c7622c7dbe84aab4f92a5013d9356c7ebaf7,16148804144146891539,13372995536714677712,18446691193125273600
887,DS-090/Hemp_water_stress/test/healthy/ryb_C3_20241229_17_00.jpg,healthy,38163,70c4738075263acdfb4257c5fb47b7977f12f96c01e95f690e59e39ca3359191,13951056322083111699,13533432974837759187,18446691192043143168
888,DS-090/Hemp_water_stress/test/healthy/ryb_C3_20241230_15_00.jpg,healthy,40083,bdfa6df5aa6d18206d023edd4d8477def95070e864392f2c8dc5f5c7afdbb957,13987076039524436755,13533432979132725447,18437701586048188673
889,DS-090/Hemp_water_stress/test/healthy/ryb_C3_20241231_10_00.jpg,healthy,43456,28916355ac84e66e360d7a19eba8ab35a4174a405ee3ca4af78a3b6c6b6eaa2b,1746432989702218515,13300391489625610439,18437730164760576128
890,DS-090/Hemp_water_stress/test/healthy/ryb_C3_20241231_14_00.jpg,healthy,43758,cddcf8676e2d4880c8902217d1237dc65bb883e96e9ca0ef342d0b5da6d58dd7,4187252046459267859,13461381982164511173,18433215578606862593
891,DS-090/Hemp_water_stress/test/healthy/ryb_C4_20241229_15_00.jpg,healthy,34006,b3397cef48d8b9f8347e4e1c1199cf0ae2e43e3220a7a3da7ffddcac19b70e20,10970291908347366923,13516842675814493830,18415086279999079296
892,DS-090/Hemp_water_stress/test/healthy/ryb_C4_20241230_13_00.jpg,healthy,37390,a62f203823a783bc919d82a8f7d0b6c3bba7f26dfc64fdca943a2ebf5b69e0b6,1746912179206164251,13516842469924367812,16109274641226515393
893,DS-090/Hemp_water_stress/test/healthy/ryb_C4_20241231_12_00.jpg,healthy,36616,ff8f41f6a3c56f046a3556d04c5c1aaf0138774ff108cfeb9972fa2a6523ea3e,6646230972035993099,13300319952931352486,10349135397083407296
894,DS-090/Hemp_water_stress/test/healthy/ryb_C4_20241231_14_00.jpg,healthy,40681,3098926978336374ac97d14468ae30d290d384e50e1df4d19ebd07d9da256549,4412744091447004939,13300388225765043364,10344631934894982081
895,DS-090/Hemp_water_stress/test/healthy/ryb_C5_20241231_10_00.jpg,healthy,51915,6dbae5ceeb806f9abd40332554f4ae6ace8ae1691f9e29a63b681b84dc68476f,2288830385176382611,17333625471922237575,17253791343363737536
896,DS-090/Hemp_water_stress/test/healthy/ryb_C5_20241231_14_00.jpg,healthy,44351,1d347ab74c9be36843a6e2db5a15c532350d09d54106e6f9cdb7c2deb1ee2108,2077178812047494933,17907834424397230215,17292678870344123328
897,DS-090/Hemp_water_stress/test/water stress 3 days/ryb_C1_20250102_12_00.jpg,water stress 3 days,27577,2ad67424ed8992c37544169a113f5d265a6feb3b11150ea3a5cacfbaac4f2b50,17012659903228935,13732453633253129350,18419475257218770817
898,DS-090/Hemp_water_stress/test/water stress 3 days/ryb_C1_20250102_16_00.jpg,water stress 3 days,30069,2a7337e52b2cf4b99e7e2b09cc55b138a966c2a2f45cf20eb5ba5cc604137685,17012664214441735,13734142637732469888,18419475288892573569
899,DS-090/Hemp_water_stress/test/water stress 3 days/ryb_C1_20250103_15_00.jpg,water stress 3 days,28734,5b2a2a691ebfa7c399480462c5ab7c7efcfbc77316f0c042c9a21122970b9ba5,8104355453127314439,13151493696548990082,18383447317045249921
900,DS-090/Hemp_water_stress/test/water stress 3 days/ryb_C1_20250104_13_00.jpg,water stress 3 days,27477,49548337bba0f2f931ac252e85d5aabe98a6e4897f8de0b0fc9b0584a44a9cee,8680794215181937671,13228036181337271426,13771796551171518337
901,DS-090/Hemp_water_stress/test/water stress 3 days/ryb_C2_20250102_11_00.jpg,water stress 3 days,33508,f775ae2a65b63a55cf169f916ef7e890074dddfa3848fb22a2cf020720477d32,2342133970090301991,11585081027575352707,18410503755977918209
902,DS-090/Hemp_water_stress/test/water stress 3 days/ryb_C2_20250103_12_00.jpg,water stress 3 days,33892,3e15bd3d5434482e4c31f5783971bc51dee44da7a179a3de85e83ae384fa16c8,9259656778499366711,11583958490593562560,18446602784302139137
903,DS-090/Hemp_water_stress/test/water stress 3 days/ryb_C2_20250104_10_00.jpg,water stress 3 days,36722,1d717f867d514f411ac46f0e76a28b16ff7310f393a5e08c0dd0b6ce9925784c,12752223269531098551,11585079666041384320,18410503206222104321
904,DS-090/Hemp_water_stress/test/water stress 3 days/ryb_C2_20250104_13_00.jpg,water stress 3 days,23930,1d37809ea3e28f54e532274d5284f7e0f8ee1e7b279d93a0ee0dee366b2cc4e2,54254373715909695,11585013695343701888,18410574537038958337
905,DS-090/Hemp_water_stress/test/water stress 3 days/ryb_C3_20250102_12_00.jpg,water stress 3 days,50685,e0bfaa03c7211896241800578946d3d9255ef108ce0804cec9034e3888d6f378,2169709730454858515,13515935346793351621,17260027919038611713
906,DS-090/Hemp_water_stress/test/water stress 3 days/ryb_C3_20250103_09_00.jpg,water stress 3 days,45997,e107af3508b053512f7a6721965a282668474a35b7a0447ee6fe26ba8f3d43a5,4493943901970266939,13533369203566496960,16073346837605449985
907,DS-090/Hemp_water_stress/test/water stress 3 days/ryb_C3_20250104_08_00.jpg,water stress 3 days,39041,b466dda8fa0a9d3d5ca0704a2cb3d0d9094bdf3a4dc66a06d36cf5c46d0bcabd,4205722793821301547,13515352605765397700,18379189881187270913
908,DS-090/Hemp_water_stress/test/water stress 3 days/ryb_C3_20250104_14_00.jpg,water stress 3 days,44136,470c955a174132ca061af7c5c0d5c075db1ca2bc533be61adb7b6bdb00d79e1f,3196953972317191983,13515363875759125698,18379172331580752641
909,DS-090/Hemp_water_stress/test/water stress 3 days/ryb_C4_20250102_09_00.jpg,water stress 3 days,43461,76436774e8c3b271c6b40da4af3b5a53cede145567832ef1a3edf0e6fc4018df,4050732632485891615,13300317852844249036,16107110803417851777
910,DS-090/Hemp_water_stress/test/water stress 3 days/ryb_C4_20250103_11_00.jpg,water stress 3 days,41547,b188302de9b5c9a0b21aa814619b9b274ad75c89d79f10742e6ca7a8e86c854c,3908587756496326155,13372445712429051108,11495301639757359040
911,DS-090/Hemp_water_stress/test/water stress 3 days/ryb_C4_20250104_08_00.jpg,water stress 3 days,34933,d3d4121359153c2bd51c07fa9af4f7c38c622bf186a0573bebba0d65c2bffbda,4197099603329748751,13372445772558323180,16107058026926826433
912,DS-090/Hemp_water_stress/test/water stress 3 days/ryb_C5_20250102_12_00.jpg,water stress 3 days,47342,adc5f0ee5a00abd857722b6b5527e29da42ae32b38071435794ae6949be93993,1716746804224003985,17914589858164388998,14986237726033168320
913,DS-090/Hemp_water_stress/test/water stress 3 days/ryb_C5_20250103_10_00.jpg,water stress 3 days,58898,3fa7ac32460a3c6593b1eefd2f8920d4b98b58adb9ece4d5b3f2d36274653545,1428517501278165015,18126259040447377543,11527182942320185280
914,DS-090/Hemp_water_stress/test/water stress 3 days/ryb_C5_20250103_17_00.jpg,water stress 3 days,50912,4f3b8b0fc94b68b485a8c0c0d8a009f04abebe68deaf151f2603c332867ece07,1427955676605255559,18127384931716116615,14987354827393320896
915,DS-090/Hemp_water_stress/test/water stress 3 days/ryb_C5_20250104_12_00.jpg,water stress 3 days,49316,da4c45617bb34c619c64aafa6ccda23305ba0ba676913432a16863cd5194f436,5877509900709339027,18130762605683548295,18446128137688565696
916,DS-090/Hemp_water_stress/test/water stress 3 days/ryb_C5_20250104_16_00.jpg,water stress 3 days,52050,0cdbe4c5212f2d2bbf908141a6f87d513df579d3cb12c101cb98e335ae5d08b6,1698172745044401933,18128510797279999109,16140276331996235712
917,DS-090/Hemp_water_stress/test/water stress 6 days/ryb_C1_20250105_10_00.jpg,water stress 6 days,27887,fb4550974c5ad337960529515c5673c24bbdfc793b97a5a171190bd93071dbd2,6664311880076905511,12581770476890844290,13780768566055219073
918,DS-090/Hemp_water_stress/test/water stress 6 days/ryb_C1_20250105_15_00.jpg,water stress 6 days,31200,87da667df68343bb1c37030b6b065d88eff90baf9d5645e936849dbc85c9072a,8970172618945022983,13730205973788699650,13780768566055208833
919,DS-090/Hemp_water_stress/test/water stress 6 days/ryb_C1_20250105_17_00.jpg,water stress 6 days,30784,3a414186c5f660fe154f51a2bdbe92bf1ddd10d46ba0ae266174131115d61b91,6371718504917715975,13734634810920103040,13780768566055208833
920,DS-090/Hemp_water_stress/test/water stress 6 days/ryb_C1_20250106_15_00.jpg,water stress 6 days,28072,df2bc23a47a6a822e4ae2771fbba28c9c97366728ae132da89be34524d260fe7,6658836415249865735,12074834048264137858,18392489768846307201
921,DS-090/Hemp_water_stress/test/water stress 6 days/ryb_C2_20250105_12_00.jpg,water stress 6 days,31667,59aca43fef0cb4ccc1848ab836b8a7774f2e92d07a3624bc32d504d6dda245ed,9858521029966339743,9279171785636474583,18410714724771497729
922,DS-090/Hemp_water_stress/test/water stress 6 days/ryb_C2_20250105_17_00.jpg,water stress 6 days,29103,30fd943a1f210ab18513fa44f448ce962283e663b2b40eec770b0ceadb5d0dc7,11597047203630915263,9279242154378751190,18446602784302106369
923,DS-090/Hemp_water_stress/test/water stress 6 days/ryb_C2_20250106_14_00.jpg,water stress 6 days,32127,acf5d295657b3119df18c984cc3d0e52f5b0b2cb6f2ae84e35e3fe563d625cf2,16199562727492655295,9351575987829026768,9187131306806284033
924,DS-090/Hemp_water_stress/test/water stress 6 days/ryb_C2_20250106_17_00.jpg,water stress 6 days,33482,318fac527535a670686fe28ff4d5e756fba51b3569a71eb9f671592ac8dd0baf,16199703414079200959,9351575712984674256,9187131306806284033
925,DS-090/Hemp_water_stress/test/water stress 6 days/ryb_C3_20250105_12_00.jpg,water stress 6 days,48559,0bbcadb72b773d314cb3270681239b473a52b5b5a824375c17e85e0fff4fc55e,3340788647488880427,13515372641787375619,18378926040976130817
926,DS-090/Hemp_water_stress/test/water stress 6 days/ryb_C3_20250106_15_00.jpg,water stress 6 days,46696,ebd054168db44c98fa38135c0a974c6579e845730a0dc1f71ca63ab696c343cb,2756023283862961979,13534511836397105666,18378925972256654081
927,DS-090/Hemp_water_stress/test/water stress 6 days/ryb_C4_20250105_08_00.jpg,water stress 6 days,7066,0c685a7b9cc4b2e8cf1184f0e99880de7eca834665b2a5463f6b6a32e764d849,65691,16831756756359408261,18446744073709551552
928,DS-090/Hemp_water_stress/test/water stress 6 days/ryb_C4_20250105_13_00.jpg,water stress 6 days,41458,f234d34d6286b5c1bf0a8c7e91216eefbcac2afa4a06af10c794030500c79075,3935608804500508187,13300388187244817572,16125072425436308417
929,DS-090/Hemp_water_stress/test/water stress 6 days/ryb_C5_20250105_10_00.jpg,water stress 6 days,51770,6c912563368cb11130461cc074e9a0e12269c95dc7c42efcf7104fbf8099cd9d,1409939072505290655,18056453237601936517,18302004120124639168
930,DS-090/Hemp_water_stress/test/water stress 6 days/ryb_C5_20250106_10_00.jpg,water stress 6 days,54057,15b1f3f0da13d16c8460bdd8abccedb4183bda61438448510cdac53941b37d50,1518028770678611727,18056470795428242565,18446682256811739072
931,DS-090/Hemp_water_stress/test/water stress 6 days/ryb_C5_20250106_16_00.jpg,water stress 6 days,53482,3ac802a26afb575d6f4b6f2f3b9fde478de34b588bebdeddc50968de5430328e,1662143956606983951,17912340214189597831,18446128103202998208
932,DS-090/Hemp_water_stress/test/water stress 6 days/ryb_C5_20250107_10_00.jpg,water stress 6 days,63961,5e5cfc44c9e5c610da56b76a9f1b0d1f9ff6353cd61a8a2be0c2ff233a3adb20,509221284037204255,17910086249645221021,15265170598660919232
933,DS-090/Hemp_water_stress/test/water stress 6 days/ryb_C5_20250107_13_00.jpg,water stress 6 days,56779,7ad8deeabd6837a8608a52f5232bc16a63107a1ce05a4a85c1b5041b72bb1d54,5156933896173461259,17907834415404770463,18444720729814714304
934,DS-090/Hemp_water_stress/test/water stress 9 days/ryb_C1_20250108_09_00.jpg,water stress 9 days,32169,74ab29bfd281fc3fe630b5d1688b6f008d88ecebff0e766f21e9ff179e84b1d1,14731547818280832775,11788294841254243346,18392489768847352577
935,DS-090/Hemp_water_stress/test/water stress 9 days/ryb_C1_20250108_11_00.jpg,water stress 9 days,30365,37635bc9c1fa55f1f6821c178d6491f14927b17404675003fb070de2b86d532d,10982301060043856903,12938964820926343185,17275561327263690625
936,DS-090/Hemp_water_stress/test/water stress 9 days/ryb_C2_20250109_09_00.jpg,water stress 9 days,30202,d77c0f0df0a413b609d82aa3db2420d0fef880b24616d6adaecf181f1c6a96e3,16195068164478769203,9279448793778126807,9187272181734641409
937,DS-090/Hemp_water_stress/test/water stress 9 days/ryb_C3_20250108_08_00.jpg,water stress 9 days,42771,9eea64d2b6f21b5ba8d3ba9bb97ecc8aac22198257a98b7a8f3fe4ffee65232b,4043962748369795883,13461311600670336454,18379172322924757761
938,DS-090/Hemp_water_stress/test/water stress 9 days/ryb_C3_20250109_17_00.jpg,water stress 9 days,46905,632e47fcfd24d6f781b8e5afc8a102ecd2fe0cf3c51bbc5f2e29d8c9e58652c5,2754546654691081531,13656742304295559941,18419458384236611457
939,DS-090/Hemp_water_stress/test/water stress 9 days/ryb_C3_20250110_12_00.jpg,water stress 9 days,41003,bdd4ff13f546b7721e07669de805971df8e753f2201a01c4d1f8ea524453ffb7,11108190846750505019,13299551651852002204,17293557652685033345
940,DS-090/Hemp_water_stress/test/water stress 9 days/ryb_C4_20250108_11_00.jpg,water stress 9 days,44969,fa23ea8c840a1d584779a7cbe6c6e4b38b9e6bb22e96b868a7acfb0f2c4f74c2,1701401176859692955,13300652104366255264,15836841619787737025
941,DS-090/Hemp_water_stress/test/water stress 9 days/ryb_C4_20250108_17_00.jpg,water stress 9 days,41877,345c06c9e944ba448e902d2369df797609015ea67deaf2b69a33bb697b052c3a,1702245601789806363,13301777969946913952,16125072013119448001
942,DS-090/Hemp_water_stress/test/water stress 9 days/ryb_C4_20250110_09_00.jpg,water stress 9 days,50174,c5963c3990c5cde0c3f8e329694bc6b0fb3c36c955179f6660fe31391039aa81,3574898623993302043,13371583763633891568,16089042803916793729
943,DS-090/Hemp_water_stress/test/water stress 9 days/ryb_C4_20250110_17_00.jpg,water stress 9 days,41326,ec3cf7f1dd22f6d0e482123805bce7c48306aba7a23308a0034890906ae1e88b,1665653545579777819,13300370633684510881,16125071995938531265
944,DS-090/Hemp_water_stress/test/water stress 9 days/ryb_C5_20250108_11_00.jpg,water stress 9 days,55939,4e8193a894f6aa58c7b592da2c9a33aa2b0255fca624cf9c7c86f34929ae42e6,5156933896307678987,17907834458354311327,18435713530423660480
945,DS-090/Hemp_water_stress/test/water stress 9 days/ryb_C5_20250108_16_00.jpg,water stress 9 days,57063,098bf89151c6843516cde4dc159d8b0e15bb8d554244aa987600d642f43f8da0,7462776895849307919,13296148439054631071,18435713530423527360
946,DS-090/Hemp_water_stress/test/water stress 9 days/ryb_C5_20250109_14_00.jpg,water stress 9 days,57454,d47d2d0b47a8a7224ea83ec29b39b1a37ab4717ede90486a316aeebcd83d8f19,7787595720509594911,13440826542822673055,18445562955614504896
947,DS-090/Hemp_water_stress/test/water stress 9 days/ryb_C5_20250110_08_00.jpg,water stress 9 days,45948,7461ad0cefc72a04903a516146fb83cb4421e1c51ef97763960e9631e1ca3636,7030431410415867915,13296148431471337631,18436839153423339457
948,DS-090/Hemp_water_stress/test/water stress 9 days/ryb_C5_20250110_12_00.jpg,water stress 9 days,57441,5e2849be8a699c7cb957afaf59f058a4556096cf025722f25228bc213a94725c,7787727666183117087,13371025146678233881,13824882932071908800
949,DS-090/Hemp_water_stress/test/water stress 9 days/ryb_C5_20250110_16_00.jpg,water stress 9 days,61686,94d573792d42e951c9348ff76a5eff49265ba7a8479475c58c010979f02e090d,3320165627645369631,13515100786661936792,18445598139986593216
950,DS-090/Hemp_water_stress/train/healthy/ryb_C1_20241229_08_00.jpg,healthy,15056,e3a4b120901865f7de132c4f4de04a34b5bfdc90f4ac0ffbfdd8f21fa7edd48b,52942287490055,13601549923631185090,18446743933578897281
951,DS-090/Hemp_water_stress/train/healthy/ryb_C1_20241229_09_00.jpg,healthy,21925,e4bce698dd9c03394abf22a5380e38291fbb402c2309b1e82adbdd94b2d3c684,52942438027015,13745385835749391552,18446743658432537473
952,DS-090/Hemp_water_stress/train/healthy/ryb_C1_20241229_10_00.jpg,healthy,21881,c034706d601188606677a2aae68d12e2ea9e2c5446efa0fde486ef549e321b6d,1178911987682567,13745383636727183553,18446743658298320769
953,DS-090/Hemp_water_stress/train/healthy/ryb_C1_20241229_12_00.jpg,healthy,19534,70e666acf7865d293faabd05a18254097f63192a49c2a61e974753fd101b468d,2304768676285479,13601831381491923139,18446743554950670209
954,DS-090/Hemp_water_stress/train/healthy/ryb_C1_20241229_13_00.jpg,healthy,19606,fbe5fa9a360af9202d88387e64a0b06a48d720d48948c4d7963aaa2c755957e0,2304766663019559,13601831377197021379,18446743554682234753
955,DS-090/Hemp_water_stress/train/healthy/ryb_C1_20241229_14_00.jpg,healthy,18883,1e340b971679be330c97777957d5728700c841f794d81e9e409e06f4767e0744,2269651010472999,13601831377196710087,18446743591189473153
956,DS-090/Hemp_water_stress/train/healthy/ryb_C1_20241229_15_00.jpg,healthy,21797,535ff94e53d77a81436ba76ee590afc5e635d7ed57987d966bf96e36dbad0588,2304835382627591,13601831377196972227,18446743657224046465
957,DS-090/Hemp_water_stress/train/healthy/ryb_C1_20241229_16_00.jpg,healthy,22018,43f975ce10e9029f1215a3253d71820f13afcdcedc3dd67c25f7dbb63f376b37,2304835382562055,13745102157523073219,18446743657224046465
958,DS-090/Hemp_water_stress/train/healthy/ryb_C1_20241229_17_00.jpg,healthy,21567,d296d010138a2631aad7c2b6f3bae7eaf7511c547da2e34a69c2627927fd7b99,2304835382496271,13745102157539326147,18446743589041440641
959,DS-090/Hemp_water_stress/train/healthy/ryb_C1_20241230_08_00.jpg,healthy,17497,afaa1c2c6547839d144a4c78015be48b6c683bba4aa2843236ae39c00ce4b79f,2307022126285999143,13601549923628039362,18446637524019292033
960,DS-090/Hemp_water_stress/train/healthy/ryb_C1_20241230_09_00.jpg,healthy,19591,c37c3d962e1533721b4b37afd4686b5cb1debb8133aed6a634326eb606506fe3,2307022126017563687,13601831381424880834,18446637521871808385
961,DS-090/Hemp_water_stress/train/healthy/ryb_C1_20241230_11_00.jpg,healthy,21364,5a7f2f3ff90380759e93b973b616b93806e9c297fcf4b194d03f57fe7ae34c9f,1154100656844131367,13745946582452746432,18446637453152331649
962,DS-090/Hemp_water_stress/train/healthy/ryb_C1_20241230_12_00.jpg,healthy,21713,f02e4aa581f1547c91c96ed7d949b8fb2c569777dbde37154e68794dd0e5d601,2307022161450978343,13745946565155961024,18446637452883888001
963,DS-090/Hemp_water_stress/train/healthy/ryb_C1_20241230_13_00.jpg,healthy,22036,79704fdc643b4ee85b8f3434292c59b281bec0883624323084a0aa88670da647,1154100725563608103,13745665090313468096,18446708440103356289
964,DS-090/Hemp_water_stress/train/healthy/ryb_C1_20241230_15_00.jpg,healthy,21462,eb13e1d3ee0a3dc21162dbfc49fe827d020b001c96b2524c412fbad6e9f137b3,2308148130077297671,13745665094591658176,18446708440371799937
965,DS-090/Hemp_water_stress/train/healthy/ryb_C1_20241230_16_00.jpg,healthy,24092,4f679e7b4da207c14d2342741d094cd2f55ef095a4bc949fc39d55ef38be9e0d,1154100655770520839,13745665094591658176,18446638071358654337
966,DS-090/Hemp_water_stress/train/healthy/ryb_C1_20241230_17_00.jpg,healthy,21879,ab4f16e1b2e6ce10be13910afc9c5aa7cf772d357567c8d005b62762ce442d0e,2307022160377236487,13601549906515279296,18446637521603372929
967,DS-090/Hemp_water_stress/train/healthy/ryb_C1_20241231_08_00.jpg,healthy,15838,9fb6d0a21924d57192f5e2679d69951a136a2f0ce38ed43b162b22478c1aca75,9223496206611565607,12453418145074592976,18446497198974648065
968,DS-090/Hemp_water_stress/train/healthy/ryb_C1_20241231_10_00.jpg,healthy,25723,275b8d9a3f4b8d1c4bf2f1ef0a73b36c0f4850563c5ffebdad9fb905a9f6ddb3,4612935538335239431,13745946839949458880,18446496852230514561
969,DS-090/Hemp_water_stress/train/healthy/ryb_C1_20241231_11_00.jpg,healthy,23682,1723bf4b9d0b5a74b90e244f3391259e3131fe68397adc716564b15cacd74f3b,2307022160377236519,13750450439576829120,18446637453153380225
970,DS-090/Hemp_water_stress/train/healthy/ryb_C1_20241231_12_00.jpg,healthy,24133,3a56df2cef5e107398d770e82ab849de70108032a949639719c6731bdea37567,4612865169590938663,13750450370857876672,18446637453153372033
971,DS-090/Hemp_water_stress/train/healthy/ryb_C1_20241231_13_00.jpg,healthy,23074,73e02e403db9f2e1c6e1bfead16557c483d01e52dfdb2df2c5ca757619299a88,4612865162074876967,13750450370941237440,18446637452884936577
972,DS-090/Hemp_water_stress/train/healthy/ryb_C1_20241231_14_00.jpg,healthy,24157,98f3d5b1dbc065ffd7dbb0c5ede3e356f85f02b9aa1fb81fcddc4cfa73065798,4612865170664672263,13745946771247283392,18446637453152323457
973,DS-090/Hemp_water_stress/train/healthy/ryb_C1_20241231_15_00.jpg,healthy,24572,8b85a80df642b4ab37ab64c1637477b7c16be73fea04b3bdffc271f384f69f18,4612865169590930439,13745964432136026304,18446637521871275905
974,DS-090/Hemp_water_stress/train/healthy/ryb_C1_20241231_17_00.jpg,healthy,24399,6f0f9774b26cfc52cc3b256afadab96dea8ee8cc78d080732275e204b7bb7e15,1179152237415431,13745964363416026560,18446637521871800193
975,DS-090/Hemp_water_stress/train/healthy/ryb_C2_20241229_09_00.jpg,healthy,35186,91d7806d523e76e7a9dc83325844957ee563180ad028d01fbbc57190cb06c130,1736340758866116159,13600991366402305927,18446743107602417409
976,DS-090/Hemp_water_stress/train/healthy/ryb_C2_20241229_10_00.jpg,healthy,42583,f525db37455f866704ff43c87887c0ce86ed99da4fbf417163fdf7feb5327fcf,5197007685517393211,13745400124115286919,18446532138800451329
977,DS-090/Hemp_water_stress/train/healthy/ryb_C2_20241229_15_00.jpg,healthy,32915,62fa9fa09ec23aa32139dc2fc73b451bca66624f5bb9b1c3646b3ebbdd1f8559,6922288695288345655,12664254725719616387,18446602508349933313
978,DS-090/Hemp_water_stress/train/healthy/ryb_C2_20241229_16_00.jpg,healthy,33155,2901ea20922002a0c29bfcedfe90abc28ae5b193127104914a7ccd32091e60d1,4611942157313225783,10358974666459082627,18446602370642544385
979,DS-090/Hemp_water_stress/train/healthy/ryb_C2_20241229_17_00.jpg,healthy,34369,e507f5ab2e6900e24a11186f2c640248cb09203edc7d2894caa9faeeb9dfd668,4611942157314276919,12664817671377809283,18446602370105673473
980,DS-090/Hemp_water_stress/train/healthy/ryb_C2_20241230_08_00.jpg,healthy,29018,50cc10f4cfa58af4d660043214f8348cf7cff9195640c4e930c1efb1c7ea683e,2342145535107741239,13817180645435405187,18446532001629931393
981,DS-090/Hemp_water_stress/train/healthy/ryb_C2_20241230_12_00.jpg,healthy,33166,687a9959f24ae7aa39f90dd3ce3b45c9e168e9abde7b1faf9a4f7d9699bd87ab,2306107325718281783,13817739180229667715,18446532001629931265
982,DS-090/Hemp_water_stress/train/healthy/ryb_C2_20241230_13_00.jpg,healthy,34353,3d91d83292ff4042ae2eb3a5ea9d518c88942cca545d1f001c1d9d55cf480a88,6958335086640840247,12664818775134448515,18446532002166802177
983,DS-090/Hemp_water_stress/train/healthy/ryb_C2_20241230_16_00.jpg,healthy,33648,970d4bbd7bd48f2ac04f94c85bf46e7bb57c78935276cb743f30afd0c0d66f55,2346648595733493303,12664822073669725059,18446532001629931265
984,DS-090/Hemp_water_stress/train/healthy/ryb_C2_20241230_17_00.jpg,healthy,33659,b3382a370a5eba8ad5335f21f758a9b2345adcb4299071285e8f08f597a5b987,2342136200030010935,12664817675623345027,18446532001629931265
985,DS-090/Hemp_water_stress/train/healthy/ryb_C2_20241231_10_00.jpg,healthy,43740,79ec5f1568f16e781a9d17abfd1f9bb58ed3f5842e78c18ead7e4c4268c90bbd,2367907129154284859,12664254726743144839,18446532002167326465
986,DS-090/Hemp_water_stress/train/healthy/ryb_C2_20241231_12_00.jpg,healthy,38053,9bc872ef55601db867a1269da6ec956bd494a7822244422176e6b70f9bd3ce8c,4071501384134569527,10358979064455641479,18446532139606279937
987,DS-090/Hemp_water_stress/train/healthy/ryb_C2_20241231_16_00.jpg,healthy,33111,b6cf49e75a01d594f5ee66180b74a4ae8e7de79ebc69dba5d051a38f8419c3e4,4647979148950453303,10071870186959809415,18446532139606279937
988,DS-090/Hemp_water_stress/train/healthy/ryb_C2_20241231_17_00.jpg,healthy,33775,baa23661a0c99a00a957ac91048272f2b96c2bb0bf78b964291143468e47d4e8,4647987962408025143,9926914972000336771,18446532139605755649
989,DS-090/Hemp_water_stress/train/healthy/ryb_C3_20241229_10_00.jpg,healthy,37717,911ff9aa775ad3fdea4587be46667bb9044564116dc7e1966a9d220db8e75cab,6924306190205403955,17979892086719331527,18446743942831513728
990,DS-090/Hemp_water_stress/train/healthy/ryb_C3_20241229_11_00.jpg,healthy,35408,bf1b3e99fb54a63469642a30944ff7c8d15c3abfefa2aca9506a054cebf5c478,78834756551852819,13367928991361744339,18446691193251135873
991,DS-090/Hemp_water_stress/train/healthy/ryb_C3_20241229_14_00.jpg,healthy,34226,b0a0b4d4dc7268e8b16d78c6deccde6464049bb97abaabb915923d339eea0ceb,6925440903351583507,13390443686702300624,18446691193125273856
992,DS-090/Hemp_water_stress/train/healthy/ryb_C3_20241229_16_00.jpg,healthy,37127,44753893fcde4a690d85e4aac5a53b880b4adab669d3fca81e685dcf7f945dc6,6925440903368360723,13533431875326131667,18446691193116884992
993,DS-090/Hemp_water_stress/train/healthy/ryb_C3_20241230_10_00.jpg,healthy,40238,d76a51aed45869f1d6827014c555428b08735dda474f203deccfee09fcb74343,9230289936773235507,13372430391965850831,18437732345530229120
994,DS-090/Hemp_water_stress/train/healthy/ryb_C3_20241230_14_00.jpg,healthy,38162,607b9846ca8d42ae391ce720a372e63aa36bd289c269ee2f3a7569b02b4787f4,9375390021097310995,13534558879039559879,18433233170792907009
995,DS-090/Hemp_water_stress/train/healthy/ryb_C3_20241230_17_00.jpg,healthy,37772,edc4af11369a2f5ae4c57ca81cb01dbb85346b075b032117b49588e62cee5f76,16148944598150630163,13533432979132726467,18437736770420277248
996,DS-090/Hemp_water_stress/train/healthy/ryb_C3_20241231_08_00.jpg,healthy,9287,77351aebcce549efbce242718f0a09f0664dde66a7440e7ce03b80b5932fd585,578712552117207091,17908414966500124807,18446744073709551489
997,DS-090/Hemp_water_stress/train/healthy/ryb_C3_20241231_12_00.jpg,healthy,42501,7fb12da925af35dea9ed3de11b777be67925b681cbd7cc5cd57e3869cc19c4e8,4043268816841040659,13371257208764063173,18415214417320804608
998,DS-090/Hemp_water_stress/train/healthy/ryb_C3_20241231_15_00.jpg,healthy,39540,7a97b94a912bc19cb2291e2cfc2c588b08d8b63a67829b8a3a446e75e20c1cb7,4115185656345357075,13533435178155931845,18415218634844471553
999,DS-090/Hemp_water_stress/train/healthy/ryb_C3_20241231_16_00.jpg,healthy,40538,8111125ba81fff9b8586a6806568f0038b5195bf0232aec0e4bfbf21a6a572e5,1809483453322717971,13462433115280668871,18415218772283425025
1000,DS-090/Hemp_water_stress/train/healthy/ryb_C4_20241229_08_00.jpg,healthy,32944,383a24e91674c534cca14c8b253ff80b348b704bd184f93b1e8bb6643a991d9c,1746912716345511691,12363920901024082404,18412936219370709952
1001,DS-090/Hemp_water_stress/train/healthy/ryb_C4_20241229_10_00.jpg,healthy,38266,34e7bdf73ea381047e4e4cc0b30fb4ddfd8bddf9774fa63a5779ebc952bb3ae6,1747194195885657867,13516842405634067908,18415117650443232192
1002,DS-090/Hemp_water_stress/train/healthy/ryb_C4_20241229_12_00.jpg,healthy,35432,04604a7daeab4f6bfb9d7cb3bfb047e3d0003ca2c6187800534d6fb463066ed4,10970284765548351003,13516560925959745510,18415117651517105088
1003,DS-090/Hemp_water_stress/train/healthy/ryb_C4_20241229_13_00.jpg,healthy,33465,60adc1ceaaab25b324c2cbc30479024f0fdee44f6cec4cdc89613db6abf25eba,10969720716351704603,13516561200833850822,18415117652053975936
1004,DS-090/Hemp_water_stress/train/healthy/ryb_C4_20241229_17_00.jpg,healthy,34735,c2c67d48895c8869a6b8ac82dfe221715c5ad537c8e6451156d61583b3d4ae6d,10970293012153962251,13516842400936848582,18415086829754893184
1005,DS-090/Hemp_water_stress/train/healthy/ryb_C4_20241230_09_00.jpg,healthy,39122,f8e4c3c154315a38d014a44fa1baefeff0753615311d8614e043fef6f35fd575,1746912724667010827,13516842474350405828,14956423505363846017
1006,DS-090/Hemp_water_stress/train/healthy/ryb_C4_20241230_11_00.jpg,healthy,41056,83091611a8f81452306a72d49cdb085a4b61cccc6b3ddb80fb7debdb70e64a07,1746912728962010635,13516560994947657188,14954101336809662400
1007,DS-090/Hemp_water_stress/train/healthy/ryb_C4_20241230_12_00.jpg,healthy,38217,e4cadd8021ae5ac4769b5cebe6b1cab1d95ac0b417f05e108dbd0193c76b6d41,1746912179206163979,13516842469924367812,16109274641226515392
1008,DS-090/Hemp_water_stress/train/healthy/ryb_C4_20241230_14_00.jpg,healthy,38879,a778e260eafae23a259f75740d90fa7aaa7336a6b5f849f3906bc7774590d671,1746912179206164235,13517405419877788100,14956353136619668417
1009,DS-090/Hemp_water_stress/train/healthy/ryb_C4_20241230_15_00.jpg,healthy,38950,4df8bfbd9b0f3f9a2e130922a6ccdb39e62209ecc06a11bdfafb454d4290ac77,1746912179206164235,13516842469924366820,14956353136619668417
1010,DS-090/Hemp_water_stress/train/healthy/ryb_C4_20241230_16_00.jpg,healthy,38112,795f1cb568b8a5f2faaac3641e95f57324b2b84a784185230479b79d26423617,1746912179206164235,13516842469924367588,14956317952247579585
1011,DS-090/Hemp_water_stress/train/healthy/ryb_C4_20241230_17_00.jpg,healthy,38091,2c7868964cbed6ce76e076e6a695b95566ec348516e688b7beac39456fdf9907,1746912179206164235,13516842469924366820,14956317952247579585
1012,DS-090/Hemp_water_stress/train/healthy/ryb_C4_20241231_08_00.jpg,healthy,6899,154bd9badd4b1ae281a8224aa22a4617bbaf3fa65485f217f8cd16798137d7c6,65691,16831756756359408261,18446744073709551552
1013,DS-090/Hemp_water_stress/train/healthy/ryb_C4_20241231_09_00.jpg,healthy,39789,305504c0197c95f4b5e1024b5337e751acb3439ab58a19336db0a4a7fba1c785,2035353661590671115,13372445811179482340,14956388183552803777
1014,DS-090/Hemp_water_stress/train/healthy/ryb_C4_20241231_10_00.jpg,healthy,43316,4598b301dccb7dc6db4ac7f02865683ceba3119b0d34b70085fd9b3c0d2d4232,2035354198461352715,13372375451025239716,10342485688199538624
1015,DS-090/Hemp_water_stress/train/healthy/ryb_C4_20241231_16_00.jpg,healthy,41300,86877509e92924b972d37f4ebabc89b3a09cc65a1ce8c55c334efa8ab37707e5,2035406438283022091,13372445815508004004,10344631934894982081
1016,DS-090/Hemp_water_stress/train/healthy/ryb_C4_20241231_17_00.jpg,healthy,24619,26f9fb04fc202bb04baa58c39542a099cc571f170fb2af4d646781f8a0e898f8,1746295323118472347,17984114211550619782,18419687222580864961
1017,DS-090/Hemp_water_stress/train/healthy/ryb_C5_20241229_11_00.jpg,healthy,36658,39f9d62c35314c96b7c9cd1bd1d9c2294a51658005f6828683e09290b7fc72ea,596461486231981969,17478321201317179535,18446682258137139136
1018,DS-090/Hemp_water_stress/train/healthy/ryb_C5_20241229_12_00.jpg,healthy,37615,42c6f7cf62b8a71122a5ff6adc1c9b2f96946eb8caaa379aa30a4b27a935152c,1172922210752335763,17478303609399828623,18446677894653788608
1019,DS-090/Hemp_water_stress/train/healthy/ryb_C5_20241229_13_00.jpg,healthy,39946,1444cae53554946491ba26dc153a7090a3bb7a72554f7123a39425a81060af44,1154618666488041363,17475488928083832975,18446677861969674432
1020,DS-090/Hemp_water_stress/train/healthy/ryb_C5_20241229_16_00.jpg,healthy,39709,cc40c46a7f52c91bc8b944b1bd0f549b1d30d6e714cb57c83e9c056b2fbad6dd,1803162920072187799,17479992459260093071,18446677860912710592
1021,DS-090/Hemp_water_stress/train/healthy/ryb_C5_20241230_09_00.jpg,healthy,39369,8f76c4a2b67e06eaa07277c144d8fd169f169833149449a4b19f7b4079743ede,884708956521303959,17478303609146142855,18445556392472856512
1022,DS-090/Hemp_water_stress/train/healthy/ryb_C5_20241230_10_00.jpg,healthy,46132,617ac6cfe02be718576e459ddb1a2f4b8d8736cbc66e58afc2b1a18124da0da8,1749524329798770067,17334206013507924167,18420782198893823936
1023,DS-090/Hemp_water_stress/train/healthy/ryb_C5_20241230_11_00.jpg,healthy,39558,7ca2404a8326692c0831724e2b88d999517551464cde3b30c50435c028cbb23d,2036646329468260241,17405683134127960199,18445556392724252608
1024,DS-090/Hemp_water_stress/train/healthy/ryb_C5_20241230_12_00.jpg,healthy,39350,8ec9ce0bc22bfdafe1d34e186298a80ef82274f516e9da921ce46c1f93d00b48,1749401201667936151,17475488928350105807,18445587180811436480
1025,DS-090/Hemp_water_stress/train/healthy/ryb_C5_20241230_13_00.jpg,healthy,41353,685cf9a41d22a384488d5d70f612a2fb1fe585f5ddc33f50bff89e4247d6d5e8,1754045538783661975,17547546522924904583,18445591544498209216
1026,DS-090/Hemp_water_stress/train/healthy/ryb_C5_20241230_17_00.jpg,healthy,41673,76ad0481260e1143f7ab7aa65829f264c6477db0ccaf23fbfa6efbb66f7a7e52,2041149995701178263,17475488928352202895,18445556360126121920
1027,DS-090/Hemp_water_stress/train/healthy/ryb_C5_20241231_09_00.jpg,healthy,40817,e0bd75abd4c2aa15993372b63ac6cd6f908db754ca49fbcc56196dd746c38bb8,2293207540958171031,17475488860169662599,17256043140759406528
1028,DS-090/Hemp_water_stress/train/healthy/ryb_C5_20241231_12_00.jpg,healthy,42022,ff707d75ff57195b26bc2eaa34c95a1fd2a1a1c2ba7ed7e0d28c7dc82d9dbb64,2072674095728627603,17907834424397230275,17292643686240469440
1029,DS-090/Hemp_water_stress/train/healthy/ryb_C5_20241231_15_00.jpg,healthy,42380,90887628f023734fabe02a020550d350e808aade86fcd0cca5f1eb7b6f240e37,2077178809900011413,17331373672093741767,18445556394485859264
1030,DS-090/Hemp_water_stress/train/healthy/ryb_C5_20241231_17_00.jpg,healthy,46319,917210fc762130271fb3b3449806876462cef2e08922c88033841d9c413867fb,2072675212420124567,17331373740813021891,17292634889879013312
1031,DS-090/Hemp_water_stress/train/water stress 3 days/ryb_C1_20250102_08_00.jpg,water stress 3 days,22071,1ccc323e02bce853bf98951ec74ed57b8cc2143dbf496f5aac4e542018c1a9d4,1167822827714202631,13601567790557511104,18383482469474051969
1032,DS-090/Hemp_water_stress/train/water stress 3 days/ryb_C1_20250102_09_00.jpg,water stress 3 days,28517,024725142d7cbd15a54b9d3f488816b28b4de6fefa7e3e4f30baf3d91db247f4,35167521430458119,12578969200166641094,18383447284556703617
1033,DS-090/Hemp_water_stress/train/water stress 3 days/ryb_C1_20250102_10_00.jpg,water stress 3 days,27125,a3c682e25b0fe71a1c79a9205f082b62cba5833dbd349aa0c54b4365fb53abaa,35026646498954247,13583834862729772422,18383446734540842881
1034,DS-090/Hemp_water_stress/train/water stress 3 days/ryb_C1_20250102_11_00.jpg,water stress 3 days,25934,31951971558ce197e73bb0dad89014d52394527ed37ca93b9032030a67349dd6,35026646095326215,12575028546198781126,18428482731351418753
1035,DS-090/Hemp_water_stress/train/water stress 3 days/ryb_C1_20250102_13_00.jpg,water stress 3 days,27151,1534cc299b8fc7fe0b74aa07695926d54c73daa7173f3240388f35065f150bf3,15886759995272199,13734687772161555590,18437489690087491457
1036,DS-090/Hemp_water_stress/train/water stress 3 days/ryb_C1_20250102_14_00.jpg,water stress 3 days,27951,35cb88c38872809afd6a3acc9407789bc36d86c2f52b95428767008dabb1a3c1,14760860089453575,13734705433067064454,18437489690087491457
1037,DS-090/Hemp_water_stress/train/water stress 3 days/ryb_C1_20250102_15_00.jpg,water stress 3 days,28479,406f5a0ea56c6dad73b14320d607e82a5cba0b0bb25d3350aa71f7921fce19f5,17012659920457479,13727950050805881990,18437489687938959233
1038,DS-090/Hemp_water_stress/train/water stress 3 days/ryb_C1_20250102_17_00.jpg,water stress 3 days,29609,f644e16e57887cd5410ad1b8efc233ae8b748619d2bbb0910833cb31c217f4f4,35026234316377607,13733861029611781248,18383447282147592065
1039,DS-090/Hemp_water_stress/train/water stress 3 days/ryb_C1_20250103_08_00.jpg,water stress 3 days,24099,b58f578455f3964594f3d1ee614e4f88df8cb767f380d07b5684b2b85edf301a,4069108420131048455,13732453375555108032,18383482501417871233
1040,DS-090/Hemp_water_stress/train/water stress 3 days/ryb_C1_20250103_09_00.jpg,water stress 3 days,32393,1c1156fbb6f7583d537e0483c7c650f8c240dd60dfc8e9469119e59c5a485bfa,4069107870928883463,13734124633233513606,18383482500881000320
1041,DS-090/Hemp_water_stress/train/water stress 3 days/ryb_C1_20250103_10_00.jpg,water stress 3 days,31305,4113ba2d9d9c350a835cc01c733f53ecf0ddb4172447519d2bd3b7e4a142e637,8680818073776049159,13586935468344437890,18383447316508903297
1042,DS-090/Hemp_water_stress/train/water stress 3 days/ryb_C1_20250103_11_00.jpg,water stress 3 days,26413,38b0e86747d00b4ce8be248d2cb63117c2e156efa592b3205e9d16d0638e3ac8,6374950862404873223,12579536543872674946,18383482501417346945
1043,DS-090/Hemp_water_stress/train/water stress 3 days/ryb_C1_20250103_12_00.jpg,water stress 3 days,27828,26a802244410182163cb694f54ace0676e40ee98eefa082e5005fa9b17038614,5798507977147640839,13732440439113870466,18383447317045258113
1044,DS-090/Hemp_water_stress/train/water stress 3 days/ryb_C1_20250103_13_00.jpg,water stress 3 days,26239,0e5e6b90d356fade1985621a6e9d86ff55c7cca2da1c6c549dd9b4a6d7d40750,1159800429675424775,13732439339619003526,18414972514436876161
1045,DS-090/Hemp_water_stress/train/water stress 3 days/ryb_C1_20250103_14_00.jpg,water stress 3 days,27153,5ffe92442d9d8a4a2aac4a6cef3084900470f798e48061262bc02805a37b2757,5789501396368108551,13727936839502998663,18419475564308432769
1046,DS-090/Hemp_water_stress/train/water stress 3 days/ryb_C1_20250103_16_00.jpg,water stress 3 days,30838,35064c567ba3e6ef21b687be4cca4c6c072d972a3767ffe3dca7280a8617e168,8104350986379153159,13734124908108008578,18383447316507330433
1047,DS-090/Hemp_water_stress/train/water stress 3 days/ryb_C1_20250103_17_00.jpg,water stress 3 days,27910,9bf248b768e1d883b3f9ddc3013dfca0bd956cb207536d2975bb151c7714472a,8680793889339493383,13734705381527219330,18383447317045774209
1048,DS-090/Hemp_water_stress/train/water stress 3 days/ryb_C1_20250104_08_00.jpg,water stress 3 days,25211,aa2477a97836790e516c7c0b392dae19bbb9480253640586da56db90c4427b8f,8680793940341181479,13734691912509783170,13771796482989959041
1049,DS-090/Hemp_water_stress/train/water stress 3 days/ryb_C1_20250104_09_00.jpg,water stress 3 days,33521,a0aee4b6767cf32fce0fdf4890abaddb01a5520839b4e8ab4cc22d4f0c807fc9,8681937432450846471,13806182227539880962,13771796551172564864
1050,DS-090/Hemp_water_stress/train/water stress 3 days/ryb_C1_20250104_10_00.jpg,water stress 3 days,29140,4fc1bd85a9f3ad8a2d21440ba18d738594ac75adba0f76347f1068689c3b0f26,8680811532523031559,13230289080662322178,13771761298081001345
1051,DS-090/Hemp_water_stress/train/water stress 3 days/ryb_C1_20250104_11_00.jpg,water stress 3 days,28439,3ee64d8933a88b7c0ea4de53ac4ca9c236aafc13e783d5a7fc3b83c61299e864,6374955604018416679,12075115518544014466,13780803750427307905
1052,DS-090/Hemp_water_stress/train/water stress 3 days/ryb_C1_20250104_12_00.jpg,water stress 3 days,28591,5ced4484b966b44f2c8c20f019ee86e72430508ff377f558b021406276c72b68,6374955604014230535,13155979686810971266,13771796551172564865
1053,DS-090/Hemp_water_stress/train/water stress 3 days/ryb_C1_20250104_14_00.jpg,water stress 3 days,29679,67a9b40c37b5e45e19e263471e5e3774f192c2cdf75916f47d10dba35db210c0,8680816205431262215,13729625689347288194,13771761366799421313
1054,DS-090/Hemp_water_stress/train/water stress 3 days/ryb_C1_20250104_15_00.jpg,water stress 3 days,30787,27951a96fbfd4e378e5d564e8243e42d149e1c3432771e15d646b7e03797a37d,8680816205431262727,13801683283385216002,13771761366799419265
1055,DS-090/Hemp_water_stress/train/water stress 3 days/ryb_C1_20250104_16_00.jpg,water stress 3 days,33146,5aed3d13ca6bec47a721274c072d0a1b8eb608a4e83bfe401ea1eb1f9fe541f3,8680816067992309511,13806186608134679554,13771761366799419265
1056,DS-090/Hemp_water_stress/train/water stress 3 days/ryb_C1_20250104_17_00.jpg,water stress 3 days,29737,9b7b2dd02d077fed0c134f84e3454145bd3ad970c3030f0ff8c8b6092d664100,8681919840248024071,13734621543766387842,4548389329945700225
1057,DS-090/Hemp_water_stress/train/water stress 3 days/ryb_C2_20250102_08_00.jpg,water stress 3 days,27402,67771f47791e8fe449bee8bafcc6a096ffe429f05eb2695cb4864cd05bf937e7,2360018940179745847,9279242145795292295,18410468982848947969
1058,DS-090/Hemp_water_stress/train/water stress 3 days/ryb_C2_20250102_09_00.jpg,water stress 3 days,33619,674c6d97fc31535252521abc509d7d1afa367b29cf8717e2a9a678960997b690,3231469333747932215,12737988247086837127,18410468845409994497
1059,DS-090/Hemp_water_stress/train/water stress 3 days/ryb_C2_20250102_10_00.jpg,water stress 3 days,43622,42c9fae07ef4448684c113a6a2beafe58f84afee973cf6e52b85efdad6566b7f,2923398269870250811,11657137457643072903,18410468570532089601
1060,DS-090/Hemp_water_stress/train/water stress 3 days/ryb_C2_20250102_12_00.jpg,water stress 3 days,34604,3d00d6763833dc435b750fbf1dfb2b14c3af864f3feb612df666855d9bff8069,6953804595287989799,9279238018378435971,18410503893416871681
1061,DS-090/Hemp_water_stress/train/water stress 3 days/ryb_C2_20250102_13_00.jpg,water stress 3 days,33360,cd68cdefd33d212cce880afc164d60c456f3fa108922b5464b548d262c68e7a3,4652491552522477079,11585361403055115651,18446532690435835649
1062,DS-090/Hemp_water_stress/train/water stress 3 days/ryb_C2_20250102_14_00.jpg,water stress 3 days,30928,b71f42e78e4788de0b4f74f18ea3191f97f061d661e3d8ed176db11764827d26,5816676463421398583,11657138621627960451,18446532140680021761
1063,DS-090/Hemp_water_stress/train/water stress 3 days/ryb_C2_20250102_16_00.jpg,water stress 3 days,30315,1643d32312e105722c61d6650a1e33d54027c74ef79222813a3ee137ad32b0b0,2346653027841809975,9351298910949150083,18446532140680021761
1064,DS-090/Hemp_water_stress/train/water stress 3 days/ryb_C2_20250102_17_00.jpg,water stress 3 days,30938,6f33be7cc6dfd1bcc1b19fa1fef69267d15b0a9032e2775b5f6801020dde6742,4652478436514405943,9351298915195891074,18410503342587315969
1065,DS-090/Hemp_water_stress/train/water stress 3 days/ryb_C2_20250103_11_00.jpg,water stress 3 days,34279,4586e616f8ad9c107deb17684393c9ba0f737daf0a361b234f929dbf6d1c3bf1,2342153074100607119,11657141984538332290,18410503618538999553
1066,DS-090/Hemp_water_stress/train/water stress 3 days/ryb_C2_20250103_13_00.jpg,water stress 3 days,31897,222f5f5dbe4cc8d1a1fc572ec258105c348bc0074fbe995769d91c157e372a5b,4661464074148585239,11585085180805844928,18446602784302139137
1067,DS-090/Hemp_water_stress/train/water stress 3 days/ryb_C2_20250103_14_00.jpg,water stress 3 days,28131,2fe6fbe0e5ee4a79e1f6c3f4cad5a31ae3130668098af7900ebb00be170c9426,4647926955775827487,9279242480829795776,18446602509424201473
1068,DS-090/Hemp_water_stress/train/water stress 3 days/ryb_C2_20250103_15_00.jpg,water stress 3 days,28691,110638341055593bb57f067dd0152e9e501b21292a8a9715e08ce6889d1537ca,4647988580543569599,9351294542950633344,18410503343661059841
1069,DS-090/Hemp_water_stress/train/water stress 3 days/ryb_C2_20250104_08_00.jpg,water stress 3 days,24212,5eea8606ac5b36cb4f2751bd9a2617691329cc5c242965b518d1afde2aaebe9e,13893852071991057847,11656508339427700160,18410574537038956289
1070,DS-090/Hemp_water_stress/train/water stress 3 days/ryb_C2_20250104_09_00.jpg,water stress 3 days,30553,a9a8d531ce40d5d8377754cc97f1f55b1ac77d56a483685a1e22ec78d7916f30,9784008097161748031,11655379136691531712,18410715274526787329
1071,DS-090/Hemp_water_stress/train/water stress 3 days/ryb_C2_20250104_12_00.jpg,water stress 3 days,29404,60963b2abd293aaac0011489305c758ff68f722f486f4b44ea4e101a181753c7,54254365226966935,11585010396808818560,18410715274527311617
1072,DS-090/Hemp_water_stress/train/water stress 3 days/ryb_C2_20250104_14_00.jpg,water stress 3 days,25821,e6103659b206174ae45ea48b8a3a089bac16b72ff9941eb7b817f0f090de2ee1,2364623711624960699,11585014781970444160,18410574537038958337
1073,DS-090/Hemp_water_stress/train/water stress 3 days/ryb_C3_20250102_08_00.jpg,water stress 3 days,38143,e6aef2a2eaeebfdbad32c52a1b04874399a95ec6e5be6fa44774feb2e526dae9,4561217906942765843,13516480709124593857,11506696931414835456
1074,DS-090/Hemp_water_stress/train/water stress 3 days/ryb_C3_20250102_10_00.jpg,water stress 3 days,50492,89c1f5561f2f76c340153b012d2d40af468ec0ee7e856272cdec17fc99214618,4349451967315667731,13517340522653592001,18415218832547184768
1075,DS-090/Hemp_water_stress/train/water stress 3 days/ryb_C3_20250102_11_00.jpg,water stress 3 days,48357,91c3836ce3f75fef53a40e25812c3b2c9926db2db10d47e0cc8ff2272a372034,2241767324476074771,13515917754607303105,14954184927541659905
1076,DS-090/Hemp_water_stress/train/water stress 3 days/ryb_C3_20250102_14_00.jpg,water stress 3 days,47099,8b839c808d21b468118c391fe8593f8686efcf37818122612c4d51675d8363da,2115666535056632595,13516214622747273665,18415218815645188353
1077,DS-090/Hemp_water_stress/train/water stress 3 days/ryb_C3_20250102_15_00.jpg,water stress 3 days,45939,424e1f1ec52454aaa08e34f5cee2b6af4674039ae39f58d21bf2bebdf9214712,2115736955327703827,13515354804654369221,18415218626389803265
1078,DS-090/Hemp_water_stress/train/water stress 3 days/ryb_C3_20250102_17_00.jpg,water stress 3 days,45257,872724f1f232e3a1633edb735493f4925d5161f88fc23dafe9c8fb8156e93ca0,2246930751506967315,13444423115077826757,17293822319173501185
1079,DS-090/Hemp_water_stress/train/water stress 3 days/ryb_C3_20250103_08_00.jpg,water stress 3 days,40156,abb9daaab7370d3fa2bf0881633c4652d142fdacbca7c6fb5029ae798a07869c,4498148906344606499,13515352610194569412,14929432635340947713
1080,DS-090/Hemp_water_stress/train/water stress 3 days/ryb_C3_20250103_10_00.jpg,water stress 3 days,50044,a410e4fb7dc01980b91a8425fca47496b35870d86851f6f788c21c30cc8d2703,2044065349882833667,13515363600881541319,14956454129580310912
1081,DS-090/Hemp_water_stress/train/water stress 3 days/ryb_C3_20250103_13_00.jpg,water stress 3 days,43822,d9a80843d8ded4ef93f2c64b3cf6ec328b03c7222fcd6853872e2e0a2919e645,4493640917189552951,13515643976346821830,18415218712532418817
1082,DS-090/Hemp_water_stress/train/water stress 3 days/ryb_C3_20250103_14_00.jpg,water stress 3 days,43533,9c78eaf002bcbd4b90eb4542e37b296c40b0ee154c9a51b2c050cdae90c5c694,2188079314233097023,13533377999390700738,17226268410638172417
1083,DS-090/Hemp_water_stress/train/water stress 3 days/ryb_C3_20250103_16_00.jpg,water stress 3 days,45555,3d377b4c634702ae2f0c5f98bc0ee09bd0193aad6fc4f324e77d5d17b6d4b31e,4493654102810192683,13533369203163916484,18379189829235572993
1084,DS-090/Hemp_water_stress/train/water stress 3 days/ryb_C3_20250103_17_00.jpg,water stress 3 days,43966,9e0b3f58420971c1ca5f1c5f1a5fcc649ed892289cf4136a979e509437e7d473,2259878600419011363,13461311613689325764,18388197028490313985
1085,DS-090/Hemp_water_stress/train/water stress 3 days/ryb_C3_20250104_10_00.jpg,water stress 3 days,47292,6b52ce51821df061f63e366217c1f6ad41a7d945a671fa172856b643be6ab8fd,4493922392237632267,13515363600881803462,18379189915245019393
1086,DS-090/Hemp_water_stress/train/water stress 3 days/ryb_C3_20250104_11_00.jpg,water stress 3 days,47063,1cc72ce50a6821d9a1c015e53c19d1a949369f3b2e4d8e11dbcfefcb18b137aa,3341000784484002607,13515363875759121606,18379172460766363905
1087,DS-090/Hemp_water_stress/train/water stress 3 days/ryb_C3_20250104_12_00.jpg,water stress 3 days,46810,51232bcd2121b03b6f2fd1c215ebabc788bcd905c3cc5f49bf60ba4fa796beac,3196883397418580775,13515363635240957122,18379172288900563201
1088,DS-090/Hemp_water_stress/train/water stress 3 days/ryb_C3_20250104_13_00.jpg,water stress 3 days,42553,241caf214cf2492551d5ddd48993433efdfaa2970eea93a0ab496a20503047fa,3196883466134187839,13515363875759125698,18379137147478147841
1089,DS-090/Hemp_water_stress/train/water stress 3 days/ryb_C3_20250104_15_00.jpg,water stress 3 days,42894,1e292b7a72cd1172b46240f031429e000bfca288024a566f725791c890851dd3,3196813234833030955,13515363875759125698,18379172331580752641
1090,DS-090/Hemp_water_stress/train/water stress 3 days/ryb_C3_20250104_16_00.jpg,water stress 3 days,45251,0016175dc522e897e1cdb04b5d89996a85125afe8c94c241f04383927d1f06d8,3340996627023166251,13515346008695760070,18379189915109753089
1091,DS-090/Hemp_water_stress/train/water stress 3 days/ryb_C4_20250102_08_00.jpg,water stress 3 days,34038,542943037ed7a45f4c9532dd6124815ab6c5d9216bc1c6e29f4d533349826508,4050732615440240399,13374697606716017868,16107093211233904577
1092,DS-090/Hemp_water_stress/train/water stress 3 days/ryb_C4_20250102_10_00.jpg,water stress 3 days,44456,7aaeee862111a5f9b4e8b759483a5e6d7588e73c625680ce2a113911b6a65b60,4557387573385203483,13302574049482984684,11495407192806384577
1093,DS-090/Hemp_water_stress/train/water stress 3 days/ryb_C4_20250102_11_00.jpg,water stress 3 days,39610,fc870dfc77237d64dbc0f40e54f82208dc80a3ca34ec0c56b83773ec0dc30144,4485365163853581835,13302640021283753188,11495319231876294593
1094,DS-090/Hemp_water_stress/train/water stress 3 days/ryb_C4_20250103_09_00.jpg,water stress 3 days,47512,32b89e9a7d6b80775cdc8fe7b5366e9ed30929dbe5dfb210feac5c2b3f3b4046,3906335969433325083,12219456415793762020,11495389050861315969
1095,DS-090/Hemp_water_stress/train/water stress 3 days/ryb_C4_20250103_10_00.jpg,water stress 3 days,45530,786e50294ac378771891500250181751857e1248a42e153790f92fb4f0180294,4485329429692091931,13372357854548422116,16107058026928792513
1096,DS-090/Hemp_water_stress/train/water stress 3 days/ryb_C4_20250103_12_00.jpg,water stress 3 days,41481,d052f64a82c3469b5e76255666c78e732397d8a0e1873af5b8e8ca4193fac602,4485083143415991835,13372428120247200996,16107075619112870848
1097,DS-090/Hemp_water_stress/train/water stress 3 days/ryb_C4_20250103_14_00.jpg,water stress 3 days,38476,0ad409f300684cde1a8fedde26ae3338630ae0fa6ff394174247cb9f1ade3fc6,3908059441159147291,13372428120247200996,16107058026926826433
1098,DS-090/Hemp_water_stress/train/water stress 3 days/ryb_C4_20250103_15_00.jpg,water stress 3 days,41121,2f5bea76a6af8aec7f005f5a902dbe1a909d24acb87d109e15955142f9855d17,3908622391112568603,13300370594928749796,16107058026926826433
1099,DS-090/Hemp_water_stress/train/water stress 3 days/ryb_C4_20250103_16_00.jpg,water stress 3 days,41451,eca1722004e8a2f882d49c886a82e862784389c28bdc86948781d1db9052c54d,4521393415411666699,13300374992971066596,16106987658182648769
1100,DS-090/Hemp_water_stress/train/water stress 3 days/ryb_C4_20250103_17_00.jpg,water stress 3 days,41164,563014f4be0b6859b92579e48165949aa977d77bc9d1f246bf976e9fa66bf8f2,4521393415411666699,13372428120243007204,16107058026926826433
1101,DS-090/Hemp_water_stress/train/water stress 3 days/ryb_C4_20250104_10_00.jpg,water stress 3 days,45349,e8027442f43fd3b9e934bab8d66944326d03c8a15055981a2ec74ca9fc363345,4197099057835347867,13302640021250198764,16107058026928792513
1102,DS-090/Hemp_water_stress/train/water stress 3 days/ryb_C4_20250104_11_00.jpg,water stress 3 days,41554,e410c645c0c2d022070d86abca8cea09251c92dabea1ecea33210b4d438d64ef,3944651188131581451,13302639978334350564,16107058026928924609
1103,DS-090/Hemp_water_stress/train/water stress 3 days/ryb_C4_20250104_12_00.jpg,water stress 3 days,38934,c165bd704871cec9620cc6532e5dde3b8d4ba1fc6ce2e21846bf3c6c64f964c5,3944651188131532315,13300388187110599908,16107058026926826432
1104,DS-090/Hemp_water_stress/train/water stress 3 days/ryb_C4_20250104_13_00.jpg,water stress 3 days,39951,174f3005adc4a89f4253014d86f423476e6ae87cf0673bd740a3353c885352c7,3944651188127338267,13300388187110599908,16107058026928923585
1105,DS-090/Hemp_water_stress/train/water stress 3 days/ryb_C4_20250104_14_00.jpg,water stress 3 days,37735,f7e756f3102591842bcaaad4055de21a9fe720792d0c9be49c12a360f4fec1a2,3908622391108374299,13300388187110599908,16106987658182648769
1106,DS-090/Hemp_water_stress/train/water stress 3 days/ryb_C4_20250104_15_00.jpg,water stress 3 days,36199,a15eade3f7427eb976c05357e8056a2ecbde42c9ecd76fcafcdd55f996c44403,3944932663104048923,13300388187110599908,16107058026926826433
1107,DS-090/Hemp_water_stress/train/water stress 3 days/ryb_C4_20250104_17_00.jpg,water stress 3 days,41780,566a89350016747515636a7b5a88483004dc6293eeee4237ab516ef216447681,3944646790085021451,13302639978334350564,16125072425436308417
1108,DS-090/Hemp_water_stress/train/water stress 3 days/ryb_C5_20250102_13_00.jpg,water stress 3 days,49895,4736f96172ff2a68d6dde6b69982d7120c7de8c17e9a684c9898e950f08db3cc,1716747903735631763,17910086224177280151,16139159230606460864
1109,DS-090/Hemp_water_stress/train/water stress 3 days/ryb_C5_20250102_15_00.jpg,water stress 3 days,46200,8a638f420cd685aa0894456d81deaee08f6a2821e5fa29db2203608487a7fcf5,1716747903735631767,17910086224244388999,14986237725726984128
1110,DS-090/Hemp_water_stress/train/water stress 3 days/ryb_C5_20250102_16_00.jpg,water stress 3 days,48925,161dc07f13345bf9c493315271d46654642bba4bdcfc2a12f211456db2a661ee,1716747903735631765,17914589823804650631,14986228929633961920
1111,DS-090/Hemp_water_stress/train/water stress 3 days/ryb_C5_20250103_08_00.jpg,water stress 3 days,42719,d4c620db8e48d7b654d51d219d062635f1fe4098c6e9339f88450a8d2901653a,15263011503203032215,18126259006022628487,18013773777288548288
1112,DS-090/Hemp_water_stress/train/water stress 3 days/ryb_C5_20250103_11_00.jpg,water stress 3 days,49603,3727e9ffe2896e11d45ecd0c4731de4d279976f1dcb60000f123cc3ecd2c0678,1427953477582000017,18130762605649997959,16139159228458977216
1113,DS-090/Hemp_water_stress/train/water stress 3 days/ryb_C5_20250103_12_00.jpg,water stress 3 days,50400,c242b4862420eae00b2bfd5d606d3360c579fb4113997612fe1313df87e122db,3734359428159180689,18130762605649997959,11527473210165807040
1114,DS-090/Hemp_water_stress/train/water stress 3 days/ryb_C5_20250103_13_00.jpg,water stress 3 days,49331,b2933fe0fa617b514ba6e0c5f22103a39d4b06bdd826f2c8a6a579dd90551238,6328432822114520979,18126259006022628487,18445002239954372544
1115,DS-090/Hemp_water_stress/train/water stress 3 days/ryb_C5_20250103_14_00.jpg,water stress 3 days,47186,97e62af4eef57413286dbe8d387305231938a278ddae1570451ed59e8633b432,6328432813524586261,18124007206242497671,13833316221527246784
1116,DS-090/Hemp_water_stress/train/water stress 3 days/ryb_C5_20250104_08_00.jpg,water stress 3 days,42231,c7d8810c90de8ae90075b49bc6b8fff5bb65786986d82ae63f586b840f15d66d,6021625067310292117,13519076587222675591,18013773777292742592
1117,DS-090/Hemp_water_stress/train/water stress 3 days/ryb_C5_20250104_11_00.jpg,water stress 3 days,49081,f99fb2c5b6a906ca62cf6f813af8318f644e375503b75bd68c8aabaf9815d857,6021625088785194885,18130762605683548295,18446119341486491584
1118,DS-090/Hemp_water_stress/train/water stress 3 days/ryb_C5_20250104_13_00.jpg,water stress 3 days,46415,dfb2ed35ebfe323febfd39a068b02ccb527abaccbb62fb766e31c308c21c8bbc,6039639487294676885,18128510797279995015,18444993441714128832
1119,DS-090/Hemp_water_stress/train/water stress 3 days/ryb_C5_20250104_15_00.jpg,water stress 3 days,49557,889bfbf794922440a1f6fc17ae72382bc9ace3b443b0adab61a3cfef9cae99c7,6309858763463401245,18054201403428512903,18444993406951475136
1120,DS-090/Hemp_water_stress/train/water stress 3 days/ryb_C5_20250104_17_00.jpg,water stress 3 days,51788,43173304a3bdbdef5bfb4111e11341fe85a16fc976af9938b3c1aeebd87697a1,5877509896405983119,18128510831102866565,11528590313845671872
1121,DS-090/Hemp_water_stress/train/water stress 6 days/ryb_C1_20250105_08_00.jpg,water stress 6 days,21001,b0c9b34c3a71f66cb260d42b50abce8985fc182206961b5ed7d83eb1eacca62d,8970291228766029863,12597462706708245890,4557431714101538561
1122,DS-090/Hemp_water_stress/train/water stress 6 days/ryb_C1_20250105_09_00.jpg,water stress 6 days,29592,b4c6e9a536f4a32071db6aa53d2bb1375beb16ec22f8ef9ad162cedf1de60afc,6664329197385108487,12581770476890844290,13780803750427305857
1123,DS-090/Hemp_water_stress/train/water stress 6 days/ryb_C1_20250105_11_00.jpg,water stress 6 days,29049,7b4f1612007bd9e28552e1f4451721241ba250d9cb6d82b980bbaa4b1cf92291,6664452617565260839,12077367318625856642,13780803750427307905
1124,DS-090/Hemp_water_stress/train/water stress 6 days/ryb_C1_20250105_12_00.jpg,water stress 6 days,30288,08f02f673ea5911750a84e0e454711ef637623854e06939a9b2931dab9b54592,6376222241430391815,12077367318626118658,13780803750427307905
1125,DS-090/Hemp_water_stress/train/water stress 6 days/ryb_C1_20250105_13_00.jpg,water stress 6 days,28915,08fd5de914763c6680c7bcd5d615664c8d37c6326977943f5aed8be18aa33dd4,6376222207053876231,13230288805784661122,11474925556841525121
1126,DS-090/Hemp_water_stress/train/water stress 6 days/ryb_C1_20250105_14_00.jpg,water stress 6 days,28591,9b43c9fdc99ea2e4fa8c7f3d57fdbc4c37d845cfc402273411358cee2259c417,6375092080899214375,12075115518544014466,13780803750427307905
1127,DS-090/Hemp_water_stress/train/water stress 6 days/ryb_C1_20250105_16_00.jpg,water stress 6 days,30528,fddb9c5f25ee7d0b20bf8529bb02331ada7f7af48127f975d29af3cc791033cd,6376222378852572167,13734639204671908864,13780768566055208833
1128,DS-090/Hemp_water_stress/train/water stress 6 days/ryb_C1_20250106_08_00.jpg,water stress 6 days,21064,45221d08ae8d4de9f2e984d7ee2c9b206f07a9c2b1f8412e2fdeaf5e9a30768e,14731538644265781287,12525405391843191936,18392489769385799425
1129,DS-090/Hemp_water_stress/train/water stress 6 days/ryb_C1_20250106_09_00.jpg,water stress 6 days,25620,23baf52f8c872e3bac89ec0e4c441acdb098889fce56fc743f41caf3fbbd7bd3,5219936094357211175,12579237481407540352,18392489768846307201
1130,DS-090/Hemp_water_stress/train/water stress 6 days/ryb_C1_20250106_10_00.jpg,water stress 6 days,28739,f3c18aa620e6955121b34105bb13a197bb776aef334c7897ccb05efd4dff4efd,5508171143433309191,12592765872341478528,18392454584474208129
1131,DS-090/Hemp_water_stress/train/water stress 6 days/ryb_C1_20250106_11_00.jpg,water stress 6 days,27916,5bda04f042b5ccb15727601dbe3a3a288af023851eedce440a77a0676f56ba30,5510422942676569095,12002776729104116866,18392454584474218369
1132,DS-090/Hemp_water_stress/train/water stress 6 days/ryb_C1_20250106_13_00.jpg,water stress 6 days,28968,96ab503b272a69677543da3f08dbe53276a2ab17a9a158509487c9f5bca2780d,6664465914784078855,12088643914309004288,18392454584474210177
1133,DS-090/Hemp_water_stress/train/water stress 6 days/ryb_C1_20250106_14_00.jpg,water stress 6 days,27580,1475c024502f7e72791a98a1746b3726c53f430d3f82204d79fa2c10735700d7,6370606039098149927,12074834048264137858,18392489768846307201
1134,DS-090/Hemp_water_stress/train/water stress 6 days/ryb_C1_20250106_16_00.jpg,water stress 6 days,31931,f0be390c916efaa1d6ed31cef0907cd794922caf3c0b0d580fd24fd0d58ecdd1,6659966713203744519,13230288810348063744,18428483106614216577
1135,DS-090/Hemp_water_stress/train/water stress 6 days/ryb_C1_20250106_17_00.jpg,water stress 6 days,30492,eea14c8221a2baf5795b2b33ad48ce41abcc0a9e4bd962fb5d76cd67ecf2c15e,6659966438358866951,13173729949528583168,17239533079866312577
1136,DS-090/Hemp_water_stress/train/water stress 6 days/ryb_C1_20250107_08_00.jpg,water stress 6 days,25266,0e6271af6aef485025f957e5b1e0059bdcc8a7afc2357dd260f9bcfb54344325,4643480254959541287,12018539327798865026,18392489768845258625
1137,DS-090/Hemp_water_stress/train/water stress 6 days/ryb_C1_20250107_09_00.jpg,water stress 6 days,35188,488650dd33cc70747aacb9cc19537c84b2f715c8394a96492c9f32e20bca099d,14733799618096647047,11788294858303810610,18392454584475263744
1138,DS-090/Hemp_water_stress/train/water stress 6 days/ryb_C1_20250107_10_00.jpg,water stress 6 days,29452,b528e33354f9634fbdbb30391f10106b110ed13be70ac6496f3e6c4b9a448a6c,15885595223058766855,12795694057662130193,17230525330864156545
1139,DS-090/Hemp_water_stress/train/water stress 6 days/ryb_C1_20250107_11_00.jpg,water stress 6 days,28712,01b38f5fa64f1ebe38b954deb624c98055a81adaa990b03b85a1cdb8e09fd656,6661097286032903207,12939525434416507923,17275561327137861505
1140,DS-090/Hemp_water_stress/train/water stress 6 days/ryb_C1_20250107_12_00.jpg,water stress 6 days,31244,744e3b55dbdf43ebbaec6d8d24c7b0dc8fc3956ddf07ed05b3730198d507aae3,6657719586580810759,12939244096745056275,17275561327137859457
1141,DS-090/Hemp_water_stress/train/water stress 6 days/ryb_C1_20250107_13_00.jpg,water stress 6 days,28304,6e258814b3a76305beee7b6457a5b5c4bf88cf9948b3e75897040477cf48bb67,6658845417696877575,12937555246617339923,17275561327276306305
1142,DS-090/Hemp_water_stress/train/water stress 6 days/ryb_C1_20250107_14_00.jpg,water stress 6 days,30306,da40b674a7863e629b8e1d66914a04558f65de57785e12e35aaa2162635357b3,6659971386390174727,12937555246633986067,17275561327272101761
1143,DS-090/Hemp_water_stress/train/water stress 6 days/ryb_C1_20250107_15_00.jpg,water stress 6 days,31612,e237e0ac503f3fc7bebaade6c585a26b10fc58f500cac97efd94f77653953e84,6659901017646128903,12934461220913621011,17275561327272101761
1144,DS-090/Hemp_water_stress/train/water stress 6 days/ryb_C1_20250107_16_00.jpg,water stress 6 days,33412,9c7d22778c3e850330e826c70659d49d994758745a66b2ad23d2f59a05eb333c,6664409049732177415,12941216620354545681,18428483381492123521
1145,DS-090/Hemp_water_stress/train/water stress 6 days/ryb_C1_20250107_17_00.jpg,water stress 6 days,31751,75acc5ce20494fa3bf9062f49adf1b10efc3bd5980bf498acbff53c8f606bae0,5509230762835009031,13175966338597727248,18428483381492123521
1146,DS-090/Hemp_water_stress/train/water stress 6 days/ryb_C2_20250105_09_00.jpg,water stress 6 days,28583,bfec3f4bec96319869aa31015f8f42314204d99326f706fe340f060cc114cd68,13893781566345158335,11585016993871457494,9187201950428366593
1147,DS-090/Hemp_water_stress/train/water stress 6 days/ryb_C2_20250105_10_00.jpg,water stress 6 days,28493,4260684833983155acbeee273d955c24a0a98dcd613268ecf4fbd6ea485efaae,13893852071991155903,9279244353401941206,9187201950428366593
1148,DS-090/Hemp_water_stress/train/water stress 6 days/ryb_C2_20250105_11_00.jpg,water stress 6 days,29975,d23d34ca8fedb0cfb6166104b75dee47cb678091efb7c94adf9060298e7a6623,13889295576201142175,11585085163592248535,18410573987283144449
1149,DS-090/Hemp_water_stress/train/water stress 6 days/ryb_C2_20250105_13_00.jpg,water stress 6 days,28455,dbb08cc3934f9d7d4fc4f4f4499d5b03d8b9d453afafbc6318c122ee1597a5af,9282183526097067935,11585085163592249043,18410573987283142401
1150,DS-090/Hemp_water_stress/train/water stress 6 days/ryb_C2_20250105_16_00.jpg,water stress 6 days,29178,9e0caa7c40db05ca0458fda39efe7930a18b7d53cf86ae5350ead4bfbc0dfeca,9282192597099454143,11585085163592428758,18446602784302106369
1151,DS-090/Hemp_water_stress/train/water stress 6 days/ryb_C2_20250106_13_00.jpg,water stress 6 days,34595,de9b5f6af4fe7f4dba01b36e3d01ba4330279a34f0d1f8475f1a0cd5e51472ff,16199562728029789887,9351575987829026768,9187131306806284033
1152,DS-090/Hemp_water_stress/train/water stress 6 days/ryb_C2_20250107_10_00.jpg,water stress 6 days,42152,88e1e7eadced1054c83f677274cdab0fe12772f8e88b6e4adaa105afee7f8060,18437560334017273759,11585361128162543568,9169116908296802049
1153,DS-090/Hemp_water_stress/train/water stress 6 days/ryb_C2_20250107_11_00.jpg,water stress 6 days,36950,37bc7c52b6fab298442d7a8f86761f8237ab7e26dc057f5f8a5d7194dceb3c17,16202635785772440507,9351575644265213904,9187131306806284033
1154,DS-090/Hemp_water_stress/train/water stress 6 days/ryb_C2_20250107_15_00.jpg,water stress 6 days,31976,8e933c0d060410c625217bb28eefeb2b569a5087ed5320d9dcc888dadf8f57c3,15626642352133619379,9351575644281990608,9187131306807332609
1155,DS-090/Hemp_water_stress/train/water stress 6 days/ryb_C2_20250107_16_00.jpg,water stress 6 days,32711,d0c8c775b9c279b6bd6171d469b3a47d26deca79eee5f9bd5bd01f243fdac2b3,17932327040145407675,9351576743743287248,9187131306806284033
1156,DS-090/Hemp_water_stress/train/water stress 6 days/ryb_C3_20250105_11_00.jpg,water stress 6 days,45948,1c6109f68da095a9d844cb1aca3364063d39732c1aa82c819ba5ecfdbf142778,4205760151375473451,13515372706211885186,18378996410056901377
1157,DS-090/Hemp_water_stress/train/water stress 6 days/ryb_C3_20250105_13_00.jpg,water stress 6 days,44821,2e13c371f7197d3d99df3f6f544876ba0f948c88a7221ea72795a3804be7c610,3323196474199342907,13515371542275748355,18378926040976130817
1158,DS-090/Hemp_water_stress/train/water stress 6 days/ryb_C3_20250106_09_00.jpg,water stress 6 days,38923,ea93012b98a3a8eb60427d9783b546317f0f30171e47ccade084ed8f4d1f3a9b,3484970965737171771,13528865595080437959,18379189916050329345
1159,DS-090/Hemp_water_stress/train/water stress 6 days/ryb_C3_20250106_10_00.jpg,water stress 6 days,47047,da8b81f6c661304ae25c6fe8200695eb3c52e6bbdd6321fe7a23c6e66a723821,4205621784778537771,13515355079666622914,18379172322915320065
1160,DS-090/Hemp_water_stress/train/water stress 6 days/ryb_C3_20250106_11_00.jpg,water stress 6 days,46117,de2530654cca27957c77f46a44683d9e1fb45b35c6ef7160cffb10e25ea5992a,3629160894969118507,13515372654672274882,18379172331513643777
1161,DS-090/Hemp_water_stress/train/water stress 6 days/ryb_C3_20250106_14_00.jpg,water stress 6 days,45563,1d9b702b32254044c0c380c95bf690505b1c68fea2520b33d3c4bcdf403f94c5,2764467567490727739,13533387001642218498,18378926041043240705
1162,DS-090/Hemp_water_stress/train/water stress 6 days/ryb_C3_20250106_16_00.jpg,water stress 6 days,46978,04a1a78a7bbb6a2a7be450a2ecfa91757731be6c74ce0e839ab07ba29bb4cfa8,2756024379081719611,13515371537980781063,18378925972256654081
1163,DS-090/Hemp_water_stress/train/water stress 6 days/ryb_C3_20250107_12_00.jpg,water stress 6 days,48787,8a256957f34540aca624fb4c1e26be910a193610209b6032ba16a146d2b1fbd0,2753983704687393851,13659486721825712901,18419458351890665345
1164,DS-090/Hemp_water_stress/train/water stress 6 days/ryb_C3_20250107_13_00.jpg,water stress 6 days,44608,df7ea8390b974a712f1eae484da0e01549b921959d3b6471e4f8209033876712,2755109604643979067,13659557090435688709,18419458351891711873
1165,DS-090/Hemp_water_stress/train/water stress 6 days/ryb_C3_20250107_15_00.jpg,water stress 6 days,45587,87e3b398b6041650318a58a1fec3bfba0ed4c8a439f37e79aa5cf4aec2fe3ff6,2756023848514846267,13659451537453640453,18419458385981933313
1166,DS-090/Hemp_water_stress/train/water stress 6 days/ryb_C3_20250107_17_00.jpg,water stress 6 days,45316,13996af2bbbee85c845014a99785b2d3db2615f6cc5cc78c4107ee474726b90c,3620714414467809067,13515371537981895170,18378926040841914113
1167,DS-090/Hemp_water_stress/train/water stress 6 days/ryb_C4_20250105_10_00.jpg,water stress 6 days,42688,4aaea8f3637250f174555cf5eca159d899e7653010ae9e0c9635825b8687e818,4296173851620347659,13372727247539227876,16125072425436308417
1168,DS-090/Hemp_water_stress/train/water stress 6 days/ryb_C4_20250105_14_00.jpg,water stress 6 days,41336,305ad3bfc0e289f88169899c4174e394e54114857477ef08462e9e78aec784b1,3935749541988863771,13300370595058773220,14972150920829461441
1169,DS-090/Hemp_water_stress/train/water stress 6 days/ryb_C4_20250106_10_00.jpg,water stress 6 days,41245,88d83d59b459ec69fcdeb911f95838d832a134d266dce5aefe18d7b333d5c820,1990330842406653723,13371583755580559076,16125081221529322433
1170,DS-090/Hemp_water_stress/train/water stress 6 days/ryb_C4_20250106_11_00.jpg,water stress 6 days,41961,ac1ea68e256a3ddb069c54b5de16808e8be204ca68b667ae1fbea273cf41d538,1413588615126519579,13371583755580559076,16125072425436308417
1171,DS-090/Hemp_water_stress/train/water stress 6 days/ryb_C4_20250107_09_00.jpg,water stress 6 days,52227,585888d2e20a6333d89a158fda905b9cd8535472b6e1a40a3dff20b90b79164d,3719291436611898651,12366155172022414576,16088838569631803265
1172,DS-090/Hemp_water_stress/train/water stress 6 days/ryb_C4_20250107_10_00.jpg,water stress 6 days,48125,ed00dc024c01d03601dc85d43e266e5afe2f46940c0cfe1cc10a89a2386f327b,1665935329794148251,13266734369538403492,16107055810723574721
1173,DS-090/Hemp_water_stress/train/water stress 6 days/ryb_C4_20250107_11_00.jpg,water stress 6 days,44330,f061aef07d3f7ee7f627b9ddf871d884c61c27f3fc5388b45caed919b3f1f2e9,1377142005836500635,13302921496361266336,15836842049286698945
1174,DS-090/Hemp_water_stress/train/water stress 6 days/ryb_C4_20250107_16_00.jpg,water stress 6 days,42028,7cb209fd3bb48b262d467c718111e4b5ddcd7546544bf66ef2a532785a50bed7,1666216804770844187,13300652104399285408,16125072287997354945
1175,DS-090/Hemp_water_stress/train/water stress 6 days/ryb_C5_20250105_09_00.jpg,water stress 6 days,52183,f05e0b459db69ee7259b9b9aef4350f484c40456b5f2ee3f73ef02e9f41692b5,1409939072505225103,17912900965119763591,18302004153410899904
1176,DS-090/Hemp_water_stress/train/water stress 6 days/ryb_C5_20250105_11_00.jpg,water stress 6 days,51572,657402640b085a0efcd0eeaa41eed4a9e6dbd31866108b5999c473f352fbcfb3,6021625090932678543,18056453203242198151,18446119308200495040
1177,DS-090/Hemp_water_stress/train/water stress 6 days/ryb_C5_20250105_14_00.jpg,water stress 6 days,49757,da74bbecf31106727f992a9c21f66853f58f3b3064c8e6db913f1d18489cdc9d,6309855467084390285,18058705003055883397,18446128104411219904
1178,DS-090/Hemp_water_stress/train/water stress 6 days/ryb_C5_20250105_15_00.jpg,water stress 6 days,51639,e95d830f16d057e30220b7b058566c05f37281e20e17e3841e66fedadce901ae,1698172755773431565,18056455402265453701,18446119307915282368
1179,DS-090/Hemp_water_stress/train/water stress 6 days/ryb_C5_20250105_16_00.jpg,water stress 6 days,53492,42721cf07f21d0493d59fd1f20862d600f6d4b9e82858edb4b9b088e49be7047,1229797295015272205,17912355615942321285,18446119307915282368
1180,DS-090/Hemp_water_stress/train/water stress 6 days/ryb_C5_20250106_09_00.jpg,water stress 6 days,46183,a09b9023b86b8791abcf49d1680a55856b13a7bdbfcdaea18f329d2203f4d7fa,1373910275486260381,18056455402265452679,18446128104293781440
1181,DS-090/Hemp_water_stress/train/water stress 6 days/ryb_C5_20250106_11_00.jpg,water stress 6 days,52600,fa350c0fbcb8369c3c4416ab559dde199cc5a47aeec8191efbb3e22c0ab65284,1229795087409422239,17912338049526080647,18446128104293517248
1182,DS-090/Hemp_water_stress/train/water stress 6 days/ryb_C5_20250106_13_00.jpg,water stress 6 days,53947,89809a2d4121263c9a119fbff38e854c692e7323c832f1075a2dce5f2dc1d045,1662142859241791247,17912340214189597831,18446119308200494016
1183,DS-090/Hemp_water_stress/train/water stress 6 days/ryb_C5_20250107_08_00.jpg,water stress 6 days,48466,1ecadda89e441c8fb7ef6ab9acd3a675988625073f4e5c0012c8cea03ba5c9fc,509219147559606287,13298402395948541063,18157615977196933056
1184,DS-090/Hemp_water_stress/train/water stress 6 days/ryb_C5_20250107_09_00.jpg,water stress 6 days,66605,4f0883411ebf2081b3819971cc80e79021629b0b9867f0d1344f71859480f06b,5120907302731652875,18051949603614844039,18445837832135364544
1185,DS-090/Hemp_water_stress/train/water stress 6 days/ryb_C5_20250107_11_00.jpg,water stress 6 days,55431,f28a16e6f7c7a6707fdc98e7db9e898c99c259a56bc58646ebe299729e53a5fb,5120905172705812235,17907834415538988175,18445846353482600384
1186,DS-090/Hemp_water_stress/train/water stress 6 days/ryb_C5_20250107_12_00.jpg,water stress 6 days,56013,ecde6dceee0602bc24ca1e4e14e1f3856c28dbec3a6096d94e1e6a9e8b672288,5156933964892937995,17907834415404770463,18435713530543196096
1187,DS-090/Hemp_water_stress/train/water stress 6 days/ryb_C5_20250107_14_00.jpg,water stress 6 days,58193,95e10734968c4a194fe95a69a9d5ce20ca7f36b8048efa3b17851e9794caa211,5156933895099719435,17907834415404770463,18444720729678399424
1188,DS-090/Hemp_water_stress/train/water stress 6 days/ryb_C5_20250107_15_00.jpg,water stress 6 days,60210,53c0f18fbc38e45d2e042aef017b1c33939f22a62d1e9fc534bed648d4cf4a03,7426751480446000911,13296148396104967327,18445002204655110080
1189,DS-090/Hemp_water_stress/train/water stress 6 days/ryb_C5_20250107_16_00.jpg,water stress 6 days,59827,8021fac2a92daf0fbae4d82b42ea57e144b8210437f3680a8c2f6800aca3040f,2815065462018613007,13296148439054640269,18445846629585242048
1190,DS-090/Hemp_water_stress/train/water stress 6 days/ryb_C5_20250107_17_00.jpg,water stress 6 days,59745,29ee4a1f8d3665305dec28299f29894d98b5036dbc8e71960ff797a900e9e84f,7426751480446000911,13296150639084512397,18437120903159728064
1191,DS-090/Hemp_water_stress/train/water stress 9 days/ryb_C1_20250108_08_00.jpg,water stress 9 days,25795,fcd9aaded996afb3dd50cc5d3b85cf5a86e8c642d4603a5b17c52957f4ebbcd9,5508100464914684967,11876675939537742978,18392454584473169793
1192,DS-090/Hemp_water_stress/train/water stress 9 days/ryb_C1_20250108_10_00.jpg,water stress 9 days,30185,185173ef9c6569b03efe14d0dfed9a002908daf630993bae7c4c61ca73acabb1,14731547818549271559,12795694057645369361,17239533079874711425
1193,DS-090/Hemp_water_stress/train/water stress 9 days/ryb_C1_20250108_12_00.jpg,water stress 9 days,29918,bf28d5a88d9e049624f46c02abcc5cec736a1bc022e957b2b675a9616ce02dbb,10982301059972553735,12797119024850214929,14969718318058385281
1194,DS-090/Hemp_water_stress/train/water stress 9 days/ryb_C1_20250108_13_00.jpg,water stress 9 days,30430,4467ba262a421c58920168b2d66244077f9041c9e9b53288246d3e84ede3303d,10982292538766744591,12797119024582303761,14969718318050021249
1195,DS-090/Hemp_water_stress/train/water stress 9 days/ryb_C2_20250108_08_00.jpg,water stress 9 days,29575,86c6ce9fac78b4c648edd7de9c8a3b062e5e2f878272312ef983abce6dd8bda4,17347998482358443199,9279501570405855175,9187272181733592833
1196,DS-090/Hemp_water_stress/train/water stress 9 days/ryb_C2_20250108_10_00.jpg,water stress 9 days,37254,87a29375f8a0da469c111e28befd26687cf44363a81139080fb5e0ae18d49776,13590833914045185983,9279518118948859777,9187131168293588737
1197,DS-090/Hemp_water_stress/train/water stress 9 days/ryb_C2_20250108_11_00.jpg,water stress 9 days,34001,1452067c7fcc91fe468f92d59ceb8e5446b58b98dec49fb969ac3ee04b266aee,16186448801408465843,9279518050244063184,9187131306806284033
1198,DS-090/Hemp_water_stress/train/water stress 9 days/ryb_C2_20250108_12_00.jpg,water stress 9 days,31306,14137fd1e292bf154fee7866ef6f477f12c60cde1b7921a76a22421b49189533,11574480160610500147,9279518127553471440,9187201675553605377
1199,DS-090/Hemp_water_stress/train/water stress 9 days/ryb_C2_20250108_13_00.jpg,water stress 9 days,33073,367ac81c14cc0019ff1dae603b58bb5efdad1b3a835f6483dada424cab9f3d20,12155453425437359667,9278392227646628820,9187201674477766401
1200,DS-090/Hemp_water_stress/train/water stress 9 days/ryb_C2_20250108_17_00.jpg,water stress 9 days,33892,a2f894138b3b6eb8186fafa8dccdf95350fd7c3c14c48452878b2073e5058cac,15337123073493024443,9279519149705293779,9187131168294637313
1201,DS-090/Hemp_water_stress/train/water stress 9 days/ryb_C2_20250109_17_00.jpg,water stress 9 days,32452,b1a606807a5d1f63b7d91cc0585b51a93f916a3fec9d4f7a37fd06c3813c68d2,15046641498806271667,9855962309822672851,9187131168294637313
1202,DS-090/Hemp_water_stress/train/water stress 9 days/ryb_C2_20250110_08_00.jpg,water stress 9 days,28578,e9794f3848de4dbe0a24f88714544ec6af438c233210c453c11f06fd150b368f,17311899316595301563,9858231714656055175,9223265793307774721
1203,DS-090/Hemp_water_stress/train/water stress 9 days/ryb_C2_20250110_09_00.jpg,water stress 9 days,36448,daa99fe1a5d90a48ade8e148204d7fda2452f2076bcca3af898b557a1cdedd47,14159432388350623419,9646562802728308611,9223159966388389633
1204,DS-090/Hemp_water_stress/train/water stress 9 days/ryb_C2_20250110_10_00.jpg,water stress 9 days,38693,6190a740b945c15e4278e9878912651c64acd2e72678504bbbcde096db566dc7,13591687135067160119,12448926356691969936,9223160102217780993
1205,DS-090/Hemp_water_stress/train/water stress 9 days/ryb_C2_20250110_12_00.jpg,water stress 9 days,32348,92d190b06ed9ec5809f5dddb50bf9ef4507657cb0505d2cb4d3506199734cfc1,13880305599648412215,10219644472457651088,9223230472572575489
1206,DS-090/Hemp_water_stress/train/water stress 9 days/ryb_C2_20250110_14_00.jpg,water stress 9 days,28483,9deabc7aae64e83dab1bd13e2196466d376049b0181bb46b05b142e58ee6eee9,12734166372304551479,9282900216730050974,9223230471498833665
1207,DS-090/Hemp_water_stress/train/water stress 9 days/ryb_C3_20250108_13_00.jpg,water stress 9 days,47065,4057f6293b6e7bc34fb2020b12d474d16aa952d7755b1ee608dbf0d4ea248a6f,3186043426014969659,13300959031099335556,17861011205670537089
1208,DS-090/Hemp_water_stress/train/water stress 9 days/ryb_C3_20250108_14_00.jpg,water stress 9 days,42683,35a95ca3cbc654a3d2731b49995b2ce4bc355af721abd043720cc00eefea90b4,3329319682423799611,13318973429608817028,17870019229558998913
1209,DS-090/Hemp_water_stress/train/water stress 9 days/ryb_C3_20250109_11_00.jpg,water stress 9 days,48703,12f8d88f5461b3df6c8eff4fc62b7746faa9d58d080c4f99d91dfa2da4aba90a,2467723653372657211,13371326699335463689,18414945988516480897
1210,DS-090/Hemp_water_stress/train/water stress 9 days/ryb_C3_20250109_12_00.jpg,water stress 9 days,48065,18d05b5debbf4043509ca1e70881327922735adfab683e423a72ca26c5d07fd5,2755954055353089851,13373015527771218693,18419457834472408961
1211,DS-090/Hemp_water_stress/train/water stress 9 days/ryb_C3_20250109_13_00.jpg,water stress 9 days,45939,3e4abe8b2ca33c7ebaadf850b3a372bd352daf8ff8fc3b7e9138495bd229ba47,3330163012137336635,13300959031099335556,17861011205670537089
1212,DS-090/Hemp_water_stress/train/water stress 9 days/ryb_C3_20250110_08_00.jpg,water stress 9 days,43762,1d7ccf71315d04a6d6bbbc3d89096915a8ec3ffa45aa6b4350f1bd9b670f32f2,3476654339371401019,13533387053182313986,18376665580427480833
1213,DS-090/Hemp_water_stress/train/water stress 9 days/ryb_C3_20250110_09_00.jpg,water stress 9 days,49791,2bbc26ac8711599eafc8c1ab3893e578e55b53fc51ddf860c5f6a4bd2b409fca,3620503991670897707,13534511909425193472,18414946176119803649
1214,DS-090/Hemp_water_stress/train/water stress 9 days/ryb_C3_20250110_10_00.jpg,water stress 9 days,48450,ea34a5b5a6a117489df7a44651b2188532011be1291b6e3bd6f275e1bca7a8d6,3185766349604862779,13301240505933439878,17870019229621913473
1215,DS-090/Hemp_water_stress/train/water stress 9 days/ryb_C3_20250110_13_00.jpg,water stress 9 days,41570,3f76fc99b9162bbd34941247a9782e20724b01a9cbfcae635f834559ac75a9cc,11108744450838314547,13371591653697594268,17293575244871075713
1216,DS-090/Hemp_water_stress/train/water stress 9 days/ryb_C3_20250110_15_00.jpg,water stress 9 days,40091,82f1a08891617c3da7a96df4885c8a9e6cd0154468ec9ed323707e2fe069aee7,10317529295027518003,13533439765306221460,17293557652685033345
1217,DS-090/Hemp_water_stress/train/water stress 9 days/ryb_C3_20250110_17_00.jpg,water stress 9 days,44347,128be7dd1f8c6ca7e049d248e7f22fd2465303802313b5463ffc47a4de5b3a9d,3258103219596115771,13300959030965117844,17870018404988454785
1218,DS-090/Hemp_water_stress/train/water stress 9 days/ryb_C4_20250108_09_00.jpg,water stress 9 days,52058,f9d5ee05cc6aff3a1902bb778688f50423a72c519b9620d7559f3dae0ded7dab,12798552133643734299,13443641357638266096,16089043628550383488
1219,DS-090/Hemp_water_stress/train/water stress 9 days/ryb_C4_20250108_10_00.jpg,water stress 9 days,46921,df210fe9961237bc03b06127dd8b75bb400499bc2d7eca64737a8c69d7cfb44b,1702245601789822875,17914308378911141024,15836842049284470721
1220,DS-090/Hemp_water_stress/train/water stress 9 days/ryb_C4_20250108_13_00.jpg,water stress 9 days,42525,4e1b69b8ed79f479380f168dfd158dced39f5a2093187b312d3f81af19a68160,3972059504746891035,13300370629389544612,16124931533333324737
1221,DS-090/Hemp_water_stress/train/water stress 9 days/ryb_C4_20250108_15_00.jpg,water stress 9 days,42341,46e1cc841c34bdf0a8056beaa8afcf7d1e1f52cb1f769bba47699e55e08b6317,1593314785802784539,13300370629423099040,16125071995938530241
1222,DS-090/Hemp_water_stress/train/water stress 9 days/ryb_C4_20250108_16_00.jpg,water stress 9 days,42561,6088551de968a59574d8fe3200715270ae439ccbfe55c9cf0728cecd0e1dbdbe,1665372379840710427,13300370629423099040,16125071995938530241
1223,DS-090/Hemp_water_stress/train/water stress 9 days/ryb_C4_20250109_09_00.jpg,water stress 9 days,21760,80cf03eceb2bd3cf19e452ea134dbe90989bec821d3cdaeb68f6f36428e40716,1196992516707388571,17407934929896433813,16127390196088436673
1224,DS-090/Hemp_water_stress/train/water stress 9 days/ryb_C4_20250109_11_00.jpg,water stress 9 days,43689,22e4a700433ee63d6d1f0d98c483b977309b28f8c8e6ecb3a5c1065f1bf88813,1701964126813095707,13301778004306651296,16125072287997223873
1225,DS-090/Hemp_water_stress/train/water stress 9 days/ryb_C4_20250109_13_00.jpg,water stress 9 days,43167,c673a1e9dd02167c2254d11052371d5692c30896da365674b764f325080e98da,1666216495533197083,13300370629389543589,14683779652573717441
1226,DS-090/Hemp_water_stress/train/water stress 9 days/ryb_C4_20250109_16_00.jpg,water stress 9 days,39694,db747806f90387981f03c2ca8de20de594752d67a63bb571835072bae4aae311,1666216529892937499,13300652104399808672,16125071995938530241
1227,DS-090/Hemp_water_stress/train/water stress 9 days/ryb_C4_20250110_08_00.jpg,water stress 9 days,34996,e4dc5cebbd469eeba7b9c4740efe4ef2983c0d2ec4e34034fac3cb619e96a17a,1557844542838212123,13301777969946519776,16125072425436309441
1228,DS-090/Hemp_water_stress/train/water stress 9 days/ryb_C4_20250110_10_00.jpg,water stress 9 days,46551,9ed3fffd8bc76b5ebd99ee3a1b51de508cb5aef0ba27440e670073f8ff878e00,1665935020556502419,13273489704689166497,14089304191450480577
1229,DS-090/Hemp_water_stress/train/water stress 9 days/ryb_C4_20250110_12_00.jpg,water stress 9 days,39653,1ff89435b83520d895156ca60605c5eec503b7e3ae939a6e4939e02ce76cd774,3899992032267931539,13300372763989796018,9480015384456456129
1230,DS-090/Hemp_water_stress/train/water stress 9 days/ryb_C4_20250110_14_00.jpg,water stress 9 days,34506,6c02ab52c5dbe3d2bb12dbce39f0d0e72729c9704c190bb107471b84af6bb851,3899993131796336403,13300370633686016179,15550867681078141889
1231,DS-090/Hemp_water_stress/train/water stress 9 days/ryb_C4_20250110_15_00.jpg,water stress 9 days,40296,eca1a94488f06da7f3bb513e03eefa97ed6fc6e7d84ec589d8b656bb91a216ca,3972059521927286555,13300370633683921063,15838952921694987201
1232,DS-090/Hemp_water_stress/train/water stress 9 days/ryb_C5_20250108_08_00.jpg,water stress 9 days,48448,d8ce7c8f2db15751cb9aebdb00b27d5c557fbe8e8712bf72b11b7caf4d898115,4688559608201877515,13440263593777389711,18004493589866336192
1233,DS-090/Hemp_water_stress/train/water stress 9 days/ryb_C5_20250108_09_00.jpg,water stress 9 days,61746,76fed272239d33bf5f9aba4ed2de8e1e39ed416cb4c0765717e661f3a2a6742d,4832674727557733135,17907834449898758285,18436839155438964672
1234,DS-090/Hemp_water_stress/train/water stress 9 days/ryb_C5_20250108_10_00.jpg,water stress 9 days,61562,162a8822e721ba71caedd968633c2779488ecb171e0b9a4acc9e391598ccb292,6309857604635400463,17907834449831616655,18436839430447943616
1235,DS-090/Hemp_water_stress/train/water stress 9 days/ryb_C5_20250108_12_00.jpg,water stress 9 days,54362,410e92b4a6579160a3f46d4ca9837c82767dd40611c408920ea39d9ad7971cfd,5084876292605812491,17908397365425291423,18435995005400174528
1236,DS-090/Hemp_water_stress/train/water stress 9 days/ryb_C5_20250108_13_00.jpg,water stress 9 days,60916,7d11b5610fdec81c79d6f55053a452c9e8f132efdfcea50b7cf324ef568080bc,5084873002660863755,18052512561017208991,18435995005433726912
1237,DS-090/Hemp_water_stress/train/water stress 9 days/ryb_C5_20250108_14_00.jpg,water stress 9 days,52756,e88ac9db6c99ebdadfa638ec25d688d8885223d28e1d3bf31693e265fe130594,5084872994070798111,17908397364351421087,18436012597619771328
1238,DS-090/Hemp_water_stress/train/water stress 9 days/ryb_C5_20250108_15_00.jpg,water stress 9 days,56425,9225a2a54d1c94e267c34ff109782c78a1c3a550449d9fbfd398fe1ec3326d7c,5084876292610137887,13296148438920284831,18435995005433792448
1239,DS-090/Hemp_water_stress/train/water stress 9 days/ryb_C5_20250108_17_00.jpg,water stress 9 days,59817,2d03b6c643973e0bcad7c6891233b8b39fad667a25f8731605e2d6300436fcff,8579672983979106063,13296148439054639247,18436839430330501056
1240,DS-090/Hemp_water_stress/train/water stress 9 days/ryb_C5_20250109_09_00.jpg,water stress 9 days,43727,04730029289b7a7b3d6cb59c98c91b5e822782803acaf51c6407bf5d6eca4dd2,1229795090354804763,17907836614562242703,18445881814094434240
1241,DS-090/Hemp_water_stress/train/water stress 9 days/ryb_C5_20250109_10_00.jpg,water stress 9 days,54752,b3d357fb2b6a36c63fd7990e8438cc46d86ca5f564a3bb035043f3318d579785,5985596295783849743,13300652031098577055,18436839430464718785
1242,DS-090/Hemp_water_stress/train/water stress 9 days/ryb_C5_20250109_11_00.jpg,water stress 9 days,55251,32c116a0e03abbd8258df05c4d8fbfaf3fa2c10fecefe9ac2cf2d0257200b763,5985596227198590735,17912338049525899423,18436839430330501056
1243,DS-090/Hemp_water_stress/train/water stress 9 days/ryb_C5_20250109_12_00.jpg,water stress 9 days,59349,32363313324ffb32512c334138ff04b5b8bed898408b78500e8194b927feacda,6201769077494849291,17908397407301091487,18435748714829170624
1244,DS-090/Hemp_water_stress/train/water stress 9 days/ryb_C5_20250109_13_00.jpg,water stress 9 days,60406,8917065bff2c8aaf58e9553dfebd205f5cc78e216bb5da6b51849ef1dfc1a5d2,7354687214851268383,18052477410971241119,18436030189805881280
1245,DS-090/Hemp_water_stress/train/water stress 9 days/ryb_C5_20250109_15_00.jpg,water stress 9 days,57472,32e37226c6e4864151d78adff1582aa1bdcd7fe7e0f31be240f7058eb63d860f,7967739705604381983,13440791392810322591,18445000005661083584
1246,DS-090/Hemp_water_stress/train/water stress 9 days/ryb_C5_20250109_16_00.jpg,water stress 9 days,58221,0705983a41e64495224d66b0aa935cbf7e47a93e337d6121d3191502f881c370,6778226462547844639,13440228442892421791,18435995005429598144
1247,DS-090/Hemp_water_stress/train/water stress 9 days/ryb_C5_20250109_17_00.jpg,water stress 9 days,60551,324f1cdaf1d54205bc5e3f578e2972d6a4b22dc4aebcc68b14ccd5a3d4bbbae0,8039238756791033631,13440228442758267551,18435713530457016256
1248,DS-090/Hemp_water_stress/train/water stress 9 days/ryb_C5_20250110_09_00.jpg,water stress 9 days,63633,ba1f0be0bdc063c2f4030047f98f7c3a3ecc3d98fe572a76ff76a74fd876c3d2,4004013490398501647,18051914453535252639,18435748714799288256
1249,DS-090/Hemp_water_stress/train/water stress 9 days/ryb_C5_20250110_10_00.jpg,water stress 9 days,62787,cf721bbe1fccd941382ce447c2a1f098469bf4c5ec2a05154c0bd52566cc1b92,6201770108291488019,18052477410971241119,18413192233787903936
1250,DS-090/Hemp_water_stress/train/water stress 9 days/ryb_C5_20250110_11_00.jpg,water stress 9 days,56557,db8dc281e1d5a92f2e7c06a1504293d44d22294a947b6ac3035790a597ee2cd9,8508312398377229599,13443043192624007837,18436045582964475840
1251,DS-090/Hemp_water_stress/train/water stress 9 days/ryb_C5_20250110_13_00.jpg,water stress 9 days,58658,92fa9f438ae911d534e025972c03a2d432c4ba976ee73b5241d1304aa1c98d17,8004747072246094747,13368733834176326409,18446702188173705664
1252,DS-090/Hemp_water_stress/train/water stress 9 days/ryb_C5_20250110_14_00.jpg,water stress 9 days,57787,7bebf6a3aa824ba0cfec221399d96a2771457fddb9aa8e389d4026f7411d2196,8004747140965800731,13368736032124791353,18446702050801861056
1253,DS-090/Hemp_water_stress/train/water stress 9 days/ryb_C5_20250110_15_00.jpg,water stress 9 days,61138,859264908d353c8c5af3a4f293c5c30181a00443473ef3230430afb0d9de250b,3392216628887493535,13512851357707684376,18446702049660879296
1254,DS-090/Hemp_water_stress/train/water stress 9 days/ryb_C5_20250110_17_00.jpg,water stress 9 days,61056,94d5ee5534c441287f53cf4d73cee8b5e4127f57bab3d8a7ac3d2e7d49260ef7,7967739714194349343,13440791392810323613,18436027990778431424
1255,DS-165/DS-165_Polyphagotarsonemus_latus_USDA_BARC.jpg,DS-165,1845677,011b6d31db0c33b61a0ac2ad85bd9abe41608a485184d02c6537d1fa7f3e9a7f,11810382419253997389,10844788219035697866,231794501805408512
